date,open,high,low,close,volume
2010-01-01,100.21,101.54,98.97,101.02,836295
2010-01-04,100.70,101.32,100.08,101.14,301652
2010-01-05,101.95,101.96,101.94,101.96,299476
2010-01-06,102.76,104.03,101.64,102.37,218957
2010-01-07,101.61,102.91,101.24,102.28,588038
2010-01-08,101.76,103.04,101.06,102.80,293079
2010-01-11,103.70,104.07,102.53,103.91,605923
2010-01-12,103.74,105.10,102.37,102.47,912212
2010-01-13,101.49,102.05,100.52,101.85,582657
2010-01-14,102.34,103.21,102.19,102.23,673712
2010-01-15,101.81,102.14,101.48,101.56,320476
2010-01-18,101.31,101.39,101.09,101.24,160189
2010-01-19,101.69,103.17,100.39,100.70,517825
2010-01-20,100.21,100.42,98.87,99.77,130560
2010-01-21,98.95,99.80,97.88,99.21,240329
2010-01-22,99.32,99.91,98.82,99.00,571075
2010-01-25,98.66,98.85,98.55,98.70,612304
2010-01-26,98.39,98.86,97.33,97.41,580821
2010-01-27,97.98,98.31,97.76,97.91,594634
2010-01-28,98.43,99.70,97.62,98.96,459728
2010-01-29,99.94,100.71,98.95,99.12,601066
2010-02-01,99.00,99.55,99.00,99.03,170451
2010-02-02,99.95,101.07,99.46,99.62,174806
2010-02-03,99.26,99.99,98.08,98.53,447217
2010-02-04,98.80,99.81,98.35,99.25,164570
2010-02-05,98.68,99.61,97.52,97.85,429605
2010-02-08,98.18,98.23,97.39,98.08,540455
2010-02-09,97.39,98.75,96.59,98.35,144913
2010-02-10,97.87,98.82,96.78,98.59,193385
2010-02-11,98.96,100.20,98.89,100.18,734139
2010-02-12,99.26,100.36,99.25,99.27,221550
2010-02-15,99.31,100.74,98.35,99.90,324716
2010-02-16,99.32,100.03,97.83,97.86,691632
2010-02-17,98.35,99.41,97.71,98.52,433379
2010-02-18,98.65,99.07,97.91,98.03,716089
2010-02-19,97.89,98.15,96.82,96.91,391943
2010-02-22,96.11,96.86,95.26,96.34,485775
2010-02-23,95.61,97.01,95.37,95.55,223502
2010-02-24,94.86,95.60,94.81,95.34,640107
2010-02-25,95.43,95.59,94.48,94.60,479732
2010-02-26,94.66,95.65,94.22,94.86,944386
2010-03-01,95.06,95.60,94.60,95.25,781174
2010-03-02,94.69,95.34,94.53,94.87,201536
2010-03-03,94.35,95.40,93.19,94.01,546869
2010-03-04,93.82,94.49,93.01,93.61,991086
2010-03-05,92.98,93.33,91.61,92.08,726184
2010-03-08,92.41,92.57,91.29,92.35,966745
2010-03-09,92.34,93.29,92.23,92.60,430874
2010-03-10,93.49,94.39,92.87,93.27,870643
2010-03-11,94.13,94.57,93.68,94.25,828506
2010-03-12,93.35,93.91,92.37,92.68,937874
2010-03-15,93.46,94.76,92.11,94.30,900384
2010-03-16,95.15,96.39,94.13,96.31,735689
2010-03-17,96.95,97.63,96.83,96.92,347721
2010-03-18,96.86,98.24,96.42,96.46,816839
2010-03-19,95.78,96.82,94.85,94.91,822815
2010-03-22,94.84,95.56,94.55,95.40,298648
2010-03-23,95.81,96.68,95.13,96.44,819162
2010-03-24,95.90,97.07,94.79,96.74,404756
2010-03-25,96.26,97.51,95.09,95.42,821688
2010-03-26,95.42,96.66,94.62,95.49,446770
2010-03-29,95.73,97.16,94.60,95.51,527670
2010-03-30,94.94,95.77,94.17,95.06,308142
2010-03-31,94.87,95.37,94.74,95.04,427142
2010-04-01,95.23,96.08,94.60,94.71,650081
2010-04-02,94.34,94.88,93.04,93.76,940760
2010-04-05,93.96,94.61,93.80,93.83,745986
2010-04-06,94.08,94.52,93.49,93.78,952481
2010-04-07,93.03,93.38,92.52,92.53,166446
2010-04-08,91.66,92.72,90.55,92.64,708448
2010-04-09,92.64,93.21,91.39,92.84,463123
2010-04-12,92.14,92.46,91.80,92.36,125119
2010-04-13,91.44,91.69,90.55,91.13,982293
2010-04-14,91.68,92.08,90.63,90.89,226103
2010-04-15,91.29,91.62,90.78,91.20,878600
2010-04-16,92.02,92.25,91.03,92.24,177336
2010-04-19,93.10,94.06,92.46,93.51,459502
2010-04-20,94.13,94.37,93.88,94.00,595430
2010-04-21,93.45,94.59,92.77,93.72,833424
2010-04-22,93.41,93.83,93.30,93.78,642578
2010-04-23,93.46,93.88,93.30,93.55,589554
2010-04-26,94.17,94.93,93.52,94.01,756598
2010-04-27,94.93,96.27,94.32,94.33,773825
2010-04-28,94.16,95.17,93.92,94.15,444220
2010-04-29,94.60,95.61,94.04,95.03,973757
2010-04-30,95.23,96.50,94.12,95.62,604540
2010-05-03,96.02,96.15,95.76,96.10,714612
2010-05-04,96.66,97.84,96.08,97.21,540451
2010-05-05,97.79,98.49,97.22,97.67,874463
2010-05-06,97.52,98.14,96.86,96.95,343009
2010-05-07,96.76,97.99,96.73,97.15,785123
2010-05-10,96.51,96.71,95.80,96.42,512130
2010-05-11,96.34,96.41,95.02,95.77,848596
2010-05-12,95.81,96.13,94.88,95.39,366183
2010-05-13,94.63,95.98,94.37,95.87,248512
2010-05-14,96.37,97.48,95.57,97.40,991415
2010-05-17,97.16,97.84,95.97,97.01,351201
2010-05-18,97.59,98.74,97.55,97.71,362483
2010-05-19,98.66,99.23,97.92,99.19,900929
2010-05-20,100.01,101.04,99.92,100.83,345789
2010-05-21,100.25,101.23,99.11,99.24,412774
2010-05-24,99.11,100.19,98.80,99.46,282595
2010-05-25,99.89,100.85,99.30,99.60,288283
2010-05-26,99.00,99.09,98.01,98.95,687666
2010-05-27,98.84,99.53,97.68,98.23,394957
2010-05-28,98.61,99.03,97.75,98.29,282212
2010-05-31,98.00,99.04,96.84,98.13,561239
2010-06-01,98.22,99.03,98.15,98.80,641681
2010-06-02,98.21,99.63,98.08,98.22,936561
2010-06-03,98.21,98.65,97.38,98.28,624693
2010-06-04,98.80,99.01,98.57,98.79,751843
2010-06-07,99.49,100.54,98.82,98.85,135357
2010-06-08,98.53,99.69,97.19,98.04,225142
2010-06-09,97.64,97.78,96.47,96.72,425257
2010-06-10,97.56,98.33,97.03,98.00,369580
2010-06-11,98.70,98.77,98.34,98.35,802529
2010-06-14,98.76,99.69,98.74,99.68,853736
2010-06-15,98.81,99.36,97.54,97.84,410286
2010-06-16,98.28,98.55,97.59,97.93,370439
2010-06-17,98.07,98.51,96.85,98.46,696323
2010-06-18,99.44,99.83,98.73,99.03,266359
2010-06-21,99.21,99.34,98.62,99.31,809768
2010-06-22,99.32,99.60,98.47,99.41,218569
2010-06-23,98.62,99.25,97.48,98.56,597666
2010-06-24,97.86,98.65,97.02,97.44,130094
2010-06-25,98.00,98.20,97.17,97.18,629526
2010-06-28,97.12,97.24,96.86,97.08,214588
2010-06-29,97.21,98.59,96.14,97.50,673815
2010-06-30,97.71,97.86,96.43,96.50,660910
2010-07-01,96.67,98.12,96.63,97.23,997565
2010-07-02,96.94,97.02,95.95,96.42,974879
2010-07-05,96.29,97.63,95.76,97.16,530651
2010-07-06,96.64,96.76,96.63,96.64,579624
2010-07-07,97.40,97.97,96.50,97.84,185531
2010-07-08,97.61,98.12,97.29,97.84,602278
2010-07-09,97.00,97.50,96.98,97.17,129978
2010-07-12,97.92,98.88,97.15,97.22,848839
2010-07-13,97.75,98.48,97.62,98.47,764141
2010-07-14,98.52,99.73,97.34,99.28,920876
2010-07-15,99.56,99.62,98.40,99.37,724644
2010-07-16,100.00,100.79,98.58,99.42,460712
2010-07-19,99.47,100.74,98.32,100.01,331858
2010-07-20,100.56,101.47,99.73,101.35,797600
2010-07-21,101.85,102.52,101.74,101.77,390866
2010-07-22,100.97,102.04,100.60,100.87,515937
2010-07-23,100.42,101.43,99.39,100.62,893446
2010-07-26,99.61,99.82,98.91,99.73,709474
2010-07-27,99.64,99.64,98.41,98.85,281456
2010-07-28,99.12,100.33,98.36,99.53,787177
2010-07-29,99.75,99.77,98.58,98.74,397455
2010-07-30,98.74,100.09,98.01,98.51,260802
2010-08-02,98.04,99.22,97.62,97.93,418193
2010-08-03,97.56,98.43,96.38,97.55,680059
2010-08-04,98.08,98.38,97.78,98.17,196440
2010-08-05,98.74,99.80,97.76,97.85,395238
2010-08-06,98.73,99.17,97.81,97.84,360759
2010-08-09,97.62,98.30,96.47,97.44,509486
2010-08-10,96.98,97.02,96.65,96.68,893729
2010-08-11,97.33,97.79,97.15,97.23,399534
2010-08-12,97.74,97.97,97.28,97.67,810069
2010-08-13,98.01,98.38,96.72,96.75,688790
2010-08-16,96.99,97.73,96.76,96.89,615852
2010-08-17,97.31,97.54,96.84,97.53,153454
2010-08-18,98.48,99.76,97.99,99.47,633176
2010-08-19,98.74,100.19,97.72,99.60,294289
2010-08-20,99.74,100.19,98.70,98.94,626368
2010-08-23,98.12,99.29,97.30,97.56,966689
2010-08-24,98.02,99.13,97.43,98.72,601545
2010-08-25,98.70,98.85,97.79,98.79,292555
2010-08-26,99.07,100.31,97.68,98.27,485952
2010-08-27,99.16,99.28,97.89,97.99,110568
2010-08-30,97.84,99.00,96.84,97.47,106289
2010-08-31,97.24,98.20,96.86,98.15,231652
2010-09-01,98.90,99.36,97.65,99.27,966626
2010-09-02,98.44,98.81,97.67,97.70,444357
2010-09-03,98.25,99.56,98.03,98.24,455640
2010-09-06,98.85,99.52,98.45,98.53,196191
2010-09-07,99.17,99.30,99.16,99.21,339768
2010-09-08,98.95,98.97,97.94,98.53,349780
2010-09-09,99.46,100.04,98.49,99.01,438603
2010-09-10,98.59,99.06,97.36,97.83,459304
2010-09-13,96.88,97.73,95.47,96.51,716469
2010-09-14,96.01,96.94,95.28,96.24,619492
2010-09-15,97.12,98.50,97.09,97.12,217975
2010-09-16,98.03,98.38,97.35,97.47,146540
2010-09-17,97.02,97.86,95.82,97.34,926985
2010-09-20,98.07,99.43,97.49,99.01,105986
2010-09-21,98.83,100.05,98.52,100.02,342862
2010-09-22,99.30,100.32,98.04,98.57,646437
2010-09-23,98.26,98.68,96.95,98.59,131790
2010-09-24,97.63,97.67,96.97,97.03,779509
2010-09-27,97.15,98.53,97.02,98.38,588567
2010-09-28,97.80,98.78,96.87,98.29,808354
2010-09-29,98.41,98.45,97.74,97.92,475627
2010-09-30,97.72,98.83,96.78,98.00,798533
2010-10-01,97.32,97.97,96.97,97.59,237236
2010-10-04,98.28,99.46,97.58,98.44,447824
2010-10-05,99.05,99.91,97.73,99.88,848687
2010-10-06,99.68,100.88,98.85,99.28,630698
2010-10-07,99.65,100.51,98.90,100.31,397981
2010-10-08,100.38,100.53,99.39,100.34,246567
2010-10-11,100.32,100.65,99.28,99.50,108864
2010-10-12,99.40,99.58,97.95,98.87,471071
2010-10-13,99.32,99.71,98.62,99.65,447239
2010-10-14,99.60,100.21,99.33,99.75,451291
2010-10-15,99.96,101.28,98.58,99.78,903719
2010-10-18,99.45,99.70,98.69,99.09,723451
2010-10-19,99.17,99.35,98.65,98.78,415332
2010-10-20,98.63,98.65,97.36,97.44,337667
2010-10-21,98.11,99.22,97.18,97.42,624701
2010-10-22,96.56,97.92,95.18,96.76,563171
2010-10-25,96.15,96.27,95.81,96.05,610319
2010-10-26,95.31,95.59,94.91,95.49,140449
2010-10-27,95.43,95.99,94.11,95.59,109882
2010-10-28,95.13,95.87,93.77,94.89,478517
2010-10-29,94.29,95.61,93.27,93.93,415148
2010-11-01,94.86,95.84,94.38,95.18,652161
2010-11-02,96.03,96.13,95.78,96.09,105818
2010-11-03,96.40,96.83,95.99,96.67,590319
2010-11-04,96.79,97.34,96.03,96.34,372477
2010-11-05,96.70,97.21,96.54,97.10,686788
2010-11-08,97.23,98.25,96.61,97.76,348098
2010-11-09,98.17,98.44,97.55,97.87,283196
2010-11-10,98.03,99.35,97.45,98.48,888489
2010-11-11,97.91,98.55,96.83,98.52,535321
2010-11-12,97.97,99.07,96.63,98.63,866877
2010-11-15,97.88,98.16,96.71,97.25,754459
2010-11-16,97.17,97.39,96.96,97.27,904555
2010-11-17,97.96,98.85,96.57,98.48,840913
2010-11-18,98.03,98.60,98.03,98.43,349248
2010-11-19,98.42,99.15,98.15,98.94,947420
2010-11-22,98.61,99.83,97.44,98.26,778418
2010-11-23,97.79,97.93,96.94,97.03,765114
2010-11-24,97.28,97.98,96.37,97.69,278137
2010-11-25,98.29,98.49,98.18,98.48,802610
2010-11-26,98.96,99.64,97.65,98.81,826112
2010-11-29,99.78,100.23,98.93,99.08,943885
2010-11-30,98.85,99.15,98.71,98.75,216873
2010-12-01,98.28,98.83,97.03,97.70,614746
2010-12-02,97.25,97.47,96.49,97.18,462535
2010-12-03,98.06,99.13,97.55,98.65,776998
2010-12-06,98.90,99.37,97.47,98.03,669117
2010-12-07,97.64,97.89,96.33,97.80,454965
2010-12-08,98.23,99.02,97.45,97.48,579721
2010-12-09,97.08,97.97,96.93,97.85,715224
2010-12-10,98.45,99.17,97.90,98.22,344402
2010-12-13,98.60,100.02,97.52,99.50,552503
2010-12-14,99.22,99.52,98.33,99.17,764606
2010-12-15,99.05,100.24,97.69,98.87,269069
2010-12-16,98.33,98.68,97.27,97.57,953387
2010-12-17,96.95,98.19,96.85,97.76,322647
2010-12-20,97.61,97.99,96.33,96.84,611101
2010-12-21,96.36,96.94,95.49,96.91,860743
2010-12-22,96.02,96.66,95.16,96.16,387422
2010-12-23,96.14,97.38,94.83,95.42,253225
2010-12-24,95.93,96.57,95.64,96.24,414831
2010-12-27,95.62,96.61,94.88,95.51,741387
2010-12-28,95.31,95.40,94.24,94.66,388419
2010-12-29,94.68,95.09,93.88,93.95,558444
2010-12-30,94.16,94.58,93.67,94.45,741907
2010-12-31,93.88,94.89,93.85,94.43,900918
2011-01-03,95.32,95.50,94.09,94.27,942114
2011-01-04,94.36,94.57,94.14,94.49,358503
2011-01-05,95.01,95.85,94.97,95.81,851589
2011-01-06,94.99,95.85,94.67,95.11,606989
2011-01-07,95.04,95.94,94.39,94.98,573321
2011-01-10,95.15,95.85,94.36,94.56,814747
2011-01-11,94.58,95.22,93.35,94.43,355260
2011-01-12,94.18,94.32,94.15,94.30,203990
2011-01-13,93.71,94.39,92.79,92.90,201135
2011-01-14,92.93,93.32,92.79,93.04,374046
2011-01-17,93.37,94.48,93.29,94.25,180944
2011-01-18,93.52,94.23,92.97,93.09,826489
2011-01-19,92.69,93.24,92.50,92.71,314739
2011-01-20,93.30,94.47,93.13,93.83,261078
2011-01-21,93.27,94.11,93.00,93.67,333707
2011-01-24,93.78,93.79,93.37,93.75,824096
2011-01-25,93.46,94.06,92.12,92.14,950508
2011-01-26,91.49,92.15,91.21,91.81,647327
2011-01-27,92.16,92.59,90.83,91.41,435321
2011-01-28,92.30,92.70,91.13,92.01,764078
2011-01-31,91.38,92.43,91.35,92.24,493987
2011-02-01,91.96,93.32,90.88,91.62,650629
2011-02-02,91.29,91.65,89.95,91.61,920529
2011-02-03,91.99,92.16,91.04,91.16,547725
2011-02-04,91.83,93.02,91.30,91.91,649014
2011-02-07,91.71,92.79,91.24,91.38,212000
2011-02-08,91.19,91.75,90.01,91.14,444909
2011-02-09,90.32,91.37,90.05,90.60,563919
2011-02-10,90.63,91.68,90.15,90.88,372031
2011-02-11,90.88,91.76,89.97,91.34,125988
2011-02-14,92.14,92.99,91.33,92.17,590798
2011-02-15,92.49,93.53,91.51,92.60,469663
2011-02-16,93.11,93.64,92.28,93.28,872257
2011-02-17,92.81,93.24,92.18,93.17,866790
2011-02-18,93.77,94.21,92.88,93.74,545481
2011-02-21,93.44,94.20,92.05,92.06,935568
2011-02-22,91.43,92.30,91.36,91.41,519803
2011-02-23,91.09,92.34,90.41,92.24,593659
2011-02-24,93.10,93.27,92.85,93.17,724619
2011-02-25,93.55,94.22,92.65,93.90,901728
2011-02-28,93.30,94.24,93.12,93.36,611275
2011-03-01,92.57,93.74,91.61,93.18,755729
2011-03-02,92.34,93.25,91.62,93.06,541669
2011-03-03,92.48,92.96,91.75,92.53,634790
2011-03-04,92.12,92.75,91.58,92.56,485068
2011-03-07,91.71,92.50,90.34,92.03,723136
2011-03-08,92.44,92.59,91.43,91.72,457473
2011-03-09,91.25,91.66,91.19,91.58,338731
2011-03-10,91.32,91.99,90.30,91.75,215970
2011-03-11,91.60,91.75,90.32,91.28,289303
2011-03-14,91.46,91.84,91.36,91.47,200820
2011-03-15,92.15,92.36,91.08,91.52,545179
2011-03-16,90.94,91.28,89.61,90.99,542444
2011-03-17,91.87,93.20,91.02,91.75,312914
2011-03-18,91.85,92.16,91.21,91.22,430014
2011-03-21,91.38,92.48,90.04,90.29,997552
2011-03-22,89.65,89.96,88.61,88.64,151740
2011-03-23,87.95,88.89,87.08,87.93,667204
2011-03-24,88.41,89.17,88.17,89.10,476898
2011-03-25,88.60,89.64,87.42,88.04,705702
2011-03-28,87.24,87.59,86.99,87.27,444424
2011-03-29,87.85,88.75,87.19,88.39,668184
2011-03-30,88.74,89.54,88.67,89.31,103177
2011-03-31,88.43,88.78,87.20,87.84,435990
2011-04-01,87.31,87.45,86.20,86.72,185598
2011-04-04,86.00,86.51,85.36,85.41,314763
2011-04-05,85.33,86.41,84.71,85.53,622984
2011-04-06,85.16,85.83,84.97,85.54,353338
2011-04-07,86.16,87.02,84.95,85.63,979739
2011-04-08,85.39,86.59,84.33,85.27,506228
2011-04-11,85.71,86.30,85.56,86.04,612285
2011-04-12,86.32,87.46,85.27,87.20,418844
2011-04-13,86.76,86.82,85.69,85.95,113734
2011-04-14,86.39,87.25,85.33,85.89,335186
2011-04-15,86.57,86.79,85.87,86.34,360016
2011-04-18,86.08,86.38,84.91,86.22,238110
2011-04-19,87.02,87.77,86.78,87.32,349767
2011-04-20,87.06,87.43,86.49,87.04,900598
2011-04-21,86.50,86.73,86.40,86.68,994492
2011-04-22,86.99,88.21,86.92,87.28,355268
2011-04-25,87.81,88.51,86.93,88.02,844074
2011-04-26,87.82,88.55,86.61,87.93,151242
2011-04-27,88.74,89.44,88.64,89.38,311009
2011-04-28,89.18,90.20,88.35,89.49,731859
2011-04-29,89.72,90.14,89.09,89.73,295405
2011-05-02,90.38,90.81,89.30,90.39,129454
2011-05-03,90.54,91.44,89.60,90.37,135916
2011-05-04,89.88,90.01,88.63,89.54,284953
2011-05-05,88.75,89.70,88.38,88.82,744274
2011-05-06,88.45,88.72,87.66,88.63,937670
2011-05-09,88.12,89.17,87.33,87.61,420870
2011-05-10,86.98,88.11,86.32,86.68,559362
2011-05-11,87.44,87.63,86.34,87.10,589015
2011-05-12,87.70,88.87,86.83,88.31,463578
2011-05-13,88.49,89.54,87.48,89.31,272715
2011-05-16,88.46,88.89,87.21,87.42,666267
2011-05-17,88.05,88.07,87.30,87.43,222061
2011-05-18,87.95,89.25,87.69,88.58,189475
2011-05-19,88.27,89.27,88.13,89.21,826213
2011-05-20,89.79,90.20,89.77,90.04,872973
2011-05-23,89.92,90.50,88.72,90.25,140169
2011-05-24,91.07,91.41,90.67,91.28,499095
2011-05-25,90.47,90.75,89.48,90.42,285124
2011-05-26,90.36,91.05,89.51,90.90,326885
2011-05-27,91.38,92.00,91.09,91.33,719913
2011-05-30,92.04,92.85,90.83,92.73,978375
2011-05-31,92.72,93.49,91.52,93.32,305258
2011-06-01,93.64,93.70,93.28,93.67,820010
2011-06-02,93.48,94.77,92.81,93.04,824032
2011-06-03,92.31,93.49,91.00,92.59,446252
2011-06-06,93.17,94.54,92.92,93.79,920447
2011-06-07,94.19,95.23,92.98,94.47,329690
2011-06-08,94.69,94.71,93.28,93.55,339346
2011-06-09,94.20,94.77,93.08,93.64,434018
2011-06-10,93.84,95.05,92.64,94.84,256278
2011-06-13,94.12,95.03,93.76,93.99,237903
2011-06-14,93.20,94.09,92.88,93.73,536065
2011-06-15,92.84,93.87,92.47,93.58,351955
2011-06-16,94.02,94.97,93.38,94.40,424826
2011-06-17,94.49,95.39,93.21,94.29,814465
2011-06-20,94.59,95.37,94.53,95.35,464302
2011-06-21,96.22,97.37,95.72,96.86,338123
2011-06-22,96.56,97.49,95.72,96.53,908144
2011-06-23,97.06,97.58,96.32,97.57,174219
2011-06-24,97.22,97.55,96.20,97.40,411299
2011-06-27,98.18,98.54,97.86,98.01,996034
2011-06-28,97.70,98.73,97.00,98.16,341083
2011-06-29,98.27,98.85,97.57,98.15,240426
2011-06-30,97.36,97.71,97.30,97.30,920462
2011-07-01,98.18,98.35,97.42,97.46,609844
2011-07-04,97.56,97.59,96.63,96.80,931331
2011-07-05,96.24,97.29,95.60,97.18,601161
2011-07-06,97.17,97.47,95.93,97.38,192395
2011-07-07,97.05,98.37,95.66,97.40,578162
2011-07-08,96.71,97.31,96.57,96.73,676961
2011-07-11,96.97,98.04,96.43,97.99,742614
2011-07-12,97.53,98.59,96.89,97.74,221733
2011-07-13,96.86,98.31,96.24,96.46,823388
2011-07-14,97.40,98.22,95.98,96.70,827099
2011-07-15,96.04,96.79,95.29,95.74,930202
2011-07-18,96.31,96.63,96.30,96.63,136371
2011-07-19,96.04,96.44,95.74,95.93,817577
2011-07-20,96.65,97.46,96.51,97.19,235200
2011-07-21,96.35,96.68,95.65,95.93,297918
2011-07-22,96.30,97.49,95.12,96.62,349394
2011-07-25,95.91,96.89,94.74,95.87,385717
2011-07-26,94.94,95.54,94.84,94.87,483897
2011-07-27,95.06,96.08,94.30,95.19,997840
2011-07-28,94.51,94.97,93.43,94.44,562574
2011-07-29,94.70,95.39,94.27,94.55,577942
2011-08-01,94.28,95.52,94.12,95.50,234046
2011-08-02,95.37,96.24,95.06,95.24,641044
2011-08-03,95.57,96.26,94.28,96.05,279955
2011-08-04,95.92,96.06,94.85,95.35,882353
2011-08-05,95.21,95.28,94.16,94.19,324948
2011-08-08,94.52,95.60,93.52,94.25,577846
2011-08-09,93.40,93.93,93.33,93.90,581929
2011-08-10,93.23,94.23,92.83,92.88,848204
2011-08-11,92.01,92.18,90.65,91.93,895693
2011-08-12,91.77,92.47,90.94,91.78,467196
2011-08-15,91.11,92.33,90.64,91.18,468519
2011-08-16,91.65,92.13,91.47,91.99,438187
2011-08-17,91.86,92.64,91.75,92.23,114962
2011-08-18,92.49,93.88,91.45,92.38,168279
2011-08-19,91.82,92.44,91.66,92.38,144671
2011-08-22,91.46,91.52,91.37,91.47,245909
2011-08-23,90.60,91.09,90.12,90.54,496636
2011-08-24,90.79,92.13,90.05,90.69,934259
2011-08-25,91.53,92.84,91.40,92.00,113919
2011-08-26,91.40,91.44,90.86,90.87,772920
2011-08-29,90.48,91.63,89.41,91.02,549604
2011-08-30,90.79,92.04,89.59,91.75,322399
2011-08-31,92.43,93.08,91.30,91.53,152528
2011-09-01,91.35,91.61,90.04,90.61,946516
2011-09-02,91.13,91.52,90.28,91.41,727009
2011-09-05,91.15,92.17,90.49,90.60,716099
2011-09-06,91.32,91.43,90.85,91.42,926650
2011-09-07,91.99,92.86,91.57,92.07,926106
2011-09-08,91.98,92.85,91.67,91.83,237393
2011-09-09,91.22,92.33,91.21,92.06,461807
2011-09-12,91.75,93.12,91.18,93.02,935179
2011-09-13,93.25,93.82,92.90,93.77,511623
2011-09-14,94.12,95.40,94.00,94.86,229066
2011-09-15,94.08,94.23,93.09,94.18,183629
2011-09-16,94.55,95.72,93.39,94.45,156186
2011-09-19,94.07,94.63,93.00,94.45,117791
2011-09-20,95.07,95.49,93.78,94.17,989576
2011-09-21,94.67,94.73,93.43,94.28,230346
2011-09-22,94.94,95.62,94.00,94.66,849362
2011-09-23,94.49,95.69,93.52,94.86,991911
2011-09-26,94.72,95.26,94.44,94.65,223348
2011-09-27,94.19,95.03,94.05,94.70,251456
2011-09-28,95.32,95.91,95.06,95.11,218480
2011-09-29,94.79,95.31,94.17,94.70,635788
2011-09-30,94.44,95.08,93.67,94.02,622082
2011-10-03,94.92,96.25,93.60,96.14,907739
2011-10-04,95.36,96.15,95.09,95.62,134782
2011-10-05,95.43,96.76,94.94,95.09,620281
2011-10-06,94.84,95.21,94.66,95.04,671711
2011-10-07,94.32,95.65,92.94,93.40,764232
2011-10-10,93.17,94.20,92.18,93.21,821723
2011-10-11,93.49,94.85,92.53,93.14,563060
2011-10-12,93.26,93.41,92.53,93.15,512367
2011-10-13,92.95,94.05,92.12,92.38,753222
2011-10-14,91.64,92.11,90.76,91.29,952506
2011-10-17,90.43,90.69,89.33,90.55,651943
2011-10-18,91.22,92.07,89.92,91.77,578730
2011-10-19,92.12,93.50,91.32,92.93,440038
2011-10-20,93.74,93.84,93.32,93.65,129841
2011-10-21,94.43,95.67,94.32,95.33,923238
2011-10-24,96.28,97.51,94.85,94.92,371707
2011-10-25,95.46,95.64,94.98,95.33,482266
2011-10-26,94.43,94.56,93.89,94.44,617193
2011-10-27,95.27,95.49,94.02,94.97,901554
2011-10-28,95.86,96.94,94.92,95.17,167379
2011-10-31,95.29,96.53,94.34,95.92,754078
2011-11-01,95.11,95.55,94.10,94.43,605166
2011-11-02,94.40,95.60,94.25,95.48,467534
2011-11-03,95.34,96.01,94.63,95.95,604070
2011-11-04,95.28,96.05,94.50,95.49,532041
2011-11-07,95.46,96.37,94.82,95.65,448733
2011-11-08,95.41,95.58,95.19,95.53,998956
2011-11-09,95.30,96.64,95.20,96.59,953274
2011-11-10,97.11,98.36,96.53,96.63,642539
2011-11-11,96.28,96.60,95.22,95.40,997503
2011-11-14,94.54,94.55,94.19,94.22,546643
2011-11-15,95.04,95.47,93.85,94.61,885437
2011-11-16,95.03,95.57,93.62,95.31,286100
2011-11-17,95.72,96.39,95.65,96.09,122771
2011-11-18,95.98,96.19,94.69,96.16,114723
2011-11-21,96.72,97.52,96.71,97.15,586408
2011-11-22,97.29,97.39,97.22,97.26,562367
2011-11-23,97.20,97.38,96.98,97.31,657732
2011-11-24,97.03,97.11,95.82,96.64,578775
2011-11-25,97.45,98.81,96.70,98.63,159966
2011-11-28,97.67,98.09,96.52,97.25,664921
2011-11-29,97.93,98.12,97.84,97.90,410980
2011-11-30,98.44,99.77,97.96,98.70,113771
2011-12-01,97.97,98.22,97.44,97.82,909866
2011-12-02,98.30,98.33,97.39,97.76,958947
2011-12-05,97.90,99.14,96.92,97.16,870986
2011-12-06,98.13,98.88,98.09,98.18,174872
2011-12-07,97.22,97.26,96.56,96.85,330754
2011-12-08,97.21,97.97,95.84,96.48,225064
2011-12-09,95.84,96.84,94.71,95.99,684715
2011-12-12,96.72,97.63,95.49,95.88,359745
2011-12-13,94.96,95.06,94.29,94.30,269303
2011-12-14,93.97,94.47,93.47,93.53,685841
2011-12-15,93.93,95.25,93.55,94.19,281045
2011-12-16,93.48,93.58,92.65,93.01,168696
2011-12-19,92.33,93.52,90.97,92.75,715531
2011-12-20,92.41,93.14,91.05,92.26,785266
2011-12-21,92.19,93.00,91.71,91.77,424778
2011-12-22,91.57,92.07,91.10,91.29,850115
2011-12-23,90.63,91.13,90.16,90.75,939164
2011-12-26,91.47,92.10,90.80,91.52,451887
2011-12-27,91.64,92.86,90.98,91.22,451720
2011-12-28,90.38,91.45,89.12,90.66,914593
2011-12-29,89.91,90.59,89.41,89.47,166241
2011-12-30,89.28,89.62,89.24,89.51,205908
2012-01-02,89.62,90.14,88.50,90.01,986433
2012-01-03,90.34,90.55,89.97,90.21,944447
2012-01-04,90.18,90.33,90.08,90.20,467674
2012-01-05,90.82,91.09,90.79,91.02,161111
2012-01-06,90.51,91.21,90.08,90.76,689322
2012-01-09,90.16,91.14,90.15,90.15,882378
2012-01-10,90.67,91.04,90.35,90.51,615907
2012-01-11,91.20,91.33,90.16,91.21,788100
2012-01-12,90.58,90.81,89.44,90.80,723679
2012-01-13,90.53,90.75,90.05,90.18,348953
2012-01-16,90.48,90.53,89.31,89.71,634815
2012-01-17,90.08,90.72,89.69,90.19,967197
2012-01-18,89.80,90.64,89.00,90.10,766128
2012-01-19,90.84,91.61,89.72,91.54,999698
2012-01-20,91.23,92.17,90.13,91.85,840211
2012-01-23,92.42,93.44,92.04,92.82,799137
2012-01-24,92.69,93.48,92.65,93.10,655387
2012-01-25,93.57,94.61,93.47,93.86,802025
2012-01-26,94.07,94.64,93.60,93.76,497484
2012-01-27,93.91,94.97,92.69,94.95,695418
2012-01-30,94.11,95.37,93.35,93.82,886243
2012-01-31,93.99,94.25,93.33,93.81,298684
2012-02-01,94.18,94.82,92.84,94.60,581631
2012-02-02,93.65,94.51,92.89,93.83,784682
2012-02-03,93.43,94.52,92.71,92.86,935966
2012-02-06,92.98,93.61,91.85,92.71,383992
2012-02-07,92.29,92.83,91.13,91.34,388461
2012-02-08,91.70,93.03,90.46,91.63,627051
2012-02-09,91.88,92.16,91.29,91.52,136704
2012-02-10,91.27,91.87,90.24,90.33,313909
2012-02-13,90.59,90.67,90.23,90.34,254263
2012-02-14,89.72,90.74,88.87,90.66,363703
2012-02-15,91.21,92.52,89.94,90.98,460555
2012-02-16,91.41,92.54,90.09,90.66,682676
2012-02-17,90.58,91.06,89.50,90.27,766827
2012-02-20,89.66,90.34,88.47,88.87,923635
2012-02-21,89.73,91.03,88.69,89.61,296511
2012-02-22,89.37,90.20,88.34,89.59,443204
2012-02-23,89.96,90.97,89.08,90.25,536332
2012-02-24,90.83,91.14,90.33,90.80,528207
2012-02-27,90.95,92.11,90.19,90.33,448669
2012-02-28,89.61,89.69,89.41,89.48,314620
2012-02-29,90.24,90.62,90.23,90.33,355288
2012-03-01,89.63,90.85,89.01,89.97,671796
2012-03-02,89.12,89.60,87.79,88.95,136580
2012-03-05,89.83,90.83,89.70,90.42,337829
2012-03-06,90.44,91.43,89.73,90.54,871584
2012-03-07,90.90,91.38,90.69,91.03,324250
2012-03-08,90.66,91.21,90.25,90.83,910203
2012-03-09,91.10,92.07,90.55,91.50,234932
2012-03-12,90.73,90.84,89.56,89.78,585514
2012-03-13,89.30,89.76,88.03,89.26,793739
2012-03-14,89.47,90.36,89.05,89.80,218418
2012-03-15,90.59,91.23,89.43,91.08,693629
2012-03-16,90.69,91.19,90.33,90.59,206089
2012-03-19,90.45,91.29,89.23,90.97,865090
2012-03-20,90.57,91.44,90.50,90.84,699546
2012-03-21,90.03,91.22,89.94,90.86,998509
2012-03-22,90.55,90.64,90.13,90.17,449647
2012-03-23,89.34,90.37,88.25,88.48,487722
2012-03-26,87.79,88.05,86.78,87.23,950056
2012-03-27,86.73,87.87,85.85,87.76,246798
2012-03-28,87.65,88.46,86.34,87.53,802341
2012-03-29,87.07,88.06,86.47,87.66,440794
2012-03-30,88.02,88.05,87.28,87.46,813025
2012-04-02,88.24,88.88,87.01,88.79,947918
2012-04-03,89.03,89.43,88.26,88.77,701368
2012-04-04,87.99,88.72,87.78,88.48,363099
2012-04-05,87.66,88.17,87.25,87.57,310110
2012-04-06,88.40,88.61,87.80,88.01,707234
2012-04-09,88.47,89.69,88.37,89.62,692852
2012-04-10,90.42,91.48,89.93,91.03,360631
2012-04-11,91.67,92.25,91.39,92.18,791556
2012-04-12,91.45,92.49,91.39,91.43,295357
2012-04-13,90.84,92.01,89.91,91.07,250788
2012-04-16,90.29,90.56,89.56,89.86,890183
2012-04-17,89.43,89.69,89.21,89.68,592809
2012-04-18,89.48,89.83,88.69,89.06,304415
2012-04-19,89.87,90.77,88.60,89.01,276393
2012-04-20,89.21,89.99,88.37,89.37,248896
2012-04-23,89.09,90.03,88.10,89.50,483662
2012-04-24,89.54,90.79,89.10,89.94,165563
2012-04-25,90.56,91.78,90.37,90.53,180358
2012-04-26,90.65,91.61,89.41,90.67,177097
2012-04-27,89.82,90.87,89.13,90.57,488085
2012-04-30,90.51,90.89,89.38,90.08,661904
2012-05-01,90.60,91.94,90.16,90.83,378947
2012-05-02,91.39,92.12,90.77,92.07,160015
2012-05-03,92.17,92.78,91.48,92.15,318479
2012-05-04,91.78,92.55,90.75,91.63,424403
2012-05-07,92.37,92.79,91.41,92.71,850274
2012-05-08,93.34,94.11,92.31,92.69,839145
2012-05-09,91.94,91.99,91.69,91.94,100222
2012-05-10,92.48,93.09,91.26,92.33,438942
2012-05-11,92.71,92.94,92.60,92.73,325522
2012-05-14,92.40,93.58,91.82,92.30,196788
2012-05-15,92.78,92.89,92.09,92.57,274059
2012-05-16,92.28,92.92,91.45,92.37,907308
2012-05-17,92.83,94.06,91.69,93.26,131456
2012-05-18,94.13,94.27,93.67,94.16,627801
2012-05-21,94.53,94.72,94.40,94.63,817147
2012-05-22,94.63,94.89,93.89,94.64,461403
2012-05-23,93.72,94.84,93.43,94.40,833996
2012-05-24,93.69,94.04,93.40,93.49,876695
2012-05-25,93.49,94.24,92.14,92.63,951386
2012-05-28,91.73,92.16,90.88,91.59,885460
2012-05-29,92.51,93.05,92.46,92.72,287807
2012-05-30,91.99,92.95,91.49,91.97,512502
2012-05-31,92.68,93.30,91.61,92.81,643902
2012-06-01,92.36,93.41,91.64,92.47,376159
2012-06-04,93.29,94.34,92.40,94.00,923188
2012-06-05,93.37,93.52,92.78,93.01,251281
2012-06-06,93.48,93.73,92.11,93.19,980935
2012-06-07,93.87,93.93,93.32,93.67,339034
2012-06-08,93.28,93.46,93.00,93.15,988553
2012-06-11,93.42,94.74,92.39,94.35,305356
2012-06-12,94.33,95.43,93.76,94.64,891885
2012-06-13,95.38,95.97,95.05,95.36,373385
2012-06-14,95.06,95.44,94.20,94.79,605909
2012-06-15,95.02,95.22,94.51,94.80,419846
2012-06-18,94.63,95.97,93.36,94.22,722011
2012-06-19,93.93,94.16,93.62,93.77,801145
2012-06-20,93.76,93.83,92.97,93.48,285564
2012-06-21,92.84,92.88,91.64,92.12,288329
2012-06-22,92.30,92.34,91.05,92.14,855178
2012-06-25,91.80,91.98,91.33,91.76,561365
2012-06-26,90.94,92.27,90.51,91.83,302780
2012-06-27,91.57,92.43,91.31,92.12,450661
2012-06-28,92.43,93.60,91.39,91.71,801237
2012-06-29,91.29,92.10,90.49,91.78,669791
2012-07-02,90.96,91.53,89.85,90.58,954027
2012-07-03,90.34,90.81,89.36,89.77,728068
2012-07-04,89.34,89.56,88.15,88.23,695274
2012-07-05,89.04,89.41,88.50,89.17,351612
2012-07-06,89.95,91.25,89.86,90.64,539358
2012-07-09,90.77,91.43,90.28,90.52,729662
2012-07-10,89.70,90.35,88.46,89.41,814567
2012-07-11,88.60,88.92,88.00,88.90,541158
2012-07-12,88.59,88.69,88.14,88.19,588971
2012-07-13,87.99,89.10,87.13,87.50,944633
2012-07-16,86.87,87.19,85.65,86.43,384212
2012-07-17,86.53,86.68,86.12,86.66,786021
2012-07-18,86.65,87.11,86.00,86.50,973018
2012-07-19,86.46,87.41,85.94,86.46,483866
2012-07-20,87.06,88.29,86.37,86.58,928106
2012-07-23,87.38,88.53,86.18,87.19,111971
2012-07-24,86.39,86.48,86.29,86.33,439558
2012-07-25,86.49,87.06,86.27,86.32,608373
2012-07-26,86.49,87.45,85.45,86.63,231045
2012-07-27,85.96,87.11,85.39,85.91,505503
2012-07-30,85.85,86.86,84.77,85.77,231120
2012-07-31,85.28,85.63,85.00,85.50,829652
2012-08-01,85.35,85.83,84.78,84.89,648571
2012-08-02,84.55,84.93,83.83,84.29,907866
2012-08-03,84.07,84.60,82.92,84.04,319940
2012-08-06,83.32,84.42,82.16,82.71,676532
2012-08-07,82.24,82.95,81.80,82.58,555893
2012-08-08,81.89,82.81,80.77,81.33,886119
2012-08-09,81.54,82.45,80.53,81.58,477891
2012-08-10,81.94,82.63,81.15,81.46,407811
2012-08-13,81.46,82.20,80.27,81.01,363231
2012-08-14,80.52,81.05,79.35,79.56,688635
2012-08-15,79.82,79.94,79.73,79.91,389059
2012-08-16,79.16,79.34,78.23,78.80,605870
2012-08-17,79.06,79.39,77.93,79.10,202979
2012-08-20,78.92,79.13,78.60,78.81,528787
2012-08-21,78.25,78.92,77.34,78.31,904481
2012-08-22,77.66,78.17,76.73,76.74,139528
2012-08-23,76.62,77.19,76.01,76.80,290618
2012-08-24,77.26,77.81,76.52,77.74,273806
2012-08-27,77.50,78.35,76.76,77.59,419098
2012-08-28,76.82,76.94,76.30,76.64,489811
2012-08-29,76.96,76.99,76.77,76.99,109064
2012-08-30,76.48,76.69,76.22,76.36,159744
2012-08-31,76.19,76.68,75.63,75.99,659114
2012-09-03,75.68,76.27,75.04,75.55,127577
2012-09-04,76.26,76.63,75.89,75.90,657101
2012-09-05,75.15,75.51,74.37,74.68,242699
2012-09-06,75.12,75.86,74.78,75.01,394019
2012-09-07,75.18,75.24,74.87,75.01,101837
2012-09-10,75.53,75.85,74.86,75.35,673028
2012-09-11,75.93,76.15,75.09,75.86,487653
2012-09-12,76.30,76.99,75.66,75.90,902044
2012-09-13,75.70,76.12,75.05,75.83,712552
2012-09-14,76.22,76.24,75.76,76.15,406069
2012-09-17,76.05,76.28,75.32,75.69,108447
2012-09-18,75.31,75.92,74.89,75.57,537816
2012-09-19,75.98,76.35,75.90,75.95,832951
2012-09-20,75.61,75.96,75.48,75.83,771818
2012-09-21,75.12,75.51,74.21,74.25,729198
2012-09-24,74.35,74.50,74.25,74.39,600501
2012-09-25,74.06,75.11,73.79,74.34,671043
2012-09-26,74.08,74.70,73.85,74.36,709186
2012-09-27,74.83,75.63,73.75,74.20,104576
2012-09-28,74.53,74.62,74.00,74.52,643354
2012-10-01,74.41,74.77,74.20,74.66,928991
2012-10-02,74.04,74.67,73.04,74.07,549414
2012-10-03,73.38,74.41,72.31,72.69,619053
2012-10-04,72.45,72.90,71.76,72.26,760213
2012-10-05,72.26,73.00,71.29,71.80,925149
2012-10-08,71.36,71.81,70.77,70.99,285963
2012-10-09,71.69,72.17,71.27,71.76,192004
2012-10-10,71.32,72.11,70.91,71.27,484179
2012-10-11,71.22,71.65,70.84,70.98,873076
2012-10-12,70.84,71.03,70.27,70.48,140195
2012-10-15,71.16,71.53,70.48,71.25,541336
2012-10-16,71.81,72.76,71.29,71.54,785367
2012-10-17,71.18,72.23,71.11,71.18,883433
2012-10-18,71.47,72.29,70.59,71.19,995240
2012-10-19,71.54,72.43,71.23,72.12,835906
2012-10-22,72.19,72.23,71.47,72.08,827054
2012-10-23,71.73,71.95,70.99,71.05,401017
2012-10-24,70.43,70.44,70.25,70.26,970490
2012-10-25,69.87,70.81,69.20,69.88,356244
2012-10-26,69.77,70.73,69.13,69.42,780764
2012-10-29,70.06,70.48,69.31,69.86,553387
2012-10-30,70.02,70.59,69.89,70.42,929967
2012-10-31,70.70,71.01,69.88,70.90,829921
2012-11-01,71.02,71.70,70.64,70.81,209280
2012-11-02,70.49,70.51,69.92,70.04,969460
2012-11-05,70.52,71.08,69.83,69.88,385657
2012-11-06,69.47,69.77,68.88,69.14,696042
2012-11-07,69.65,70.01,68.95,69.84,117202
2012-11-08,70.21,70.41,69.47,69.76,638341
2012-11-09,69.13,69.31,68.46,68.96,251680
2012-11-12,68.64,68.91,68.60,68.73,545926
2012-11-13,68.65,69.40,68.18,69.15,874679
2012-11-14,68.90,69.16,67.87,68.25,294455
2012-11-15,67.99,68.68,67.12,68.24,917526
2012-11-16,68.24,68.96,67.73,67.91,543740
2012-11-19,67.32,67.74,66.96,67.04,322533
2012-11-20,66.61,67.57,66.31,67.20,990388
2012-11-21,67.70,67.92,67.19,67.43,856930
2012-11-22,68.10,68.54,67.97,68.11,377077
2012-11-23,68.29,69.08,67.56,68.17,744739
2012-11-26,68.54,69.48,67.51,68.50,143652
2012-11-27,68.20,68.25,68.13,68.17,820475
2012-11-28,68.76,69.50,68.15,68.41,221999
2012-11-29,68.12,68.89,67.30,67.91,945905
2012-11-30,68.11,68.69,67.73,67.85,812710
2012-12-03,67.75,67.97,67.54,67.96,338118
2012-12-04,67.34,67.45,66.56,67.02,936888
2012-12-05,66.55,66.76,66.54,66.56,300349
2012-12-06,66.47,67.05,66.08,66.51,520282
2012-12-07,66.87,67.43,66.84,66.90,510132
2012-12-10,66.61,66.82,65.72,66.27,534381
2012-12-11,66.43,66.58,65.59,65.84,722750
2012-12-12,66.21,67.16,65.58,65.86,902460
2012-12-13,66.16,66.26,65.81,66.10,578746
2012-12-14,66.68,66.72,66.58,66.70,933406
2012-12-17,66.69,66.78,66.67,66.74,719346
2012-12-18,66.86,67.86,66.32,66.39,811758
2012-12-19,65.96,66.15,65.61,65.62,777476
2012-12-20,65.97,65.98,65.46,65.81,710685
2012-12-21,65.26,66.14,65.00,66.10,112509
2012-12-24,66.07,66.25,65.79,66.21,634201
2012-12-25,66.23,66.78,65.59,66.50,864948
2012-12-26,66.33,66.44,65.55,66.40,615129
2012-12-27,66.38,66.49,66.11,66.14,550400
2012-12-28,65.52,65.65,64.72,65.08,408966
2012-12-31,65.04,65.95,64.52,64.55,291701
2013-01-01,64.83,64.89,64.63,64.69,896436
2013-01-02,64.54,65.18,63.64,63.79,290612
2013-01-03,63.58,63.90,63.19,63.88,786166
2013-01-04,63.60,64.45,63.35,63.48,552149
2013-01-07,63.46,63.51,63.37,63.38,475436
2013-01-08,63.65,63.81,63.43,63.79,631000
2013-01-09,64.31,64.85,64.16,64.35,526675
2013-01-10,63.89,64.77,63.14,63.45,350805
2013-01-11,63.69,64.04,63.58,64.02,258672
2013-01-14,64.58,64.66,64.44,64.56,954213
2013-01-15,64.38,64.55,63.45,64.04,113046
2013-01-16,63.85,63.89,63.15,63.68,694857
2013-01-17,63.38,63.87,62.94,63.41,710188
2013-01-18,64.02,64.04,63.20,63.89,745011
2013-01-21,64.06,64.20,63.96,64.12,963538
2013-01-22,64.22,64.74,63.47,63.73,765891
2013-01-23,64.12,64.50,63.36,63.49,210166
2013-01-24,63.35,64.02,63.15,63.16,127284
2013-01-25,62.68,63.27,61.79,62.11,447398
2013-01-28,62.08,62.21,61.60,62.05,994910
2013-01-29,62.01,62.72,61.88,62.64,806057
2013-01-30,62.87,63.27,62.80,62.89,304277
2013-01-31,62.49,62.78,61.99,62.70,431953
2013-02-01,62.17,62.21,61.31,62.02,930083
2013-02-04,62.03,62.35,61.92,62.02,107548
2013-02-05,61.74,62.56,61.47,62.17,150939
2013-02-06,62.72,62.96,61.96,62.19,134186
2013-02-07,62.53,63.21,62.50,62.67,697401
2013-02-08,63.21,64.15,62.96,63.02,820914
2013-02-11,63.25,63.97,62.65,63.11,403868
2013-02-12,63.24,63.44,62.72,63.31,808185
2013-02-13,63.75,64.66,63.30,63.63,789075
2013-02-14,64.19,64.93,63.46,64.11,987966
2013-02-15,64.11,64.33,63.16,64.17,500902
2013-02-18,64.10,64.16,63.82,64.03,638549
2013-02-19,64.04,64.97,63.85,64.57,320611
2013-02-20,64.45,64.82,63.68,64.34,919063
2013-02-21,64.18,64.20,64.14,64.19,496006
2013-02-22,64.54,65.03,63.64,64.61,356421
2013-02-25,64.55,64.75,63.61,64.31,288965
2013-02-26,64.16,64.78,63.31,63.93,171465
2013-02-27,63.70,63.73,63.41,63.46,281361
2013-02-28,64.03,64.55,63.22,63.74,235583
2013-03-01,63.59,64.21,63.39,63.41,978121
2013-03-04,63.11,63.34,62.83,63.06,124908
2013-03-05,63.14,63.21,62.76,63.15,353633
2013-03-06,62.73,63.49,62.20,62.78,284111
2013-03-07,63.14,63.29,62.20,62.74,769847
2013-03-08,62.68,62.83,62.06,62.80,664595
2013-03-11,63.19,63.29,62.55,63.01,799898
2013-03-12,62.98,63.91,62.97,63.48,566550
2013-03-13,63.25,63.36,63.17,63.19,997971
2013-03-14,63.08,63.46,62.41,63.11,839896
2013-03-15,62.66,63.37,62.24,63.09,428392
2013-03-18,63.13,63.22,62.23,62.35,649379
2013-03-19,62.66,62.96,62.25,62.66,831352
2013-03-20,62.51,62.61,62.36,62.46,439427
2013-03-21,62.67,63.04,62.26,62.44,687820
2013-03-22,62.58,63.15,62.56,63.05,979494
2013-03-25,62.47,63.12,62.30,63.08,632661
2013-03-26,63.11,63.84,62.27,62.81,321132
2013-03-27,62.20,62.99,61.90,62.56,680246
2013-03-28,62.43,62.84,62.34,62.35,152328
2013-03-29,62.19,63.12,61.81,62.83,919908
2013-04-01,62.70,63.61,62.19,63.24,200705
2013-04-02,62.72,63.30,61.80,62.60,245593
2013-04-03,62.89,63.11,62.01,62.82,345810
2013-04-04,63.13,63.48,62.36,63.23,312160
2013-04-05,63.04,63.61,62.84,63.04,990565
2013-04-08,62.79,62.97,62.78,62.80,584762
2013-04-09,63.00,63.18,62.44,62.59,786569
2013-04-10,62.94,63.13,62.60,62.85,506129
2013-04-11,63.45,64.08,63.23,64.07,760922
2013-04-12,63.77,64.17,62.94,63.58,567115
2013-04-15,63.98,64.90,63.87,64.13,193165
2013-04-16,64.69,65.63,64.07,65.41,934789
2013-04-17,65.72,65.72,65.58,65.67,255374
2013-04-18,66.24,66.36,65.72,66.30,615047
2013-04-19,66.80,66.86,66.71,66.82,622189
2013-04-22,67.01,67.63,66.67,66.91,593365
2013-04-23,66.66,67.55,66.24,66.39,724650
2013-04-24,66.87,67.66,66.69,66.85,130962
2013-04-25,66.80,67.18,65.98,66.20,138088
2013-04-26,65.68,66.49,65.60,65.87,178037
2013-04-29,65.40,65.82,64.54,64.93,416332
2013-04-30,64.70,64.74,64.26,64.34,816903
2013-05-01,64.20,64.60,64.09,64.23,379272
2013-05-02,63.98,64.53,63.83,64.32,314535
2013-05-03,64.15,64.74,63.46,63.89,858425
2013-05-06,64.21,64.72,63.40,63.58,129739
2013-05-07,63.89,64.52,63.40,64.49,901503
2013-05-08,64.74,65.68,64.65,65.24,506321
2013-05-09,65.53,66.06,64.55,65.81,798171
2013-05-10,65.28,65.77,65.27,65.59,414784
2013-05-13,64.93,65.58,64.30,64.93,615251
2013-05-14,64.66,65.41,64.04,64.18,137133
2013-05-15,64.03,64.85,63.68,63.75,664223
2013-05-16,63.59,64.12,62.96,63.34,542274
2013-05-17,62.76,63.16,62.06,62.18,957951
2013-05-20,61.93,62.50,61.07,61.41,328635
2013-05-21,61.31,62.00,60.59,61.61,631531
2013-05-22,61.80,62.67,61.65,61.87,586468
2013-05-23,61.28,62.00,60.84,61.01,911746
2013-05-24,60.50,60.65,59.80,60.39,252973
2013-05-27,60.43,60.72,60.04,60.32,612301
2013-05-28,60.56,60.63,60.14,60.62,851968
2013-05-29,60.76,61.00,60.65,60.90,554481
2013-05-30,61.04,61.40,60.15,60.57,152317
2013-05-31,60.20,60.69,59.36,59.87,898700
2013-06-03,60.23,60.54,59.54,59.81,351993
2013-06-04,59.74,60.02,59.06,59.35,938992
2013-06-05,59.12,59.72,58.86,59.12,621659
2013-06-06,59.63,60.27,59.56,59.84,782846
2013-06-07,60.30,61.03,60.10,60.98,523027
2013-06-10,60.89,61.24,60.17,60.27,707864
2013-06-11,60.72,60.82,60.00,60.12,318430
2013-06-12,60.50,60.69,60.07,60.16,208007
2013-06-13,60.65,61.01,60.20,61.00,338884
2013-06-14,61.24,61.98,60.36,60.48,649640
2013-06-17,60.89,61.57,60.48,60.82,125428
2013-06-18,60.24,60.25,59.91,60.12,380731
2013-06-19,60.13,61.01,59.88,60.79,440731
2013-06-20,61.28,61.97,61.06,61.18,188218
2013-06-21,61.24,61.55,60.83,61.53,544708
2013-06-24,61.01,61.46,60.89,61.29,232991
2013-06-25,61.81,62.54,61.26,62.52,949505
2013-06-26,62.62,63.07,61.76,62.87,955993
2013-06-27,63.03,63.06,62.53,62.62,842363
2013-06-28,62.44,62.90,61.74,62.56,314308
2013-07-01,62.70,63.47,62.43,63.03,453616
2013-07-02,62.80,63.70,61.91,62.54,399903
2013-07-03,62.42,62.58,61.76,61.97,332380
2013-07-04,61.52,61.55,61.36,61.42,159608
2013-07-05,61.40,61.94,61.27,61.72,786822
2013-07-08,61.66,62.49,60.96,61.85,821601
2013-07-09,62.15,62.88,61.73,62.23,253935
2013-07-10,62.41,62.53,62.10,62.29,486359
2013-07-11,62.54,62.93,62.10,62.15,446638
2013-07-12,62.44,63.11,62.02,62.03,165278
2013-07-15,61.88,62.60,61.16,61.60,290233
2013-07-16,61.85,62.40,61.65,62.35,939948
2013-07-17,61.96,62.81,61.05,61.78,778275
2013-07-18,62.23,62.87,61.33,62.39,407488
2013-07-19,62.84,62.93,62.35,62.53,172893
2013-07-22,62.08,62.17,61.90,61.91,367292
2013-07-23,62.24,62.29,62.15,62.29,573732
2013-07-24,62.35,62.83,62.27,62.31,120503
2013-07-25,62.36,62.83,61.92,62.75,978948
2013-07-26,62.88,63.70,62.27,62.55,212537
2013-07-29,62.20,62.52,62.08,62.45,355997
2013-07-30,62.53,62.95,61.86,62.37,363582
2013-07-31,61.91,62.78,61.00,61.67,835663
2013-08-01,61.49,62.16,61.34,62.13,228508
2013-08-02,61.98,62.28,61.62,61.85,884543
2013-08-05,61.46,61.62,60.72,61.47,256488
2013-08-06,60.91,61.03,60.15,60.39,764961
2013-08-07,60.25,60.96,59.59,59.78,226842
2013-08-08,60.26,60.44,59.61,59.75,543429
2013-08-09,59.40,59.59,58.86,59.41,804823
2013-08-12,59.59,59.97,59.33,59.94,501718
2013-08-13,60.06,60.18,59.45,59.76,910053
2013-08-14,59.49,60.01,59.01,59.73,490115
2013-08-15,59.51,59.92,58.65,58.84,155655
2013-08-16,58.38,59.17,58.12,59.12,786971
2013-08-19,59.47,60.00,58.58,58.85,654954
2013-08-20,58.65,58.71,57.80,58.47,510074
2013-08-21,58.78,59.12,58.57,58.74,858385
2013-08-22,58.46,59.16,57.64,58.77,350110
2013-08-23,59.17,59.95,58.95,59.10,973974
2013-08-26,59.17,59.52,58.96,59.47,858659
2013-08-27,59.15,59.63,58.34,58.88,581531
2013-08-28,58.87,59.01,58.74,58.83,969181
2013-08-29,58.46,59.34,58.41,58.43,342207
2013-08-30,58.57,59.45,58.48,59.09,712452
2013-09-02,58.78,59.66,58.75,59.60,880320
2013-09-03,59.99,60.39,59.67,59.81,347077
2013-09-04,59.78,59.83,59.38,59.38,198825
2013-09-05,59.54,59.67,59.47,59.60,259206
2013-09-06,59.36,59.50,58.54,58.98,433661
2013-09-09,59.11,59.24,58.42,59.00,295816
2013-09-10,59.36,60.10,58.83,59.62,507830
2013-09-11,60.11,60.22,59.47,59.52,893825
2013-09-12,59.56,59.66,59.29,59.46,196288
2013-09-13,59.73,59.91,58.94,59.84,473165
2013-09-16,60.25,60.74,60.19,60.24,951014
2013-09-17,60.73,61.51,60.06,60.81,206328
2013-09-18,61.20,61.52,60.63,61.02,759602
2013-09-19,60.98,61.80,60.56,61.01,890749
2013-09-20,61.53,62.45,61.12,61.30,971453
2013-09-23,60.92,61.66,60.42,60.58,441423
2013-09-24,61.03,61.85,60.62,60.67,955642
2013-09-25,60.79,61.14,60.79,60.87,315277
2013-09-26,60.39,60.41,59.88,59.93,207693
2013-09-27,59.41,60.26,59.35,59.59,535576
2013-09-30,59.27,60.12,58.72,59.58,278666
2013-10-01,59.71,60.43,59.27,60.04,107346
2013-10-02,59.79,60.00,59.29,59.30,487138
2013-10-03,59.84,60.53,59.22,59.85,661236
2013-10-04,60.10,60.41,59.31,59.36,122730
2013-10-07,59.86,60.28,59.00,59.59,239869
2013-10-08,60.01,60.49,59.24,60.27,670319
2013-10-09,60.73,61.37,60.20,61.26,186091
2013-10-10,60.82,61.37,60.46,60.93,987786
2013-10-11,60.84,61.49,59.99,60.74,696309
2013-10-14,61.11,61.19,60.42,60.96,191751
2013-10-15,60.92,61.68,60.21,60.33,380464
2013-10-16,60.80,60.94,60.42,60.50,180218
2013-10-17,60.26,61.16,60.09,60.41,818834
2013-10-18,60.47,60.63,59.81,60.29,253049
2013-10-21,60.11,60.58,59.64,60.52,693827
2013-10-22,60.24,61.08,59.57,60.11,797826
2013-10-23,59.78,60.46,58.93,59.91,927502
2013-10-24,60.17,60.70,59.43,59.83,352871
2013-10-25,59.32,60.20,58.53,59.00,434894
2013-10-28,59.16,59.51,59.09,59.12,354343
2013-10-29,59.67,59.94,59.10,59.23,205634
2013-10-30,59.03,59.39,58.79,58.92,843888
2013-10-31,58.37,58.96,58.14,58.83,485236
2013-11-01,59.24,59.61,58.55,59.09,604942
2013-11-04,59.36,59.37,59.32,59.33,417873
2013-11-05,58.75,58.84,58.46,58.70,970191
2013-11-06,58.55,59.31,57.92,59.12,794049
2013-11-07,59.22,59.80,58.86,59.36,726462
2013-11-08,59.23,60.05,59.16,59.94,288031
2013-11-11,59.56,60.25,59.29,59.77,127803
2013-11-12,59.60,59.89,58.86,59.38,167663
2013-11-13,59.98,60.34,59.09,59.79,123135
2013-11-14,60.18,60.82,59.72,59.93,208935
2013-11-15,60.28,60.46,59.72,60.09,908221
2013-11-18,59.79,60.61,59.44,59.55,567836
2013-11-19,59.45,59.92,59.26,59.64,362672
2013-11-20,59.26,59.74,58.74,58.96,582524
2013-11-21,59.48,59.75,58.67,59.17,373901
2013-11-22,58.79,59.36,58.11,59.11,487194
2013-11-25,59.23,59.92,58.44,59.22,476175
2013-11-26,59.79,59.97,59.75,59.88,837508
2013-11-27,60.29,60.94,60.29,60.75,772924
2013-11-28,61.33,62.08,60.81,61.03,509599
2013-11-29,61.49,61.86,61.03,61.24,447518
2013-12-02,61.23,62.09,60.77,60.86,216213
2013-12-03,61.20,61.67,60.72,61.09,314096
2013-12-04,60.91,61.14,60.91,60.95,360079
2013-12-05,61.40,61.50,60.97,60.99,202445
2013-12-06,61.39,61.42,61.36,61.41,196203
2013-12-09,61.16,61.87,60.65,60.92,571914
2013-12-10,60.98,61.50,60.83,60.93,766922
2013-12-11,60.52,61.13,60.08,60.35,536571
2013-12-12,60.29,60.65,60.13,60.48,440159
2013-12-13,60.67,60.79,60.08,60.43,814661
2013-12-16,60.22,60.49,59.69,60.19,470581
2013-12-17,59.94,60.66,59.61,60.48,599909
2013-12-18,60.76,61.56,60.14,60.51,372344
2013-12-19,60.00,60.70,59.44,60.12,112836
2013-12-20,60.68,61.32,60.39,60.91,452569
2013-12-23,61.03,61.58,60.24,61.24,381807
2013-12-24,61.15,61.29,61.15,61.25,681691
2013-12-25,61.71,62.13,61.10,61.71,510768
2013-12-26,61.10,61.69,60.69,60.81,937503
2013-12-27,60.53,60.75,60.24,60.51,580549
2013-12-30,60.39,60.96,60.32,60.57,302346
2013-12-31,60.19,60.85,59.34,59.38,894853
2014-01-01,59.61,60.25,58.94,59.86,222416
2014-01-02,59.88,59.90,59.65,59.89,446419
2014-01-03,59.39,59.59,59.05,59.52,784412
2014-01-06,59.58,60.05,58.91,59.46,171288
2014-01-07,59.40,59.79,59.27,59.66,311109
2014-01-08,60.18,61.01,59.53,59.60,661161
2014-01-09,59.57,59.67,58.83,59.58,658283
2014-01-10,59.54,59.84,59.22,59.55,782004
2014-01-13,59.56,59.70,58.87,59.37,170899
2014-01-14,59.32,59.75,58.44,59.33,801451
2014-01-15,58.85,59.52,58.11,59.14,894180
2014-01-16,59.37,59.74,58.95,59.43,492793
2014-01-17,58.90,59.41,58.67,59.34,824763
2014-01-20,59.69,60.11,58.84,59.46,581065
2014-01-21,59.41,60.16,58.99,59.34,296468
2014-01-22,59.84,60.57,59.62,60.12,289541
2014-01-23,59.74,59.79,59.04,59.39,473803
2014-01-24,59.56,60.03,59.18,59.38,942651
2014-01-27,59.93,60.46,59.79,60.16,960002
2014-01-28,60.25,60.73,59.51,59.60,112839
2014-01-29,59.28,59.98,58.43,59.02,699094
2014-01-30,58.92,59.39,58.82,59.37,212258
2014-01-31,59.06,59.65,58.42,59.17,747891
2014-02-03,58.77,59.58,58.23,59.05,877746
2014-02-04,59.38,59.86,58.75,59.78,907829
2014-02-05,59.42,59.68,59.28,59.57,811706
2014-02-06,59.36,60.10,58.60,58.68,537658
2014-02-07,58.78,58.91,58.09,58.66,793708
2014-02-10,58.53,59.20,58.50,58.98,193536
2014-02-11,58.72,59.18,58.66,59.17,102734
2014-02-12,59.60,59.69,58.97,59.55,445823
2014-02-13,59.77,60.58,59.67,60.29,806033
2014-02-14,59.71,60.37,59.50,60.03,636868
2014-02-17,59.68,59.95,59.39,59.52,654134
2014-02-18,59.98,60.04,59.58,59.93,827832
2014-02-19,59.76,59.91,59.31,59.73,104651
2014-02-20,59.77,59.80,59.69,59.73,543406
2014-02-21,59.89,59.91,59.25,59.57,539748
2014-02-24,60.06,60.66,59.60,59.87,696508
2014-02-25,59.91,60.23,59.87,60.22,393788
2014-02-26,59.73,59.82,59.48,59.60,929898
2014-02-27,60.06,60.65,59.60,60.26,542367
2014-02-28,60.08,60.79,59.51,60.22,336349
2014-03-03,59.93,60.53,59.63,59.63,354342
2014-03-04,60.02,60.63,59.71,59.85,417588
2014-03-05,60.17,60.93,59.39,59.41,985178
2014-03-06,59.35,59.90,58.57,59.47,991040
2014-03-07,59.78,60.62,59.36,59.97,993018
2014-03-10,59.57,59.95,59.01,59.43,816231
2014-03-11,59.42,59.97,58.91,59.78,865677
2014-03-12,60.15,60.85,59.63,59.90,988309
2014-03-13,60.00,60.85,59.71,60.47,799093
2014-03-14,60.46,60.87,59.83,60.45,545998
2014-03-17,60.56,61.29,60.03,60.94,400593
2014-03-18,60.74,61.63,60.55,60.82,503033
2014-03-19,60.72,61.50,60.27,61.06,446459
2014-03-20,60.49,60.92,59.60,60.07,697710
2014-03-21,60.52,60.67,60.01,60.66,599826
2014-03-24,60.57,61.47,59.72,60.19,967156
2014-03-25,60.65,61.49,60.49,60.58,148504
2014-03-26,60.64,60.65,60.40,60.46,209313
2014-03-27,60.17,60.59,60.16,60.16,561602
2014-03-28,59.79,59.82,59.78,59.82,755509
2014-03-31,60.20,60.78,59.85,60.40,195220
2014-04-01,60.36,60.97,59.96,60.53,846431
2014-04-02,60.95,61.52,60.62,61.42,312552
2014-04-03,61.98,62.23,61.46,62.17,350713
2014-04-04,62.72,63.65,62.64,62.70,773961
2014-04-07,63.23,64.05,63.13,63.59,545607
2014-04-08,63.14,63.78,62.69,63.55,317091
2014-04-09,64.14,64.84,63.82,64.00,487320
2014-04-10,64.11,64.34,63.35,63.59,926722
2014-04-11,63.57,64.01,63.06,63.27,686421
2014-04-14,63.31,63.41,62.88,63.08,319416
2014-04-15,62.74,62.84,61.83,62.56,709164
2014-04-16,62.39,63.32,61.71,61.87,870722
2014-04-17,61.40,62.03,60.96,61.84,766304
2014-04-18,61.94,61.99,61.50,61.87,892632
2014-04-21,62.44,63.24,62.16,62.68,304530
2014-04-22,63.23,63.35,62.31,63.21,126128
2014-04-23,62.81,63.19,62.76,62.93,530724
2014-04-24,62.58,63.03,62.54,62.90,707337
2014-04-25,63.06,63.91,62.22,63.58,646549
2014-04-28,63.79,64.30,63.64,64.09,262802
2014-04-29,64.62,65.19,64.58,64.69,944872
2014-04-30,64.27,64.33,63.54,64.03,536033
2014-05-01,64.31,65.17,64.01,64.49,192899
2014-05-02,63.85,64.48,63.63,64.25,680219
2014-05-05,64.20,64.97,64.13,64.18,160999
2014-05-06,63.64,64.04,63.62,63.78,105772
2014-05-07,64.19,64.74,63.31,63.52,131121
2014-05-08,62.99,63.15,62.58,62.70,166637
2014-05-09,63.19,63.69,62.69,63.24,707326
2014-05-12,63.23,63.84,62.61,63.49,993033
2014-05-13,63.58,64.03,63.17,63.51,424165
2014-05-14,62.95,63.51,62.44,63.13,272124
2014-05-15,62.74,62.80,62.57,62.64,711293
2014-05-16,62.37,63.09,62.01,62.26,385017
2014-05-19,62.39,62.41,62.29,62.35,823592
2014-05-20,62.35,63.28,61.50,62.93,191196
2014-05-21,63.38,63.48,63.19,63.33,907379
2014-05-22,62.92,63.71,62.60,63.15,659751
2014-05-23,62.72,62.79,61.94,62.41,486319
2014-05-26,62.13,62.23,62.10,62.11,843637
2014-05-27,62.47,62.90,62.44,62.85,730795
2014-05-28,63.29,63.37,63.03,63.07,371548
2014-05-29,62.85,63.09,62.56,62.92,603520
2014-05-30,63.41,63.58,62.91,63.44,538922
2014-06-02,63.78,63.87,63.69,63.81,947927
2014-06-03,63.51,64.13,62.61,62.84,570380
2014-06-04,63.25,63.98,62.95,63.52,737199
2014-06-05,63.48,64.24,63.27,64.21,650678
2014-06-06,64.70,65.48,64.64,65.45,131403
2014-06-09,65.76,66.66,65.60,66.50,101205
2014-06-10,66.89,67.14,66.21,66.65,988734
2014-06-11,66.10,66.31,65.44,65.95,738441
2014-06-12,65.88,66.81,65.25,65.39,834386
2014-06-13,64.73,65.64,64.53,64.86,424200
2014-06-16,64.48,65.06,63.99,64.16,801802
2014-06-17,64.19,64.84,63.58,64.50,164921
2014-06-18,64.82,65.74,64.08,64.33,325243
2014-06-19,64.93,65.63,64.88,65.31,836414
2014-06-20,65.95,66.04,65.15,65.72,457114
2014-06-23,65.84,66.43,65.63,65.70,815141
2014-06-24,65.22,66.14,65.21,65.37,261541
2014-06-25,64.76,65.43,64.63,65.40,618387
2014-06-26,65.84,66.51,65.37,66.44,628676
2014-06-27,66.63,67.63,66.14,67.53,757050
2014-06-30,67.88,68.49,67.54,68.17,703682
2014-07-01,68.32,68.96,68.18,68.49,710664
2014-07-02,68.75,69.20,68.32,68.54,773918
2014-07-03,68.67,69.59,68.16,68.68,257100
2014-07-04,69.36,69.54,68.92,69.17,699337
2014-07-07,69.23,69.30,68.71,68.81,484987
2014-07-08,68.53,68.97,67.74,68.70,576423
2014-07-09,69.28,69.93,68.53,69.77,652287
2014-07-10,69.39,69.94,68.53,69.86,566231
2014-07-11,70.47,71.31,69.96,70.13,163827
2014-07-14,69.44,69.97,69.40,69.52,899085
2014-07-15,70.05,70.52,69.01,69.49,574174
2014-07-16,69.45,70.37,69.08,69.40,671755
2014-07-17,69.69,69.78,68.77,69.32,689982
2014-07-18,69.93,70.25,69.55,70.14,502767
2014-07-21,69.69,69.91,68.74,68.76,305040
2014-07-22,68.63,69.45,68.19,68.46,523437
2014-07-23,67.90,68.07,67.43,67.63,830704
2014-07-24,67.38,67.85,67.25,67.27,970054
2014-07-25,66.91,67.27,66.40,66.77,913881
2014-07-28,67.26,67.77,66.57,67.60,821642
2014-07-29,67.90,68.12,67.39,67.81,665242
2014-07-30,67.43,67.90,66.82,67.88,317118
2014-07-31,67.82,67.92,67.55,67.90,108406
2014-08-01,67.69,68.07,67.52,67.60,336883
2014-08-04,67.96,68.07,67.11,67.31,385531
2014-08-05,67.05,67.31,66.66,66.93,279443
2014-08-06,67.05,67.68,66.14,66.57,549703
2014-08-07,66.79,67.57,66.33,66.67,341770
2014-08-08,66.17,66.63,65.40,66.27,615795
2014-08-11,66.74,67.19,66.04,66.84,414792
2014-08-12,66.24,66.58,65.52,66.07,889985
2014-08-13,65.48,66.28,65.47,65.61,691439
2014-08-14,65.60,66.19,65.22,66.12,195600
2014-08-15,65.50,65.53,65.18,65.26,409920
2014-08-18,65.63,65.76,65.07,65.52,490958
2014-08-19,65.90,66.09,65.55,65.83,230938
2014-08-20,65.60,66.08,64.93,65.89,520637
2014-08-21,65.38,66.29,65.31,65.57,543495
2014-08-22,65.11,65.17,64.69,64.75,210435
2014-08-25,64.81,65.32,64.19,64.62,780403
2014-08-26,64.19,64.64,63.42,63.97,434637
2014-08-27,63.79,63.96,63.10,63.49,960629
2014-08-28,63.89,64.27,63.42,64.02,606845
2014-08-29,64.12,64.86,63.93,64.49,764795
2014-09-01,65.09,65.15,64.82,65.12,175739
2014-09-02,65.14,65.95,64.17,64.71,270144
2014-09-03,64.20,64.50,63.57,63.61,790685
2014-09-04,63.21,64.05,62.97,63.90,326679
2014-09-05,63.38,64.22,62.56,63.43,498766
2014-09-08,63.34,64.13,62.58,62.87,342204
2014-09-09,62.43,63.33,61.58,63.08,911026
2014-09-10,62.91,63.72,62.79,63.40,446664
2014-09-11,62.99,63.56,62.65,62.67,960929
2014-09-12,62.46,63.37,62.04,62.64,690048
2014-09-15,63.01,63.51,62.27,63.45,820019
2014-09-16,63.28,63.40,62.38,63.26,425827
2014-09-17,63.26,63.43,63.14,63.27,220531
2014-09-18,63.70,64.16,63.21,64.09,727436
2014-09-19,64.19,64.24,64.18,64.23,554547
2014-09-22,64.77,65.73,64.08,65.16,354916
2014-09-23,64.82,64.88,64.80,64.81,861152
2014-09-24,65.06,65.24,64.39,64.41,283373
2014-09-25,64.06,64.48,63.68,63.98,936746
2014-09-26,63.74,63.93,63.26,63.71,982957
2014-09-29,63.13,63.35,63.08,63.26,116865
2014-09-30,63.62,64.09,62.98,63.50,429517
2014-10-01,63.07,63.50,62.82,62.97,381099
2014-10-02,62.56,63.06,62.45,62.48,388563
2014-10-03,62.04,62.91,61.54,62.49,629152
2014-10-06,62.60,62.72,62.34,62.44,507363
2014-10-07,63.06,63.94,62.81,63.28,407768
2014-10-08,63.56,64.28,63.24,63.51,473563
2014-10-09,63.53,64.40,63.44,63.52,280414
2014-10-10,63.96,64.82,63.26,63.86,442467
2014-10-13,63.33,63.60,62.67,63.37,737978
2014-10-14,63.17,63.37,63.06,63.13,823366
2014-10-15,63.19,63.39,62.63,62.98,672760
2014-10-16,62.44,63.17,61.76,62.09,834838
2014-10-17,62.32,62.82,61.40,62.58,344731
2014-10-20,63.09,63.56,62.31,62.62,352392
2014-10-21,63.18,64.06,62.96,63.54,544484
2014-10-22,63.72,64.08,63.28,64.01,427136
2014-10-23,63.89,64.04,63.26,63.37,993641
2014-10-24,63.29,63.92,62.82,63.67,906504
2014-10-27,63.89,64.73,63.66,64.29,106482
2014-10-28,63.87,64.12,63.63,63.92,739932
2014-10-29,63.31,63.87,62.80,63.59,197065
2014-10-30,63.21,63.24,62.64,63.08,560051
2014-10-31,63.53,63.68,62.68,62.94,434538
2014-11-03,62.97,63.03,62.24,62.25,808497
2014-11-04,61.89,62.12,61.20,62.12,598443
2014-11-05,62.51,62.66,62.38,62.52,177700
2014-11-06,62.51,62.61,62.22,62.30,822122
2014-11-07,61.70,62.30,61.35,62.16,952598
2014-11-10,61.68,62.13,61.03,61.21,178963
2014-11-11,60.85,60.97,60.10,60.95,659762
2014-11-12,60.50,60.85,60.24,60.34,581613
2014-11-13,60.82,61.29,60.32,60.35,508872
2014-11-14,59.81,60.49,59.33,59.81,281814
2014-11-17,59.83,59.86,59.19,59.23,404929
2014-11-18,59.18,59.55,58.85,59.08,422133
2014-11-19,58.63,59.48,57.94,57.94,515417
2014-11-20,58.38,59.01,58.34,58.55,626139
2014-11-21,59.04,59.08,58.56,58.86,804255
2014-11-24,58.89,59.38,58.32,59.06,552113
2014-11-25,58.84,59.41,58.05,58.07,273277
2014-11-26,58.49,59.05,57.63,58.67,783739
2014-11-27,58.77,58.85,58.57,58.68,986415
2014-11-28,58.65,59.20,58.42,58.97,500837
2014-12-01,59.27,59.57,58.41,59.27,579045
2014-12-02,59.67,60.14,59.18,59.84,665490
2014-12-03,60.14,60.73,59.38,60.18,841402
2014-12-04,59.65,60.28,59.39,59.63,661260
2014-12-05,59.82,59.92,59.00,59.07,616408
2014-12-08,58.80,59.57,58.09,58.30,468165
2014-12-09,58.54,59.16,58.43,58.66,133533
2014-12-10,58.10,58.68,57.75,58.05,848645
2014-12-11,57.95,58.19,57.65,58.11,488959
2014-12-12,57.64,58.30,57.05,57.91,990539
2014-12-15,58.26,58.54,57.74,58.29,358367
2014-12-16,58.80,58.95,58.19,58.95,672250
2014-12-17,59.17,59.79,58.46,59.32,824143
2014-12-18,58.91,59.14,58.86,59.02,888281
2014-12-19,59.22,59.77,58.88,59.27,335898
2014-12-22,59.58,60.22,58.69,59.20,731821
2014-12-23,58.97,59.77,58.96,59.38,736693
2014-12-24,59.16,59.65,58.98,59.11,519567
2014-12-25,58.96,59.26,58.91,59.08,598872
2014-12-26,59.05,59.83,58.89,59.05,116296
2014-12-29,59.58,60.09,59.34,59.74,954898
2014-12-30,60.00,60.20,59.64,60.17,901315
2014-12-31,59.57,60.14,59.17,59.77,840336
2015-01-01,59.26,59.84,58.55,59.44,776646
2015-01-02,59.79,60.01,59.35,59.54,387845
2015-01-05,59.53,59.79,59.19,59.74,723033
2015-01-06,59.30,60.04,59.12,59.82,695939
2015-01-07,59.80,60.66,59.24,59.71,385339
2015-01-08,59.38,60.01,59.17,59.20,592940
2015-01-09,59.73,60.28,59.18,59.66,568107
2015-01-12,59.65,60.28,59.60,60.23,936805
2015-01-13,60.49,61.11,59.95,61.03,115691
2015-01-14,61.21,61.93,60.67,61.17,723743
2015-01-15,61.46,62.06,60.88,61.86,558918
2015-01-16,61.70,62.20,61.17,61.20,247339
2015-01-19,60.90,61.31,60.44,60.83,398349
2015-01-20,61.16,61.63,60.86,61.50,479915
2015-01-21,62.01,62.17,61.96,62.04,816542
2015-01-22,61.99,62.81,61.38,62.77,806682
2015-01-23,62.62,63.07,62.12,62.13,614052
2015-01-26,61.60,62.19,61.00,61.51,610927
2015-01-27,61.70,61.90,60.86,61.88,550179
2015-01-28,62.21,62.28,62.09,62.11,873947
2015-01-29,61.51,61.58,61.17,61.34,392926
2015-01-30,60.83,61.04,60.71,60.92,465237
2015-02-02,61.33,61.47,60.72,61.45,480927
2015-02-03,61.91,62.12,61.27,61.47,361740
2015-02-04,61.57,62.42,61.33,61.75,372524
2015-02-05,61.87,62.67,61.22,62.17,852345
2015-02-06,62.66,63.48,62.44,62.47,177581
2015-02-09,62.03,62.30,61.76,61.95,848811
2015-02-10,61.50,62.38,60.89,61.68,465323
2015-02-11,61.20,61.24,60.86,61.09,675964
2015-02-12,60.69,61.58,60.09,60.25,624899
2015-02-13,60.70,60.93,60.14,60.18,205618
2015-02-16,59.69,60.37,58.98,60.23,944294
2015-02-17,60.61,61.45,60.13,61.39,577088
2015-02-18,61.81,62.15,61.77,62.14,391964
2015-02-19,62.00,62.92,61.63,61.79,351269
2015-02-20,61.47,61.73,61.01,61.04,858825
2015-02-23,61.36,62.27,60.91,60.97,573513
2015-02-24,60.61,61.35,59.99,60.16,207379
2015-02-25,59.91,60.71,59.82,60.34,205709
2015-02-26,60.63,61.28,59.90,61.18,210185
2015-02-27,60.90,61.59,60.68,61.00,107879
2015-03-02,61.33,62.04,61.30,61.93,686080
2015-03-03,62.40,63.20,62.09,62.30,891556
2015-03-04,62.26,63.09,61.82,62.66,894477
2015-03-05,63.26,63.96,62.35,63.38,678642
2015-03-06,63.52,64.16,62.59,63.14,914538
2015-03-09,62.53,63.17,61.84,62.99,158908
2015-03-10,63.17,63.89,62.37,63.45,393811
2015-03-11,63.79,64.16,63.56,64.08,487453
2015-03-12,63.65,64.07,63.50,63.86,251733
2015-03-13,63.93,64.29,63.62,63.98,733862
2015-03-16,63.91,64.66,63.72,64.14,533896
2015-03-17,64.52,64.80,64.03,64.64,800181
2015-03-18,64.36,65.05,63.98,64.05,613243
2015-03-19,64.39,64.70,64.24,64.69,437560
2015-03-20,64.49,64.82,63.74,64.18,472923
2015-03-23,63.61,64.30,62.67,63.65,986229
2015-03-24,63.11,63.59,62.75,62.78,571217
2015-03-25,62.64,62.84,62.32,62.73,436007
2015-03-26,62.96,63.30,62.83,62.94,834954
2015-03-27,62.97,63.72,62.65,63.40,182612
2015-03-30,63.21,63.71,62.36,63.31,318552
2015-03-31,62.71,63.21,61.83,62.80,372750
2015-04-01,63.01,63.56,62.68,63.01,613139
2015-04-02,63.52,63.62,63.50,63.56,797727
2015-04-03,63.53,64.46,63.30,63.43,396875
2015-04-06,62.97,63.17,62.71,62.84,734233
2015-04-07,62.89,63.77,62.59,63.18,351151
2015-04-08,63.79,64.65,63.74,64.29,773799
2015-04-09,64.11,64.59,63.53,64.07,631792
2015-04-10,63.71,64.27,63.52,63.75,962023
2015-04-13,63.78,64.03,63.46,63.92,693917
2015-04-14,63.82,64.23,63.54,64.20,140654
2015-04-15,63.87,64.30,63.31,64.08,171477
2015-04-16,63.58,64.06,62.91,63.06,255398
2015-04-17,62.70,62.79,62.58,62.78,295287
2015-04-20,62.79,63.62,62.60,63.48,640875
2015-04-21,63.68,63.71,63.43,63.56,949499
2015-04-22,63.24,64.10,62.86,62.88,264410
2015-04-23,62.86,63.35,61.99,62.15,994584
2015-04-24,61.96,62.56,61.32,61.95,569498
2015-04-27,62.33,62.35,61.59,62.15,847712
2015-04-28,61.67,61.89,61.34,61.42,643196
2015-04-29,60.99,61.79,60.53,60.60,260897
2015-04-30,60.16,60.48,59.67,60.20,369445
2015-05-01,60.51,61.31,60.51,60.77,712383
2015-05-04,61.18,61.23,60.28,60.70,392668
2015-05-05,60.48,61.01,60.31,60.48,724161
2015-05-06,60.62,60.69,60.56,60.62,861124
2015-05-07,60.76,60.99,60.68,60.75,179694
2015-05-08,60.33,60.53,59.63,60.18,207459
2015-05-11,59.70,60.58,58.96,60.38,202891
2015-05-12,59.94,60.32,59.86,59.90,751229
2015-05-13,60.28,60.50,59.84,60.32,457731
2015-05-14,60.00,60.29,59.49,59.64,650507
2015-05-15,59.55,59.84,58.92,59.67,960455
2015-05-18,59.16,60.03,59.05,59.83,464851
2015-05-19,60.04,60.90,59.25,59.72,175375
2015-05-20,59.87,60.37,59.03,60.00,416651
2015-05-21,59.95,60.83,59.64,60.55,574999
2015-05-22,60.44,61.13,59.62,59.79,494061
2015-05-25,59.33,59.59,59.04,59.11,479341
2015-05-26,58.81,58.93,58.79,58.83,107947
2015-05-27,59.13,59.39,59.09,59.22,433185
2015-05-28,59.56,59.94,59.08,59.83,769809
2015-05-29,60.39,60.71,59.72,59.86,451260
2015-06-01,60.10,60.48,59.57,60.47,819146
2015-06-02,60.37,61.14,60.01,60.81,979761
2015-06-03,60.66,61.40,60.58,61.13,255670
2015-06-04,61.61,62.43,61.53,62.01,894525
2015-06-05,61.56,61.92,61.55,61.74,424178
2015-06-08,61.56,62.22,61.54,61.60,647313
2015-06-09,61.05,61.10,60.51,60.76,445057
2015-06-10,60.31,61.01,59.64,60.09,691058
2015-06-11,59.84,60.42,59.36,60.13,111643
2015-06-12,59.58,59.79,58.94,59.14,696584
2015-06-15,58.96,59.59,58.87,59.23,134966
2015-06-16,59.21,59.61,58.76,59.04,988686
2015-06-17,59.25,59.71,58.73,58.90,489059
2015-06-18,59.38,59.92,59.16,59.47,502711
2015-06-19,59.54,59.75,58.92,59.65,987747
2015-06-22,59.68,59.98,58.86,59.23,286172
2015-06-23,58.78,59.47,58.08,58.49,744504
2015-06-24,58.31,59.04,58.15,58.20,858288
2015-06-25,58.36,59.00,58.23,58.86,903761
2015-06-26,59.36,59.84,59.19,59.39,480640
2015-06-29,59.17,59.85,58.88,59.00,242477
2015-06-30,58.93,59.59,58.59,59.03,369667
2015-07-01,59.57,60.24,58.83,59.68,467851
2015-07-02,59.34,59.98,59.30,59.71,663558
2015-07-03,59.23,59.62,59.22,59.51,742450
2015-07-06,59.90,60.37,59.03,59.50,899673
2015-07-07,59.75,60.04,59.17,59.84,143297
2015-07-08,60.13,60.45,59.65,59.69,434775
2015-07-09,59.44,59.58,58.65,59.36,902731
2015-07-10,58.88,59.13,58.19,58.28,304833
2015-07-13,58.70,59.31,58.24,58.72,492828
2015-07-14,58.45,59.26,58.08,58.54,304795
2015-07-15,58.80,59.20,57.95,58.36,802266
2015-07-16,58.08,58.79,58.00,58.07,122753
2015-07-17,58.61,58.68,57.81,58.42,804418
2015-07-20,58.34,58.45,57.80,58.19,382780
2015-07-21,57.86,58.69,57.57,57.61,261820
2015-07-22,57.55,58.32,56.87,58.30,494035
2015-07-23,58.84,59.72,58.51,59.53,562800
2015-07-24,59.75,60.13,58.89,59.16,737775
2015-07-27,58.77,59.10,58.65,58.94,688360
2015-07-28,58.99,59.83,58.18,59.10,410646
2015-07-29,59.14,60.00,58.83,59.28,976827
2015-07-30,58.91,59.42,58.39,58.79,508229
2015-07-31,59.32,60.18,59.23,59.52,703667
2015-08-03,59.36,60.12,59.14,59.93,410529
2015-08-04,59.71,60.54,59.46,60.54,333525
2015-08-05,60.90,61.37,60.10,60.43,541572
2015-08-06,60.82,61.13,60.64,60.95,973288
2015-08-07,60.70,61.48,60.10,61.44,502668
2015-08-10,61.94,62.69,61.21,61.61,207948
2015-08-11,61.44,61.64,60.64,60.85,279851
2015-08-12,60.25,60.61,59.93,60.37,708746
2015-08-13,60.65,61.19,60.28,60.84,612374
2015-08-14,61.00,61.75,60.35,60.88,648382
2015-08-17,60.42,60.50,59.83,60.15,881646
2015-08-18,60.05,60.12,59.80,59.81,649661
2015-08-19,59.40,59.82,59.18,59.32,280363
2015-08-20,58.77,59.35,58.50,59.32,469875
2015-08-21,59.82,59.82,58.95,59.50,297486
2015-08-24,59.01,59.49,58.13,58.45,311765
2015-08-25,58.42,59.17,57.66,59.08,399893
2015-08-26,58.63,59.37,57.98,58.66,876657
2015-08-27,58.47,58.94,58.42,58.74,653161
2015-08-28,58.86,59.47,58.04,58.95,598749
2015-08-31,59.51,59.95,59.15,59.46,590379
2015-09-01,59.55,59.98,59.05,59.12,568574
2015-09-02,59.57,59.85,58.96,59.08,862028
2015-09-03,59.47,60.01,59.46,59.64,273090
2015-09-04,59.10,59.22,58.33,58.56,424895
2015-09-07,58.60,59.02,58.29,58.83,296294
2015-09-08,58.82,59.23,58.46,58.61,908942
2015-09-09,58.45,59.02,57.64,57.65,380691
2015-09-10,58.05,58.47,57.84,57.89,549352
2015-09-11,57.47,57.75,56.79,57.26,859523
2015-09-14,57.01,57.75,56.73,57.36,836389
2015-09-15,56.93,56.93,56.47,56.69,783666
2015-09-16,56.75,56.85,56.18,56.35,774933
2015-09-17,56.00,56.21,55.35,56.11,373614
2015-09-18,55.70,56.41,55.48,56.29,581305
2015-09-21,56.52,56.83,56.32,56.66,596672
2015-09-22,56.13,56.77,55.86,56.74,593398
2015-09-23,57.09,57.66,57.06,57.17,854214
2015-09-24,57.21,57.61,57.06,57.56,464044
2015-09-25,57.91,58.74,57.79,57.87,717300
2015-09-28,57.39,57.71,56.86,57.30,272137
2015-09-29,57.07,57.56,56.70,57.19,998232
2015-09-30,56.68,56.91,56.29,56.41,852629
2015-10-01,56.40,56.74,56.32,56.37,144238
2015-10-02,56.32,56.42,56.32,56.40,533103
2015-10-05,56.09,56.26,56.07,56.18,967780
2015-10-06,56.04,56.47,55.43,56.10,256444
2015-10-07,56.14,56.97,56.10,56.43,803770
2015-10-08,56.91,57.46,56.46,56.67,773065
2015-10-09,56.78,56.81,55.94,56.37,243799
2015-10-12,56.89,56.98,56.46,56.90,738589
2015-10-13,57.34,57.66,57.31,57.60,936875
2015-10-14,57.76,58.11,56.98,58.06,505437
2015-10-15,58.07,58.36,58.05,58.20,286838
2015-10-16,57.89,58.74,57.51,58.02,489043
2015-10-19,58.28,58.65,57.88,57.94,935131
2015-10-20,57.48,58.16,57.10,57.67,303222
2015-10-21,57.86,57.95,57.84,57.94,348948
2015-10-22,57.45,58.28,56.86,57.91,468243
2015-10-23,58.39,58.58,57.77,58.42,263186
2015-10-26,58.27,58.85,57.77,58.26,534496
2015-10-27,58.61,59.23,58.12,58.39,240813
2015-10-28,58.30,58.40,58.26,58.29,167426
2015-10-29,58.42,59.18,57.77,58.40,674316
2015-10-30,58.27,58.52,58.10,58.25,469208
2015-11-02,58.23,58.59,58.20,58.21,812769
2015-11-03,57.98,58.22,57.55,57.62,752620
2015-11-04,57.70,57.98,57.41,57.67,742816
2015-11-05,57.22,57.36,56.92,57.07,120740
2015-11-06,56.63,57.04,56.20,56.63,138627
2015-11-09,56.83,57.42,56.49,57.14,592228
2015-11-10,56.97,57.00,56.85,56.92,872177
2015-11-11,57.42,58.17,56.83,57.24,448807
2015-11-12,57.64,57.81,56.85,56.91,739514
2015-11-13,56.99,57.50,56.24,56.62,741437
2015-11-16,56.49,56.55,56.23,56.46,581190
2015-11-17,56.08,56.84,55.75,56.19,809964
2015-11-18,56.16,56.56,55.72,56.39,473874
2015-11-19,56.36,56.41,56.12,56.30,518301
2015-11-20,55.80,56.38,55.78,56.31,887616
2015-11-23,56.75,57.53,56.38,56.76,967029
2015-11-24,56.87,57.25,56.63,56.91,436236
2015-11-25,56.79,57.18,56.56,56.62,688624
2015-11-26,56.23,56.75,56.00,56.13,470941
2015-11-27,55.92,56.38,55.86,56.18,276397
2015-11-30,56.17,56.58,55.79,55.88,787155
2015-12-01,55.88,56.59,55.69,55.79,262369
2015-12-02,55.87,55.95,55.38,55.75,352401
2015-12-03,55.68,56.20,55.58,56.06,552155
2015-12-04,56.23,56.53,55.96,56.10,244566
2015-12-07,55.95,56.10,55.41,55.70,535378
2015-12-08,55.87,56.33,55.04,55.40,305079
2015-12-09,55.71,56.37,54.91,56.26,248668
2015-12-10,56.23,56.66,55.64,56.34,712505
2015-12-11,56.48,56.72,56.05,56.62,406208
2015-12-14,56.64,57.24,56.16,56.20,648858
2015-12-15,56.72,56.97,56.44,56.78,410069
2015-12-16,56.47,56.68,56.09,56.34,960374
2015-12-17,56.87,57.28,56.04,57.23,849959
2015-12-18,57.67,58.18,56.86,57.78,565695
2015-12-21,57.60,58.27,56.85,58.10,209000
2015-12-22,58.19,58.51,57.39,58.29,689339
2015-12-23,58.13,58.54,57.56,57.70,444429
2015-12-24,57.32,57.36,56.62,57.12,394343
2015-12-25,57.61,57.88,57.42,57.62,651838
2015-12-28,57.15,57.71,57.12,57.15,668058
2015-12-29,56.63,57.02,56.53,56.76,293890
2015-12-30,56.65,57.49,56.17,56.67,168658
2015-12-31,56.25,56.68,55.57,55.91,237135
2016-01-01,55.97,56.01,55.17,55.78,473907
2016-01-04,56.33,56.93,55.66,56.10,282363
2016-01-05,56.25,56.90,55.97,56.25,132353
2016-01-06,55.96,56.54,55.65,56.37,432341
2016-01-07,55.97,56.22,55.37,55.91,732129
2016-01-08,56.00,56.30,55.90,55.97,972439
2016-01-11,56.21,56.64,55.91,56.26,627368
2016-01-12,56.62,57.21,56.17,57.03,243139
2016-01-13,56.55,56.86,56.13,56.47,219505
2016-01-14,56.77,57.11,56.71,56.85,524867
2016-01-15,57.20,57.71,56.77,56.90,673011
2016-01-18,57.46,57.91,57.01,57.34,128250
2016-01-19,57.09,57.63,56.68,57.02,197031
2016-01-20,56.94,57.15,56.79,57.11,779990
2016-01-21,56.59,57.33,55.88,56.72,521932
2016-01-22,57.23,57.46,56.48,56.57,259613
2016-01-25,56.05,56.30,55.60,56.24,599436
2016-01-26,55.90,56.42,55.85,55.89,221850
2016-01-27,55.88,56.18,55.73,55.86,828988
2016-01-28,56.19,56.26,55.73,55.98,581597
2016-01-29,56.47,56.84,55.68,55.84,532304
2016-02-01,56.39,56.65,56.12,56.62,753960
2016-02-02,56.35,56.99,56.11,56.60,329448
2016-02-03,56.04,56.34,55.52,56.29,397718
2016-02-04,56.28,56.80,55.61,56.69,218034
2016-02-05,56.73,57.35,56.25,56.36,973244
2016-02-08,56.40,56.83,56.24,56.32,663988
2016-02-09,56.08,56.36,55.45,56.14,407005
2016-02-10,55.78,56.27,55.32,56.22,806450
2016-02-11,55.85,55.94,55.33,55.90,545008
2016-02-12,55.37,55.78,54.61,55.14,888237
2016-02-15,55.37,55.49,55.31,55.32,621665
2016-02-16,55.75,55.84,55.54,55.83,842175
2016-02-17,56.03,56.77,55.56,56.34,313829
2016-02-18,56.63,56.84,56.39,56.53,363317
2016-02-19,56.41,57.09,55.75,56.59,435787
2016-02-22,56.31,57.09,55.70,56.09,706902
2016-02-23,55.96,56.08,55.36,55.85,870677
2016-02-24,55.36,56.08,55.08,55.89,621936
2016-02-25,55.45,56.18,54.77,55.73,325317
2016-02-26,55.29,55.34,55.19,55.20,674900
2016-02-29,55.47,55.53,54.77,55.28,829792
2016-03-01,55.46,56.08,54.69,55.39,600059
2016-03-02,55.36,55.95,54.79,55.09,426980
2016-03-03,55.33,55.61,55.14,55.50,893849
2016-03-04,55.23,55.90,55.01,55.89,174205
2016-03-07,55.62,56.13,55.62,55.93,991284
2016-03-08,56.42,56.90,56.21,56.26,526654
2016-03-09,56.75,56.77,56.28,56.60,220341
2016-03-10,56.34,56.47,55.52,56.37,199090
2016-03-11,56.44,56.88,55.63,55.97,758801
2016-03-14,56.47,56.57,55.79,56.45,465101
2016-03-15,56.96,57.09,56.37,56.70,277981
2016-03-16,56.58,57.09,56.31,56.59,571016
2016-03-17,56.54,56.75,56.51,56.62,635352
2016-03-18,56.58,56.62,55.95,56.44,876358
2016-03-21,56.56,56.89,56.10,56.58,506646
2016-03-22,56.75,57.56,56.58,57.45,631012
2016-03-23,57.38,57.77,56.98,57.29,871586
2016-03-24,57.26,57.61,57.17,57.57,135926
2016-03-25,57.00,57.30,56.90,56.97,538236
2016-03-28,56.83,57.21,56.41,57.03,936664
2016-03-29,56.89,57.23,56.86,57.11,447589
2016-03-30,57.17,57.51,57.04,57.26,489485
2016-03-31,57.25,57.30,56.57,56.90,706187
2016-04-01,56.34,57.02,55.63,56.21,921574
2016-04-04,56.09,56.18,56.03,56.14,327683
2016-04-05,56.04,56.74,55.80,55.88,535013
2016-04-06,55.61,56.27,54.93,55.85,944258
2016-04-07,55.51,56.32,55.39,56.26,169346
2016-04-08,56.03,56.41,55.56,56.22,920837
2016-04-11,55.78,56.13,55.70,56.07,608271
2016-04-12,55.72,56.52,55.64,55.69,132748
2016-04-13,56.01,56.82,55.51,56.59,955603
2016-04-14,56.44,57.18,56.29,56.64,539477
2016-04-15,56.62,56.82,56.24,56.76,331194
2016-04-18,56.36,57.05,55.56,56.27,868794
2016-04-19,56.46,56.68,55.75,56.47,977309
2016-04-20,56.51,56.64,56.00,56.24,945743
2016-04-21,56.71,57.48,55.90,56.34,296225
2016-04-22,55.92,56.36,55.61,55.80,879523
2016-04-25,56.17,56.70,56.17,56.49,153385
2016-04-26,56.21,56.31,56.06,56.23,536249
2016-04-27,56.73,57.33,56.32,57.29,499109
2016-04-28,57.67,58.37,56.83,57.61,867910
2016-04-29,57.99,58.21,57.15,57.90,725967
2016-05-02,58.44,59.15,58.41,59.12,433502
2016-05-03,58.78,58.97,57.99,58.57,178745
2016-05-04,58.56,58.71,57.94,58.48,172378
2016-05-05,58.42,58.93,58.22,58.24,716856
2016-05-06,58.24,58.54,57.76,57.80,806118
2016-05-09,58.15,58.32,57.32,57.71,603540
2016-05-10,58.14,58.57,57.74,57.82,299161
2016-05-11,58.13,58.52,57.61,58.24,219887
2016-05-12,58.16,59.00,57.38,58.20,892293
2016-05-13,57.80,58.21,57.49,57.97,784272
2016-05-16,57.49,57.51,56.75,56.92,289271
2016-05-17,57.40,58.08,57.07,57.19,671616
2016-05-18,57.43,58.26,57.21,58.19,644901
2016-05-19,58.60,59.11,57.93,58.13,832569
2016-05-20,57.61,57.79,57.21,57.26,270626
2016-05-23,56.92,57.66,56.08,57.45,232971
2016-05-24,57.90,58.04,57.06,57.13,510627
2016-05-25,57.17,57.40,56.66,56.87,216188
2016-05-26,56.85,57.54,56.57,57.32,672415
2016-05-27,57.43,57.76,57.11,57.29,284147
2016-05-30,57.77,57.80,57.28,57.43,967727
2016-05-31,56.90,57.18,56.38,56.61,757033
2016-06-01,56.37,56.56,56.20,56.23,812382
2016-06-02,56.73,56.93,56.50,56.70,794108
2016-06-03,56.69,57.43,56.12,56.94,348626
2016-06-06,57.18,57.80,56.65,57.61,711415
2016-06-07,58.17,58.45,57.80,58.02,395397
2016-06-08,58.35,58.95,57.90,58.95,119243
2016-06-09,58.55,58.65,58.03,58.23,660384
2016-06-10,58.26,58.50,58.05,58.14,956435
2016-06-13,58.49,58.88,58.04,58.65,618483
2016-06-14,58.90,59.01,58.20,58.29,531243
2016-06-15,58.00,58.85,57.35,57.45,870696
2016-06-16,57.26,57.41,56.47,56.86,805700
2016-06-17,56.80,57.52,55.98,57.04,243306
2016-06-20,57.49,57.50,56.67,56.95,346472
2016-06-21,57.24,57.94,56.83,57.55,381109
2016-06-22,57.95,58.30,57.60,58.26,506182
2016-06-23,58.71,59.02,58.50,58.52,173004
2016-06-24,58.61,58.62,58.39,58.49,841835
2016-06-27,58.72,58.95,58.63,58.64,808667
2016-06-28,58.06,58.72,57.74,57.83,257314
2016-06-29,58.11,58.31,57.27,57.74,199649
2016-06-30,57.80,58.61,57.09,58.54,401787
2016-07-01,58.84,59.26,58.55,58.57,507919
2016-07-04,58.77,59.03,58.17,58.88,766044
2016-07-05,59.27,59.63,58.95,59.40,709723
2016-07-06,59.55,60.39,59.54,59.76,892371
2016-07-07,59.50,59.81,58.83,59.65,927278
2016-07-08,60.20,60.94,59.76,60.42,831295
2016-07-11,60.44,60.80,60.33,60.55,727872
2016-07-12,61.11,61.64,60.83,60.91,743018
2016-07-13,61.43,61.88,60.51,60.94,730409
2016-07-14,61.40,61.65,60.70,60.74,310605
2016-07-15,60.48,60.95,60.08,60.32,118348
2016-07-18,59.96,60.35,59.55,59.61,743641
2016-07-19,59.43,60.19,59.41,59.52,429074
2016-07-20,59.09,59.65,59.08,59.16,451341
2016-07-21,59.52,60.07,58.91,58.96,945627
2016-07-22,58.76,59.42,58.15,58.38,124339
2016-07-25,58.92,59.78,58.81,59.05,863403
2016-07-26,59.07,59.56,58.73,59.35,583487
2016-07-27,59.78,59.95,59.25,59.34,563945
2016-07-28,59.26,59.32,59.25,59.30,513563
2016-07-29,59.29,59.96,58.89,59.12,126047
2016-08-01,59.26,60.03,58.99,59.59,144682
2016-08-02,59.89,60.41,59.57,59.73,893861
2016-08-03,60.11,60.48,59.66,60.06,195376
2016-08-04,60.51,61.40,60.40,61.14,893123
2016-08-05,61.69,61.86,61.00,61.60,603513
2016-08-08,62.02,62.50,61.84,62.40,584527
2016-08-09,62.49,62.83,61.97,62.03,768226
2016-08-10,62.02,62.55,61.98,62.05,889457
2016-08-11,61.80,62.61,61.00,62.36,218181
2016-08-12,62.66,63.56,61.77,61.87,769501
2016-08-15,61.46,61.50,60.69,61.01,463609
2016-08-16,61.43,62.05,61.09,61.49,422610
2016-08-17,60.92,61.47,60.82,61.04,174489
2016-08-18,61.46,61.89,60.60,61.05,342551
2016-08-19,61.25,61.57,60.48,60.86,947999
2016-08-22,60.70,60.75,60.31,60.74,631598
2016-08-23,60.22,60.35,59.33,59.72,580278
2016-08-24,59.95,60.62,59.71,60.25,302886
2016-08-25,60.62,60.69,59.82,60.39,889336
2016-08-26,60.55,61.45,59.94,61.29,567683
2016-08-29,61.11,61.79,61.10,61.20,723432
2016-08-30,60.96,60.99,60.85,60.86,110680
2016-08-31,60.65,61.55,60.41,61.41,651551
2016-09-01,61.81,62.53,61.22,62.05,924157
2016-09-02,62.61,63.42,62.05,62.76,741943
2016-09-05,62.36,62.41,61.87,62.06,244675
2016-09-06,61.64,61.80,61.03,61.54,576450
2016-09-07,61.78,62.71,60.99,61.59,812590
2016-09-08,61.42,61.61,60.88,61.30,502769
2016-09-09,61.85,61.88,60.99,61.85,708974
2016-09-12,62.33,62.60,61.60,62.54,634470
2016-09-13,62.14,62.59,62.01,62.41,938129
2016-09-14,62.61,63.33,61.79,62.49,410809
2016-09-15,62.48,62.70,61.91,62.25,958692
2016-09-16,62.39,62.66,61.50,62.27,199065
2016-09-19,62.57,62.60,62.54,62.58,796574
2016-09-20,62.91,63.06,62.53,62.80,336677
2016-09-21,63.23,63.53,63.02,63.03,586507
2016-09-22,63.50,63.99,62.80,63.82,491188
2016-09-23,64.14,65.06,63.20,64.48,311530
2016-09-26,64.44,65.05,64.12,64.40,168587
2016-09-27,64.44,65.26,63.83,64.46,997221
2016-09-28,64.17,64.66,63.44,64.14,804077
2016-09-29,64.28,64.98,64.05,64.15,593126
2016-09-30,64.52,64.93,64.00,64.88,361430
2016-10-03,65.38,66.00,65.01,65.35,192883
2016-10-04,65.23,65.36,64.34,64.85,499875
2016-10-05,65.10,65.84,64.73,65.63,390285
2016-10-06,65.30,65.80,64.62,65.16,666064
2016-10-07,65.78,66.18,64.92,65.68,932626
2016-10-10,65.99,66.82,65.96,66.42,867022
2016-10-11,66.10,66.54,65.43,65.93,643676
2016-10-12,66.33,67.31,66.11,66.54,704405
2016-10-13,67.08,67.58,66.15,66.47,727692
2016-10-14,65.94,65.98,65.83,65.86,945083
2016-10-17,65.80,66.35,65.56,65.77,993770
2016-10-18,65.93,66.78,65.46,65.70,373101
2016-10-19,65.74,66.01,65.73,65.92,771231
2016-10-20,66.20,66.78,65.52,65.57,816720
2016-10-21,65.65,66.21,64.81,65.07,205315
2016-10-24,65.41,65.62,65.19,65.20,326366
2016-10-25,65.00,65.79,64.29,65.53,486506
2016-10-26,65.70,65.80,65.04,65.28,263979
2016-10-27,65.52,66.25,64.94,65.01,907118
2016-10-28,64.98,65.30,64.81,64.88,182645
2016-10-31,64.82,64.85,64.56,64.57,271530
2016-11-01,64.36,64.99,64.21,64.48,915004
2016-11-02,64.23,64.33,63.93,64.33,135703
2016-11-03,64.36,64.49,63.74,63.91,647546
2016-11-04,63.48,63.75,63.12,63.31,568388
2016-11-07,63.91,64.80,63.26,64.76,169529
2016-11-08,64.93,65.20,64.01,64.36,527948
2016-11-09,64.79,65.26,64.15,65.20,883343
2016-11-10,65.21,65.40,64.96,65.11,489549
2016-11-11,64.99,65.50,64.96,65.23,190451
2016-11-14,65.12,65.94,64.60,65.33,836740
2016-11-15,65.04,65.46,65.03,65.37,178441
2016-11-16,65.94,66.89,65.38,66.44,675109
2016-11-17,66.51,67.15,65.87,67.15,588878
2016-11-18,67.68,68.37,67.19,67.80,827957
2016-11-21,67.23,67.33,66.42,66.49,540618
2016-11-22,66.37,66.77,66.24,66.47,460315
2016-11-23,66.70,67.14,65.95,66.50,714750
2016-11-24,66.11,66.63,65.39,66.52,633945
2016-11-25,66.56,66.80,66.20,66.44,550380
2016-11-28,65.98,66.11,65.77,65.98,834952
2016-11-29,65.98,66.12,65.85,66.03,241457
2016-11-30,66.34,66.39,66.19,66.27,606482
2016-12-01,66.57,66.70,65.92,66.69,155072
2016-12-02,66.30,66.92,66.15,66.25,544786
2016-12-05,66.42,66.89,66.34,66.77,540469
2016-12-06,66.41,67.01,65.79,66.08,797599
2016-12-07,66.24,66.70,65.68,66.40,830854
2016-12-08,65.87,66.38,65.75,65.87,249001
2016-12-09,66.31,66.45,66.29,66.35,294511
2016-12-12,65.70,66.25,65.14,65.20,669023
2016-12-13,65.70,66.25,65.56,65.70,310655
2016-12-14,65.39,65.45,64.62,65.17,779692
2016-12-15,65.49,65.98,64.64,65.66,659406
2016-12-16,65.24,66.05,65.09,66.00,235288
2016-12-19,66.13,66.46,65.45,65.48,972838
2016-12-20,65.37,65.37,64.61,65.10,498899
2016-12-21,65.06,65.52,64.23,64.89,279084
2016-12-22,64.67,64.77,63.77,64.18,448034
2016-12-23,64.12,64.55,63.57,64.46,223365
2016-12-26,64.91,65.59,64.22,65.37,176318
2016-12-27,65.56,66.19,65.32,66.08,879949
2016-12-28,66.55,67.40,65.57,65.61,393278
2016-12-29,65.10,65.22,64.61,65.18,594660
2016-12-30,65.50,65.93,64.97,65.49,761873
2017-01-02,65.21,65.94,64.88,65.92,366295
2017-01-03,66.04,66.23,65.83,66.13,860728
2017-01-04,66.34,66.85,65.35,65.73,918517
2017-01-05,65.36,65.71,64.97,65.57,438001
2017-01-06,65.32,65.60,65.22,65.37,723726
2017-01-09,65.51,66.15,65.14,65.27,503029
2017-01-10,65.22,65.77,64.95,64.96,993127
2017-01-11,64.91,65.34,64.49,65.20,814564
2017-01-12,64.55,64.73,64.00,64.12,453787
2017-01-13,64.01,64.54,63.24,64.54,274511
2017-01-16,64.54,65.21,64.22,64.39,159955
2017-01-17,64.26,64.99,63.93,64.80,974246
2017-01-18,64.68,65.08,64.23,64.54,699441
2017-01-19,65.16,65.82,65.10,65.73,682050
2017-01-20,66.15,66.95,65.45,66.05,570979
2017-01-23,65.92,66.13,65.19,65.68,546579
2017-01-24,65.40,65.67,65.36,65.59,401273
2017-01-25,65.85,66.02,65.61,65.86,417177
2017-01-26,65.58,66.36,65.09,65.69,699875
2017-01-27,65.63,66.17,64.65,65.04,902559
2017-01-30,65.63,65.87,65.11,65.14,699694
2017-01-31,64.63,65.09,63.96,65.01,427670
2017-02-01,64.41,65.20,63.89,64.56,917066
2017-02-02,64.49,64.61,63.55,63.58,512456
2017-02-03,63.74,64.20,63.62,63.82,986968
2017-02-06,64.07,64.48,63.24,64.15,146114
2017-02-07,64.58,65.33,63.71,64.89,389594
2017-02-08,64.51,65.41,63.72,63.88,377918
2017-02-09,63.45,63.93,62.76,62.86,826042
2017-02-10,62.26,63.13,61.53,63.06,357970
2017-02-13,62.88,63.76,62.78,63.34,109646
2017-02-14,63.00,63.88,62.93,63.59,628876
2017-02-15,63.61,64.10,62.83,64.01,413546
2017-02-16,64.08,64.13,63.67,63.70,135273
2017-02-17,64.07,64.41,63.15,64.25,535658
2017-02-20,63.70,64.60,63.09,63.89,587107
2017-02-21,63.57,64.44,63.50,63.93,718506
2017-02-22,64.54,64.75,64.36,64.61,370585
2017-02-23,64.99,65.08,64.67,64.67,994481
2017-02-24,64.91,65.82,64.01,64.48,449857
2017-02-27,64.77,64.93,64.66,64.74,363743
2017-02-28,64.51,65.44,64.29,65.20,401627
2017-03-01,64.85,65.44,63.98,65.35,492110
2017-03-02,65.85,66.12,64.98,65.08,388489
2017-03-03,64.54,65.34,63.89,64.04,485254
2017-03-06,63.63,63.69,63.04,63.40,889451
2017-03-07,63.65,64.23,63.11,64.21,282870
2017-03-08,63.97,63.99,63.38,63.62,191993
2017-03-09,63.54,63.66,62.94,63.28,351216
2017-03-10,63.48,63.84,62.94,63.53,916534
2017-03-13,63.45,64.11,62.62,62.74,147823
2017-03-14,63.01,63.06,63.01,63.03,877643
2017-03-15,63.55,64.15,63.06,63.73,641483
2017-03-16,64.31,64.89,63.66,64.00,400585
2017-03-17,64.17,64.58,64.13,64.50,342334
2017-03-20,64.74,65.47,64.34,65.32,507304
2017-03-21,65.64,65.89,64.81,64.93,694886
2017-03-22,64.85,65.51,64.37,65.51,398601
2017-03-23,65.15,65.96,64.25,64.78,992040
2017-03-24,65.18,65.74,64.67,65.01,612054
2017-03-27,65.32,65.88,65.16,65.62,389922
2017-03-28,65.82,66.73,65.34,65.40,762553
2017-03-29,65.80,65.98,65.20,65.45,448155
2017-03-30,65.79,66.67,65.31,66.06,307967
2017-03-31,65.49,66.42,64.59,64.78,783424
2017-04-03,64.92,65.58,64.68,64.81,520493
2017-04-04,64.86,65.40,64.34,65.12,302854
2017-04-05,65.73,65.73,65.16,65.20,636332
2017-04-06,65.10,65.31,64.66,64.75,797717
2017-04-07,64.88,65.64,63.91,65.61,332694
2017-04-10,65.15,65.31,64.45,65.12,338004
2017-04-11,64.74,65.03,64.45,64.67,493819
2017-04-12,65.32,66.12,64.78,65.60,180007
2017-04-13,65.63,65.79,64.90,65.52,219666
2017-04-14,64.89,65.31,64.64,64.84,758680
2017-04-17,64.74,64.94,64.27,64.44,934461
2017-04-18,64.59,65.06,63.67,63.72,375047
2017-04-19,64.19,64.87,63.94,64.76,223244
2017-04-20,65.30,65.39,65.06,65.07,296244
2017-04-21,65.05,65.28,64.97,65.03,568770
2017-04-24,64.52,65.21,64.39,64.60,423082
2017-04-25,64.50,65.06,63.85,64.21,624246
2017-04-26,64.70,64.79,64.23,64.60,299237
2017-04-27,64.93,65.86,64.35,64.68,916695
2017-04-28,64.95,65.71,64.14,64.97,898549
2017-05-01,65.51,65.82,64.61,65.56,429870
2017-05-02,65.22,65.52,65.03,65.37,831654
2017-05-03,65.46,66.40,64.66,65.18,189215
2017-05-04,65.04,65.83,64.08,65.67,153666
2017-05-05,65.62,66.21,65.38,65.71,982365
2017-05-08,65.27,66.01,65.23,66.00,335443
2017-05-09,65.44,66.36,65.40,65.61,284839
2017-05-10,65.94,65.95,65.16,65.50,906547
2017-05-11,64.87,65.00,64.69,64.79,597620
2017-05-12,64.71,65.50,64.63,65.45,545577
2017-05-15,66.04,66.90,65.45,66.46,483828
2017-05-16,66.23,67.12,65.82,66.53,370165
2017-05-17,66.63,67.59,66.28,66.69,186586
2017-05-18,67.20,67.61,66.98,67.01,408254
2017-05-19,67.10,67.20,66.49,66.53,837517
2017-05-22,66.97,67.05,66.58,66.80,268682
2017-05-23,67.04,67.37,66.19,67.29,898990
2017-05-24,67.70,68.02,67.37,67.69,192341
2017-05-25,67.75,68.76,67.46,67.53,626926
2017-05-26,66.86,66.97,66.16,66.17,719386
2017-05-29,65.54,65.68,64.93,65.10,269879
2017-05-30,65.67,65.73,65.34,65.73,912220
2017-05-31,65.33,66.08,65.07,65.90,840562
2017-06-01,65.47,66.40,64.67,65.15,648099
2017-06-02,64.62,65.59,64.61,64.87,186229
2017-06-05,64.39,65.03,64.32,64.65,946009
2017-06-06,64.08,64.76,64.06,64.72,284336
2017-06-07,64.74,65.60,64.27,64.45,255087
2017-06-08,64.78,65.00,64.32,64.88,207118
2017-06-09,65.52,66.31,65.40,65.54,994439
2017-06-12,65.25,65.40,64.69,64.79,984167
2017-06-13,65.29,65.93,64.46,65.64,764757
2017-06-14,65.75,66.51,64.81,66.18,636368
2017-06-15,66.01,66.90,65.40,66.06,622095
2017-06-16,66.58,67.53,66.12,67.30,333786
2017-06-19,67.89,68.19,67.53,67.72,420655
2017-06-20,67.86,67.87,67.78,67.83,326782
2017-06-21,68.38,68.46,67.50,68.41,454053
2017-06-22,68.97,69.05,68.15,68.55,529065
2017-06-23,69.22,70.19,68.80,69.26,850621
2017-06-26,69.72,69.77,68.87,69.38,385981
2017-06-27,69.48,70.33,68.82,70.09,191676
2017-06-28,69.40,70.07,69.00,69.22,928081
2017-06-29,69.68,70.16,69.58,69.62,868367
2017-06-30,69.32,69.45,69.13,69.30,387878
2017-07-03,69.11,70.02,68.25,69.62,966252
2017-07-04,70.04,70.57,70.02,70.52,746824
2017-07-05,69.85,70.77,68.97,70.06,529492
2017-07-06,70.56,71.49,69.59,69.63,421509
2017-07-07,70.30,70.49,70.01,70.24,394320
2017-07-10,70.57,71.52,69.58,70.70,907341
2017-07-11,70.33,70.93,69.82,70.56,164234
2017-07-12,70.74,71.30,69.93,70.74,719264
2017-07-13,71.42,72.06,70.92,71.74,726775
2017-07-14,71.36,71.78,71.05,71.56,908777
2017-07-17,71.36,71.95,71.16,71.73,629156
2017-07-18,71.40,72.24,71.07,71.69,758554
2017-07-19,71.24,71.33,70.87,71.20,228430
2017-07-20,71.69,71.93,71.39,71.77,475766
2017-07-21,71.80,72.38,71.38,72.38,707728
2017-07-24,72.30,73.29,72.16,72.85,846461
2017-07-25,73.19,73.21,72.19,73.02,653556
2017-07-26,72.85,73.40,72.04,73.16,127725
2017-07-27,73.31,74.01,72.99,73.10,117925
2017-07-28,73.31,73.82,73.00,73.15,710610
2017-07-31,72.91,73.11,72.50,72.99,439882
2017-08-01,73.43,73.78,72.97,73.24,243573
2017-08-02,73.13,74.16,73.02,73.34,723868
2017-08-03,72.79,73.72,72.52,72.71,932912
2017-08-04,73.25,74.26,72.74,74.12,868230
2017-08-07,73.77,74.81,73.27,73.67,626348
2017-08-08,73.62,74.58,73.03,73.92,258431
2017-08-09,74.38,74.44,73.71,73.84,181050
2017-08-10,74.28,74.81,73.96,74.32,912704
2017-08-11,74.48,75.44,74.38,75.39,838913
2017-08-14,75.95,76.65,75.22,75.23,438239
2017-08-15,75.28,75.80,74.92,75.54,317108
2017-08-16,75.17,75.54,74.67,75.23,297618
2017-08-17,75.01,76.00,74.58,75.81,239430
2017-08-18,76.38,77.40,75.42,76.28,888124
2017-08-21,76.64,77.33,76.47,77.14,776342
2017-08-22,77.02,77.76,76.11,76.31,297843
2017-08-23,76.14,76.96,75.55,75.81,777382
2017-08-24,76.08,76.64,75.07,75.86,582571
2017-08-25,75.20,76.21,74.15,74.78,142767
2017-08-28,75.46,75.74,74.67,74.98,642853
2017-08-29,75.44,76.47,75.24,75.65,598222
2017-08-30,76.24,76.89,76.12,76.24,220805
2017-08-31,76.15,77.29,75.51,76.47,893395
2017-09-01,76.42,77.56,75.50,76.86,192945
2017-09-04,76.89,77.10,76.64,77.00,198799
2017-09-05,77.10,77.75,77.05,77.26,878799
2017-09-06,77.90,78.99,77.24,78.75,753925
2017-09-07,79.43,80.30,78.64,79.01,839585
2017-09-08,78.34,78.82,78.26,78.44,928612
2017-09-11,78.51,79.68,78.03,78.80,106401
2017-09-12,79.24,80.30,78.41,80.04,793001
2017-09-13,80.51,80.95,80.24,80.71,819014
2017-09-14,80.16,80.92,79.84,80.20,975879
2017-09-15,80.97,81.96,80.73,81.33,522528
2017-09-18,80.74,81.37,79.58,80.11,552622
2017-09-19,80.42,80.96,79.83,80.86,276795
2017-09-20,81.29,82.06,81.09,81.92,365116
2017-09-21,82.51,82.62,81.54,82.24,606858
2017-09-22,82.59,82.74,82.02,82.69,242755
2017-09-25,83.05,83.59,82.46,83.58,498019
2017-09-26,83.52,84.14,82.88,84.05,957331
2017-09-27,83.44,83.77,82.23,83.50,390734
2017-09-28,82.76,83.73,82.35,82.63,570315
2017-09-29,82.92,83.59,82.54,83.14,861352
2017-10-02,82.80,83.48,82.05,83.09,229213
2017-10-03,83.73,84.66,83.42,84.27,116861
2017-10-04,84.27,84.37,84.25,84.31,822267
2017-10-05,84.31,84.85,83.12,83.28,244772
2017-10-06,83.99,84.65,83.87,84.21,146299
2017-10-09,84.10,84.12,83.42,83.77,527016
2017-10-10,83.37,83.93,82.43,83.93,632567
2017-10-11,84.41,85.46,83.41,85.32,675810
2017-10-12,86.00,86.65,85.46,85.92,572612
2017-10-13,85.13,85.56,84.26,85.35,973521
2017-10-16,86.13,87.24,85.82,86.14,981527
2017-10-17,85.83,85.87,85.00,85.36,842570
2017-10-18,85.61,85.66,85.27,85.60,138930
2017-10-19,85.92,86.69,85.16,85.62,295151
2017-10-20,85.82,85.83,85.17,85.60,654862
2017-10-23,85.61,86.42,85.12,86.12,294184
2017-10-24,86.02,86.41,85.90,86.34,520466
2017-10-25,86.50,86.85,86.37,86.73,961727
2017-10-26,87.53,88.57,86.92,88.19,896844
2017-10-27,88.70,89.70,88.64,88.98,297458
2017-10-30,89.87,91.17,88.73,89.14,430293
2017-10-31,88.90,88.99,88.21,88.21,102384
2017-11-01,88.29,88.81,87.82,88.41,246959
2017-11-02,88.59,89.57,87.35,88.48,672826
2017-11-03,88.59,89.02,87.88,87.97,667842
2017-11-06,87.68,88.74,87.46,87.70,906363
2017-11-07,87.45,88.50,87.34,87.91,245741
2017-11-08,87.33,87.46,86.34,86.45,263661
2017-11-09,87.02,87.92,86.88,87.73,890454
2017-11-10,86.92,87.34,85.81,86.63,613810
2017-11-13,86.32,87.25,85.80,86.96,612726
2017-11-14,86.44,87.65,86.18,87.04,399888
2017-11-15,86.71,87.89,86.36,86.79,974285
2017-11-16,86.89,87.19,86.36,86.75,953349
2017-11-17,86.73,86.79,86.70,86.76,350503
2017-11-20,86.67,87.39,86.08,86.53,308681
2017-11-21,86.64,87.10,85.87,86.70,933328
2017-11-22,86.60,86.86,86.49,86.64,174121
2017-11-23,87.40,87.79,86.90,87.44,805975
2017-11-24,87.74,88.05,87.62,87.76,993306
2017-11-27,87.89,88.91,87.79,88.75,355990
2017-11-28,87.96,88.02,86.89,87.38,987585
2017-11-29,87.68,87.69,86.41,87.31,796884
2017-11-30,86.70,87.28,85.64,85.95,499960
2017-12-01,85.77,86.84,84.63,86.33,897905
2017-12-04,85.79,86.94,84.88,86.72,603226
2017-12-05,87.29,87.67,86.78,87.07,952194
2017-12-06,86.65,87.34,85.54,87.11,550463
2017-12-07,86.89,87.95,85.83,87.42,886546
2017-12-08,88.17,89.19,87.99,88.61,545610
2017-12-11,87.96,88.21,87.80,87.89,356888
2017-12-12,88.73,89.47,88.36,88.47,910412
2017-12-13,88.95,90.11,88.92,89.10,167313
2017-12-14,88.63,88.98,88.59,88.79,317478
2017-12-15,88.87,88.98,87.60,88.08,494388
2017-12-18,87.44,88.07,86.57,86.76,236993
2017-12-19,87.55,87.63,87.18,87.19,360285
2017-12-20,86.36,86.78,85.25,85.67,157998
2017-12-21,85.12,85.22,84.09,84.88,298170
2017-12-22,85.28,85.37,84.23,85.26,658660
2017-12-25,84.45,84.45,84.18,84.22,232917
2017-12-26,84.90,85.07,84.38,84.40,331805
2017-12-27,85.10,85.50,84.84,85.18,405213
2017-12-28,85.49,85.53,85.11,85.35,292222
2017-12-29,85.56,85.82,84.66,85.60,543963
2018-01-01,85.43,85.92,85.31,85.77,251313
2018-01-02,85.49,86.09,84.40,84.43,205549
2018-01-03,83.74,83.80,82.88,83.04,204060
2018-01-04,83.32,83.70,83.16,83.29,615142
2018-01-05,83.82,84.41,82.65,83.08,695513
2018-01-08,83.75,83.87,82.85,82.87,252716
2018-01-09,82.59,82.93,82.35,82.91,952511
2018-01-10,83.67,84.47,82.87,83.10,595561
2018-01-11,83.13,83.84,82.66,83.45,776959
2018-01-12,82.64,83.01,81.88,82.44,141537
2018-01-15,82.78,82.96,81.61,82.94,770607
2018-01-16,82.16,83.01,80.97,81.02,686141
2018-01-17,80.70,81.68,79.52,80.05,512942
2018-01-18,80.36,81.10,80.22,80.55,757070
2018-01-19,80.76,80.97,80.49,80.92,220347
2018-01-22,81.65,81.75,80.49,80.56,449964
2018-01-23,80.31,80.50,79.25,80.35,526168
2018-01-24,79.63,79.79,79.08,79.19,854880
2018-01-25,79.57,80.32,78.95,79.59,121840
2018-01-26,80.35,80.82,79.49,79.96,606717
2018-01-29,80.04,81.20,79.12,79.61,115348
2018-01-30,79.53,80.37,79.05,80.15,667698
2018-01-31,79.67,80.52,79.35,79.75,555004
2018-02-01,79.28,80.24,78.96,79.53,406001
2018-02-02,78.85,79.31,77.96,79.08,730865
2018-02-05,79.41,79.90,78.46,79.60,303006
2018-02-06,80.33,81.43,79.83,80.60,570073
2018-02-07,80.07,81.04,80.04,80.07,663171
2018-02-08,80.15,81.08,80.05,80.55,137574
2018-02-09,80.86,80.93,80.36,80.47,394153
2018-02-12,81.06,81.51,80.94,81.22,566763
2018-02-13,81.34,82.15,81.05,81.10,490463
2018-02-14,80.61,81.43,79.72,81.33,513188
2018-02-15,81.72,82.74,80.95,82.04,470626
2018-02-16,82.15,82.29,81.03,81.90,522906
2018-02-19,82.27,82.59,82.22,82.23,566289
2018-02-20,82.62,83.39,82.18,83.04,243686
2018-02-21,82.47,83.31,82.45,82.90,671850
2018-02-22,83.40,83.96,83.19,83.43,382215
2018-02-23,83.12,83.58,82.24,82.39,933949
2018-02-26,82.15,82.51,81.58,81.77,896639
2018-02-27,81.55,81.99,80.50,81.28,189621
2018-02-28,81.87,82.51,81.87,82.27,528839
2018-03-01,82.96,83.85,82.22,83.56,172594
2018-03-02,84.30,84.68,83.58,84.56,871616
2018-03-05,84.34,84.94,84.27,84.77,658098
2018-03-06,84.40,85.49,83.85,84.36,341456
2018-03-07,84.42,85.12,83.65,83.94,684762
2018-03-08,83.93,84.81,82.98,83.53,171335
2018-03-09,83.52,83.63,82.71,82.86,155615
2018-03-12,83.44,84.10,82.48,82.56,798632
2018-03-13,81.97,82.55,81.35,81.82,916732
2018-03-14,81.18,82.28,80.60,81.69,717320
2018-03-15,81.33,82.54,80.89,82.30,289165
2018-03-16,82.08,82.23,81.84,81.99,294809
2018-03-19,82.75,83.79,81.62,81.81,436099
2018-03-20,82.02,82.59,81.61,81.99,329695
2018-03-21,82.01,82.29,80.89,81.53,547014
2018-03-22,81.64,82.19,80.52,81.88,381287
2018-03-23,81.52,82.41,80.56,80.99,718083
2018-03-26,80.61,81.53,79.69,81.13,197805
2018-03-27,81.74,82.16,81.05,81.80,197337
2018-03-28,81.09,81.18,81.03,81.08,824114
2018-03-29,80.86,81.83,79.69,81.27,883492
2018-03-30,80.79,81.83,80.22,81.79,991623
2018-04-02,81.06,82.16,80.75,81.55,969932
2018-04-03,81.32,81.39,80.17,80.51,841616
2018-04-04,80.58,81.07,80.46,80.62,254987
2018-04-05,80.63,81.40,79.88,80.34,479455
2018-04-06,80.07,81.27,79.77,79.98,160868
2018-04-09,80.59,81.60,79.83,81.60,796131
2018-04-10,81.47,82.22,80.39,81.74,116267
2018-04-11,82.24,82.57,82.04,82.51,779762
2018-04-12,82.59,82.86,82.19,82.24,717161
2018-04-13,82.76,83.28,82.72,83.15,765807
2018-04-16,83.19,84.37,83.15,84.23,628927
2018-04-17,84.82,86.02,84.38,85.37,993943
2018-04-18,84.89,85.86,84.35,85.76,263906
2018-04-19,85.25,85.75,84.32,85.67,282983
2018-04-20,85.42,85.64,85.12,85.25,719720
2018-04-23,85.38,85.55,84.61,84.84,885645
2018-04-24,85.21,85.95,84.37,84.61,153563
2018-04-25,84.93,85.97,84.55,85.14,668336
2018-04-26,85.38,86.43,84.79,85.42,884565
2018-04-27,85.81,86.77,85.70,86.67,263843
2018-04-30,86.65,87.82,86.11,87.69,757681
2018-05-01,87.96,89.09,87.81,87.87,548099
2018-05-02,87.60,88.06,87.26,87.99,493672
2018-05-03,87.44,88.73,86.18,88.21,394484
2018-05-04,88.01,88.12,87.64,87.96,374959
2018-05-07,88.24,88.60,87.34,88.20,605074
2018-05-08,87.43,88.36,87.22,87.92,655737
2018-05-09,88.54,89.61,88.33,89.23,218688
2018-05-10,89.45,90.02,88.71,88.91,856147
2018-05-11,88.56,88.93,87.74,88.50,895354
2018-05-14,89.05,89.45,88.95,89.19,729518
2018-05-15,89.05,89.23,88.21,88.79,419091
2018-05-16,89.59,89.68,88.66,89.66,545700
2018-05-17,89.81,90.99,88.87,90.36,557068
2018-05-18,90.70,91.01,90.29,90.70,115456
2018-05-21,90.83,91.11,89.67,90.74,230440
2018-05-22,91.64,92.05,91.54,91.63,316869
2018-05-23,91.79,91.79,91.02,91.35,599061
2018-05-24,92.02,92.68,91.61,92.33,698310
2018-05-25,92.52,92.73,92.10,92.38,274625
2018-05-28,92.90,92.90,92.16,92.24,780283
2018-05-29,92.48,92.90,91.56,92.64,713515
2018-05-30,93.42,94.22,92.63,93.07,516488
2018-05-31,93.23,94.38,92.34,94.23,364118
2018-06-01,94.60,95.77,93.94,94.64,385958
2018-06-04,94.25,94.41,93.59,94.05,472214
2018-06-05,94.17,94.73,93.00,93.74,590620
2018-06-06,92.88,93.69,92.44,92.57,617545
2018-06-07,91.80,91.88,90.75,91.16,472237
2018-06-08,91.13,91.27,89.94,90.40,215265
2018-06-11,90.97,91.94,90.48,91.41,280969
2018-06-12,91.52,92.49,91.20,91.85,914990
2018-06-13,91.63,92.75,90.37,91.65,229331
2018-06-14,91.92,92.22,91.75,92.14,223017
2018-06-15,93.03,93.14,91.98,92.71,593134
2018-06-18,92.00,92.51,91.88,92.12,396250
2018-06-19,92.67,93.97,92.13,92.58,414362
2018-06-20,92.93,93.21,92.56,92.75,837056
2018-06-21,93.23,93.47,92.69,93.24,272265
2018-06-22,93.79,94.29,93.00,93.66,181680
2018-06-25,94.13,94.39,93.54,94.19,800757
2018-06-26,94.06,95.07,93.49,95.01,302613
2018-06-27,95.07,95.82,94.75,95.09,600952
2018-06-28,94.70,95.92,93.96,95.90,328985
2018-06-29,95.24,96.60,94.84,96.46,916678
2018-07-02,95.64,95.80,95.17,95.38,919063
2018-07-03,94.86,95.73,94.71,95.28,822258
2018-07-04,94.76,95.48,94.61,94.90,237487
2018-07-05,94.82,95.33,93.93,94.53,413099
2018-07-06,95.34,95.55,94.51,94.84,139115
2018-07-09,95.54,96.38,95.41,96.32,110086
2018-07-10,96.98,97.67,96.52,97.32,124263
2018-07-11,96.64,97.11,95.62,96.14,602821
2018-07-12,96.20,97.58,95.15,97.13,334999
2018-07-13,96.45,97.44,96.10,97.19,141072
2018-07-16,96.44,97.58,95.99,97.18,408542
2018-07-17,96.48,97.54,96.34,97.49,107133
2018-07-18,97.35,97.37,96.32,97.19,204540
2018-07-19,96.87,97.29,96.71,97.13,166253
2018-07-20,96.86,96.97,96.71,96.79,105362
2018-07-23,96.93,97.33,95.59,96.39,423078
2018-07-24,95.76,96.79,94.69,96.50,197215
2018-07-25,95.92,96.52,95.33,96.33,934421
2018-07-26,96.88,97.92,95.67,96.99,412975
2018-07-27,96.99,97.50,96.88,97.42,133834
2018-07-30,98.11,99.45,97.86,98.90,652900
2018-07-31,98.70,99.48,98.51,98.58,414381
2018-08-01,97.65,98.56,96.82,98.26,570293
2018-08-02,97.57,97.93,96.80,97.27,619995
2018-08-03,97.22,98.02,96.24,97.76,810362
2018-08-06,97.94,98.18,96.73,97.15,695020
2018-08-07,97.04,97.88,96.62,97.11,598185
2018-08-08,97.38,98.24,96.80,98.18,132685
2018-08-09,97.75,98.75,97.65,98.06,739790
2018-08-10,97.28,97.34,96.19,97.12,553930
2018-08-13,96.26,96.45,95.54,95.90,217455
2018-08-14,95.06,95.35,93.93,93.99,765269
2018-08-15,94.53,94.72,93.63,94.66,372945
2018-08-16,93.93,95.01,93.78,94.17,380912
2018-08-17,93.37,94.03,92.81,93.21,231873
2018-08-20,93.10,94.07,91.83,93.20,685334
2018-08-21,92.40,92.91,91.41,92.84,196669
2018-08-22,92.24,92.46,91.33,91.88,256462
2018-08-23,92.26,92.49,91.24,91.82,348331
2018-08-24,91.05,91.55,90.65,91.15,207064
2018-08-27,90.93,91.19,90.78,90.89,867053
2018-08-28,91.04,92.18,90.71,92.00,558477
2018-08-29,92.29,93.35,91.10,92.94,684184
2018-08-30,93.52,93.77,93.13,93.75,824806
2018-08-31,93.58,93.93,92.31,93.54,929232
2018-09-03,92.89,93.66,91.53,93.46,647105
2018-09-04,93.76,94.33,93.35,93.39,319966
2018-09-05,94.24,95.51,93.15,94.58,537753
2018-09-06,94.97,96.15,94.76,95.01,161238
2018-09-07,94.41,95.20,94.18,94.97,921032
2018-09-10,95.11,95.94,94.21,95.57,252982
2018-09-11,95.58,96.03,94.85,96.01,610949
2018-09-12,96.28,97.33,95.90,96.68,853106
2018-09-13,97.10,98.18,96.60,97.40,683296
2018-09-14,96.87,97.30,96.54,96.54,423927
2018-09-17,97.36,98.46,95.96,97.03,430421
2018-09-18,96.66,96.82,95.94,96.12,807509
2018-09-19,95.36,95.52,95.09,95.40,305141
2018-09-20,95.19,95.67,94.10,94.59,283859
2018-09-21,95.15,95.38,94.71,95.06,592284
2018-09-24,95.86,96.99,94.94,96.60,831499
2018-09-25,96.44,97.84,95.73,95.79,518516
2018-09-26,96.66,96.80,96.47,96.69,725365
2018-09-27,96.26,97.19,95.92,97.05,922910
2018-09-28,97.32,98.17,96.92,97.53,850580
2018-10-01,96.89,97.29,95.96,97.17,303776
2018-10-02,97.17,98.17,97.10,97.21,185187
2018-10-03,96.62,97.03,95.55,96.22,696735
2018-10-04,95.57,95.58,94.90,95.37,446843
2018-10-05,95.48,96.20,94.27,94.80,677284
2018-10-08,95.49,96.46,94.65,96.20,339368
2018-10-09,96.87,96.94,96.66,96.91,608057
2018-10-10,96.44,97.60,95.34,97.57,221356
2018-10-11,97.04,98.34,96.67,97.06,469834
2018-10-12,97.78,98.65,97.37,97.51,573865
2018-10-15,97.24,98.00,96.49,97.46,131445
2018-10-16,98.20,99.57,97.44,99.33,724168
2018-10-17,100.23,101.10,99.27,99.72,278978
2018-10-18,99.81,100.14,98.97,99.74,428823
2018-10-19,99.64,100.07,99.19,99.20,221336
2018-10-22,99.59,100.58,98.53,99.82,860028
2018-10-23,100.21,101.53,99.00,101.26,925657
2018-10-24,101.88,102.37,101.35,101.82,776010
2018-10-25,102.47,102.71,102.37,102.50,397187
2018-10-26,101.96,103.26,100.68,102.37,837307
2018-10-29,102.45,102.63,101.43,101.75,591555
2018-10-30,102.74,103.75,102.27,103.05,703805
2018-10-31,103.97,105.22,102.55,103.42,758073
2018-11-01,103.17,104.01,103.07,103.29,972338
2018-11-02,103.65,103.77,103.01,103.69,161301
2018-11-05,103.04,104.58,102.66,104.19,231492
2018-11-06,104.37,105.80,104.01,104.12,277844
2018-11-07,105.02,106.45,104.14,105.55,856070
2018-11-08,105.29,105.54,104.10,104.51,220901
2018-11-09,103.74,104.59,102.61,102.99,640529
2018-11-12,103.00,104.50,102.35,103.92,873574
2018-11-13,103.75,104.57,102.24,102.63,106403
2018-11-14,102.29,103.32,102.13,103.12,420980
2018-11-15,103.13,103.42,102.33,102.57,256703
2018-11-16,103.56,104.91,103.19,103.35,603628
2018-11-19,104.00,105.37,103.38,104.49,542680
2018-11-20,103.46,103.91,102.72,103.52,305214
2018-11-21,104.34,105.12,103.29,104.75,772881
2018-11-22,105.46,106.03,104.21,105.59,772395
2018-11-23,104.70,106.19,103.39,105.78,349510
2018-11-26,105.91,106.99,104.42,106.89,976370
2018-11-27,106.49,107.44,105.32,105.64,431031
2018-11-28,106.42,106.68,105.66,106.08,345654
2018-11-29,106.13,107.52,104.65,105.44,788050
2018-11-30,104.93,105.45,104.49,105.32,637303
2018-12-03,105.99,107.46,104.68,105.53,882860
2018-12-04,105.54,106.00,104.04,105.92,959522
2018-12-05,106.51,107.97,106.34,107.30,562504
2018-12-06,107.58,107.96,106.35,106.67,513617
2018-12-07,106.71,107.29,106.02,107.28,927946
2018-12-10,106.83,108.27,105.98,107.45,285255
2018-12-11,107.57,109.13,106.81,107.44,501343
2018-12-12,106.58,107.34,106.01,107.17,840961
2018-12-13,107.38,108.92,106.74,107.08,124653
2018-12-14,106.91,107.32,106.07,107.03,496828
2018-12-17,107.18,108.65,106.50,107.21,260676
2018-12-18,107.11,107.51,106.06,106.73,344645
2018-12-19,107.75,108.98,107.35,108.28,829555
2018-12-20,109.36,109.84,108.28,109.62,245086
2018-12-21,108.90,110.12,107.49,108.33,161239
2018-12-24,109.10,110.53,107.89,108.54,237827
2018-12-25,108.19,108.34,108.09,108.09,879331
2018-12-26,108.30,108.35,106.74,108.14,775894
2018-12-27,109.18,109.77,108.93,109.52,204408
2018-12-28,108.75,109.05,107.65,108.21,286862
2018-12-31,108.92,109.85,108.74,109.01,307584
2019-01-01,108.60,110.09,107.43,107.73,204163
2019-01-02,107.58,107.58,106.73,107.29,426236
2019-01-03,106.38,106.67,106.20,106.51,718078
2019-01-04,107.03,108.19,106.19,107.40,272059
2019-01-07,107.14,108.65,106.01,107.45,574553
2019-01-08,106.74,108.22,106.53,107.81,248462
2019-01-09,107.82,109.13,106.56,107.77,394725
2019-01-10,107.07,107.88,105.99,106.78,465055
2019-01-11,107.11,107.41,105.55,106.16,644195
2019-01-14,105.74,106.90,104.47,106.16,103272
2019-01-15,106.74,107.25,105.24,105.60,235265
2019-01-16,105.74,105.74,105.73,105.74,850831
2019-01-17,106.64,107.95,106.22,107.55,109106
2019-01-18,107.54,109.11,107.32,107.42,991603
2019-01-21,107.98,109.15,106.49,107.23,828375
2019-01-22,107.99,108.84,107.86,108.37,763318
2019-01-23,108.04,109.59,106.70,107.41,217950
2019-01-24,107.10,108.25,105.55,107.04,842172
2019-01-25,107.02,108.28,106.91,106.99,770898
2019-01-28,108.00,108.96,107.59,107.79,335126
2019-01-29,108.77,110.15,107.37,108.71,275386
2019-01-30,108.87,109.28,108.13,108.36,642075
2019-01-31,108.66,109.39,108.04,109.20,599601
2019-02-01,109.19,109.28,108.97,109.05,936289
2019-02-04,109.92,111.15,108.76,110.97,756855
2019-02-05,111.65,112.42,110.18,111.10,813120
2019-02-06,110.70,111.23,110.16,110.56,285719
2019-02-07,109.56,111.07,108.74,110.10,482305
2019-02-08,110.40,110.79,109.18,110.43,272074
2019-02-11,109.62,109.98,109.57,109.96,380727
2019-02-12,110.93,111.88,109.40,110.70,464656
2019-02-13,109.92,110.60,109.42,109.98,213308
2019-02-14,109.78,111.28,108.75,110.81,195977
2019-02-15,109.81,110.61,109.57,109.58,948609
2019-02-18,110.03,111.45,109.94,111.19,395528
2019-02-19,110.82,111.80,110.33,110.92,260584
2019-02-20,111.28,111.71,110.43,111.68,396292
2019-02-21,112.71,114.33,112.69,113.08,409349
2019-02-22,112.47,113.47,111.89,112.15,445612
2019-02-25,111.19,111.98,111.04,111.15,796753
2019-02-26,110.21,111.49,110.21,111.22,912168
2019-02-27,112.10,113.18,111.82,112.42,188328
2019-02-28,113.40,113.99,113.05,113.11,228736
2019-03-01,112.57,113.94,112.51,113.18,263708
2019-03-04,112.85,114.10,111.69,112.79,340549
2019-03-05,113.71,114.87,113.61,114.45,232988
2019-03-06,114.38,115.79,114.21,114.30,314765
2019-03-07,113.27,114.02,112.37,112.62,496829
2019-03-08,112.49,113.10,111.71,112.66,648511
2019-03-11,112.68,114.28,111.67,112.77,429809
2019-03-12,113.23,113.89,112.01,112.87,574411
2019-03-13,112.12,113.04,111.61,111.61,663477
2019-03-14,110.98,111.33,110.61,110.69,976785
2019-03-15,109.79,110.75,109.62,110.05,998333
2019-03-18,110.46,111.85,109.34,110.94,486315
2019-03-19,111.36,111.68,110.22,110.54,653951
2019-03-20,109.92,111.03,108.55,109.46,303603
2019-03-21,108.58,109.71,107.01,108.10,935155
2019-03-22,108.32,109.12,107.68,108.29,765198
2019-03-25,107.78,107.95,106.78,107.78,888694
2019-03-26,107.59,108.73,107.33,108.53,730519
2019-03-27,109.51,109.53,108.62,109.01,807631
2019-03-28,109.67,109.94,109.38,109.46,429945
2019-03-29,109.89,110.07,109.74,109.96,498929
2019-04-01,110.18,111.05,109.70,110.19,514911
2019-04-02,109.36,110.95,108.12,109.74,588652
2019-04-03,109.09,110.27,109.05,109.83,811129
2019-04-04,110.83,111.13,110.55,110.84,528826
2019-04-05,111.20,112.08,110.17,111.63,174704
2019-04-08,110.53,110.76,109.06,110.29,214228
2019-04-09,110.36,111.22,110.33,110.84,885279
2019-04-10,111.25,111.40,109.58,110.12,707790
2019-04-11,109.51,110.46,107.93,108.15,622842
2019-04-12,108.45,109.15,106.94,108.77,857333
2019-04-15,109.14,110.16,108.30,109.51,744657
2019-04-16,109.46,110.08,109.33,109.89,514675
2019-04-17,108.84,110.34,107.90,108.58,965704
2019-04-18,108.08,109.40,106.64,108.63,728145
2019-04-19,109.41,110.69,108.09,108.18,126495
2019-04-22,107.95,108.23,106.67,107.16,538698
2019-04-23,108.20,109.17,107.69,108.46,744778
2019-04-24,109.24,109.90,108.51,109.09,746350
2019-04-25,109.08,109.70,108.88,109.32,921393
2019-04-26,109.23,110.13,107.91,109.17,577002
2019-04-29,109.85,110.44,108.94,110.37,267981
2019-04-30,111.14,112.07,110.11,110.67,285407
2019-05-01,110.45,111.09,109.30,110.15,176139
2019-05-02,109.28,110.33,108.72,109.91,893071
2019-05-03,110.29,110.50,109.56,110.12,219542
2019-05-06,109.15,109.34,108.89,109.20,107197
2019-05-07,109.29,109.88,109.26,109.54,687861
2019-05-08,109.24,110.82,107.93,110.70,306657
2019-05-09,110.14,111.69,110.10,110.41,147571
2019-05-10,109.43,109.63,108.80,109.08,947458
2019-05-13,109.46,110.34,109.38,109.55,845434
2019-05-14,108.65,109.00,108.24,108.42,145278
2019-05-15,107.94,108.75,106.66,107.45,183904
2019-05-16,107.73,108.71,106.88,107.89,461080
2019-05-17,107.37,108.96,106.14,106.50,974996
2019-05-20,105.48,106.84,105.32,106.41,814838
2019-05-21,105.79,106.79,105.67,106.64,204218
2019-05-22,107.70,109.29,106.43,108.07,590381
2019-05-23,108.33,109.34,107.70,108.53,179929
2019-05-24,108.82,109.35,107.88,108.15,415532
2019-05-27,107.66,107.69,107.48,107.64,155135
2019-05-28,108.55,110.06,107.30,107.38,934110
2019-05-29,107.46,109.06,107.23,108.67,696458
2019-05-30,109.25,109.41,108.77,108.89,345011
2019-05-31,108.10,109.36,106.60,107.96,187739
2019-06-03,107.82,109.04,107.29,107.70,675484
2019-06-04,107.38,108.12,106.61,107.75,857755
2019-06-05,107.78,109.23,106.30,107.82,542817
2019-06-06,108.67,108.83,107.93,108.66,491777
2019-06-07,108.85,109.20,108.69,108.77,221575
2019-06-10,108.80,109.12,108.54,109.04,936437
2019-06-11,109.95,111.54,108.47,110.39,207585
2019-06-12,110.25,110.89,110.23,110.57,258795
2019-06-13,111.03,111.86,110.37,111.78,641611
2019-06-14,112.59,113.89,112.18,113.69,822517
2019-06-17,112.79,113.26,111.50,112.41,403548
2019-06-18,112.26,113.77,112.09,113.67,870916
2019-06-19,113.87,114.83,113.83,113.88,833231
2019-06-20,113.98,115.48,113.94,114.31,934681
2019-06-21,114.75,115.85,114.12,114.35,236899
2019-06-24,114.05,114.58,113.19,114.34,268203
2019-06-25,115.28,115.63,115.01,115.34,754202
2019-06-26,115.46,116.30,114.32,114.66,526717
2019-06-27,115.32,116.09,115.14,115.24,839173
2019-06-28,114.53,114.76,113.96,113.97,542914
2019-07-01,114.76,116.48,114.49,114.51,861485
2019-07-02,115.41,115.46,114.14,115.18,123230
2019-07-03,116.13,117.04,114.65,114.70,219430
2019-07-04,115.39,116.93,114.35,114.68,987630
2019-07-05,114.31,114.47,113.40,113.99,118946
2019-07-08,113.93,114.64,112.22,113.17,744780
2019-07-09,112.96,114.58,111.99,113.86,994394
2019-07-10,114.58,114.73,113.53,113.92,154502
2019-07-11,115.04,116.71,113.76,115.84,790737
2019-07-12,115.62,116.05,114.65,115.39,694251
2019-07-15,115.99,116.88,114.29,114.96,877358
2019-07-16,114.42,115.24,113.83,113.94,148882
2019-07-17,114.39,115.48,113.34,113.82,944180
2019-07-18,114.85,114.96,113.14,114.72,224608
2019-07-19,114.30,115.73,113.90,114.05,469293
2019-07-22,114.85,115.71,113.77,114.02,100173
2019-07-23,114.96,115.46,114.41,114.81,165572
2019-07-24,114.08,114.15,113.13,113.18,596679
2019-07-25,112.28,112.78,112.12,112.67,103038
2019-07-26,113.01,113.13,111.65,111.84,452868
2019-07-29,112.30,112.95,111.29,111.30,294706
2019-07-30,111.15,112.03,111.03,111.40,977695
2019-07-31,112.01,112.95,110.60,112.51,820366
2019-08-01,112.64,113.64,111.34,111.54,947114
2019-08-02,112.00,112.97,111.16,111.22,672129
2019-08-05,110.47,110.96,109.16,110.09,253777
2019-08-06,109.30,110.64,107.85,110.29,262912
2019-08-07,109.49,110.51,107.97,108.22,136524
2019-08-08,107.33,107.47,106.17,107.42,310007
2019-08-09,107.67,109.06,106.73,107.20,352279
2019-08-12,107.22,108.59,106.34,107.63,181698
2019-08-13,106.69,106.89,105.89,106.47,573184
2019-08-14,106.15,106.83,104.84,106.82,268220
2019-08-15,106.13,106.93,106.03,106.18,257273
2019-08-16,106.63,107.75,105.30,105.60,133635
2019-08-19,105.78,106.26,105.39,105.58,511619
2019-08-20,105.74,106.38,104.48,104.78,668403
2019-08-21,104.39,104.90,104.39,104.68,877766
2019-08-22,104.67,106.07,103.96,105.97,595638
2019-08-23,106.55,107.12,105.98,106.31,824786
2019-08-26,106.94,108.03,106.29,106.65,997398
2019-08-27,107.36,107.36,106.32,106.91,363143
2019-08-28,107.97,108.56,107.58,108.06,975134
2019-08-29,107.09,107.58,106.95,107.15,471337
2019-08-30,106.93,107.06,105.79,105.84,239513
2019-09-02,106.50,107.89,106.38,106.79,821421
2019-09-03,106.21,106.94,105.72,105.94,786557
2019-09-04,106.47,107.47,106.24,107.13,314141
2019-09-05,106.63,107.32,105.93,106.40,135789
2019-09-06,105.76,105.91,104.37,105.19,711751
2019-09-09,105.76,106.68,105.63,105.98,153683
2019-09-10,105.61,106.69,104.52,104.53,117701
2019-09-11,103.56,104.78,102.52,104.38,866025
2019-09-12,105.30,106.82,104.08,105.60,392638
2019-09-13,105.44,106.14,105.02,105.41,809773
2019-09-16,104.89,105.12,104.88,104.98,947998
2019-09-17,104.72,104.94,104.18,104.58,979313
2019-09-18,105.46,106.95,104.59,104.77,468465
2019-09-19,105.36,106.54,104.73,106.26,525595
2019-09-20,105.99,107.57,104.74,105.05,297697
2019-09-23,105.69,106.05,105.16,106.02,959080
2019-09-24,106.34,107.04,104.97,106.24,427924
2019-09-25,106.20,107.25,105.31,105.76,261719
2019-09-26,106.01,106.83,105.69,106.69,523096
2019-09-27,105.67,106.11,104.36,105.50,990315
2019-09-30,106.36,107.44,106.13,106.30,890876
2019-10-01,107.21,108.14,105.82,105.95,252054
2019-10-02,106.92,107.89,105.88,106.01,271959
2019-10-03,106.21,106.88,105.45,106.04,389089
2019-10-04,105.80,106.27,104.27,105.06,221510
2019-10-07,104.29,104.76,104.01,104.57,653824
2019-10-08,103.87,104.08,103.27,103.97,652489
2019-10-09,104.21,105.23,103.58,103.87,482884
2019-10-10,103.79,104.54,102.64,104.04,755158
2019-10-11,103.76,103.78,102.92,103.62,306179
2019-10-14,104.53,105.68,104.36,105.30,100587
2019-10-15,106.17,107.00,105.80,106.28,518208
2019-10-16,106.19,107.45,105.43,105.68,823230
2019-10-17,105.96,106.46,105.52,105.94,143179
2019-10-18,106.83,108.33,106.13,107.00,263437
2019-10-21,107.37,108.41,106.47,107.04,680649
2019-10-22,107.12,107.72,106.36,107.11,520102
2019-10-23,106.84,107.53,106.21,107.23,878133
2019-10-24,106.85,107.59,106.78,106.89,426832
2019-10-25,106.83,107.46,106.70,107.28,204933
2019-10-28,106.61,107.00,106.13,106.69,791124
2019-10-29,107.25,108.68,106.76,106.77,508013
2019-10-30,105.91,106.12,105.63,105.64,761983
2019-10-31,106.39,107.59,105.01,105.34,322843
2019-11-01,104.85,105.26,104.26,105.12,908838
2019-11-04,104.77,105.31,103.31,105.09,551690
2019-11-05,104.41,104.80,103.59,103.70,735798
2019-11-06,103.35,103.57,103.18,103.49,377465
2019-11-07,104.44,104.61,104.41,104.49,449567
2019-11-08,104.21,104.36,102.73,103.09,960627
2019-11-11,103.40,103.73,102.12,103.20,600977
2019-11-12,103.21,103.61,102.49,103.28,411251
2019-11-13,102.36,103.20,102.36,102.44,683554
2019-11-14,101.55,102.14,100.43,101.11,674119
2019-11-15,100.98,101.95,99.76,101.23,446604
2019-11-18,101.52,102.80,100.03,101.40,356615
2019-11-19,100.46,101.39,99.67,100.06,327174
2019-11-20,100.26,100.81,99.25,99.36,455135
2019-11-21,99.66,100.74,98.99,100.52,586486
2019-11-22,101.14,102.37,99.90,100.75,914224
2019-11-25,100.26,101.49,100.06,100.50,533542
2019-11-26,101.10,101.40,100.59,101.08,447147
2019-11-27,101.84,102.25,101.14,101.32,176605
2019-11-28,100.34,100.77,99.78,100.51,254041
2019-11-29,99.54,100.32,98.50,98.64,761872
2019-12-02,98.22,99.63,96.83,97.81,957586
2019-12-03,98.75,99.92,97.57,99.50,241293
2019-12-04,100.13,100.72,98.69,99.25,760776
2019-12-05,99.03,99.46,97.56,98.43,857359
2019-12-06,97.77,99.17,97.38,98.09,242303
2019-12-09,97.84,98.60,96.68,96.72,800877
2019-12-10,97.18,97.95,95.88,97.47,599258
2019-12-11,96.52,96.58,95.19,96.22,794692
2019-12-12,96.05,96.82,95.83,96.36,655327
2019-12-13,95.60,96.18,95.47,95.57,680016
2019-12-16,95.81,97.00,94.95,96.04,804256
2019-12-17,96.00,96.09,94.73,95.98,704356
2019-12-18,95.62,96.09,95.17,95.58,791875
2019-12-19,96.14,96.60,94.78,95.60,832291
2019-12-20,96.36,96.72,95.64,96.53,121180
2019-12-23,97.07,97.91,96.17,96.61,403701
2019-12-24,96.43,97.43,95.40,96.40,297972
2019-12-25,97.24,97.34,96.56,96.98,730301
2019-12-26,97.80,98.31,96.89,97.92,830072
2019-12-27,97.90,98.16,97.76,97.93,594202
2019-12-30,97.65,97.74,96.79,97.62,195291
2019-12-31,96.80,98.15,96.15,97.17,949799
2020-01-01,96.23,96.63,96.09,96.09,181660
2020-01-02,95.46,96.72,95.25,96.54,865417
2020-01-03,95.79,96.65,94.48,95.88,243907
2020-01-06,96.07,97.21,96.05,96.62,666844
2020-01-07,96.90,96.92,96.01,96.22,218676
2020-01-08,95.43,96.31,94.84,95.65,776226
2020-01-09,95.85,95.87,94.76,95.61,896360
2020-01-10,94.92,95.90,93.97,94.27,152928
2020-01-13,94.57,95.81,93.80,94.74,823549
2020-01-14,93.98,95.24,93.00,93.43,322093
2020-01-15,92.61,93.59,92.49,92.62,209351
2020-01-16,92.31,92.45,91.45,91.46,248502
2020-01-17,90.57,91.73,90.18,90.40,173249
2020-01-20,91.30,91.81,90.15,90.66,376566
2020-01-21,91.11,91.79,90.95,91.61,983304
2020-01-22,92.31,92.72,92.13,92.25,610955
2020-01-23,92.52,93.76,91.89,92.42,101567
2020-01-24,92.33,93.29,91.40,92.38,127572
2020-01-27,92.80,93.99,92.35,93.55,355229
2020-01-28,94.00,94.18,92.99,93.02,515820
2020-01-29,92.30,92.77,90.94,91.92,795085
2020-01-30,92.03,93.19,91.97,92.04,629136
2020-01-31,91.66,92.14,90.70,91.70,551370
2020-02-03,91.63,92.77,91.05,91.82,503653
2020-02-04,92.53,93.76,92.47,93.25,618035
2020-02-05,93.71,95.09,92.37,93.10,612520
2020-02-06,92.36,93.65,92.09,92.31,836367
2020-02-07,92.84,92.88,91.75,91.93,558829
2020-02-10,92.46,92.60,92.05,92.45,785484
2020-02-11,92.96,93.07,92.72,92.81,125475
2020-02-12,92.23,92.81,91.94,92.03,636096
2020-02-13,91.93,92.00,91.09,91.27,742697
2020-02-14,91.60,92.43,91.06,91.57,266509
2020-02-17,91.13,91.85,89.93,90.82,882631
2020-02-18,91.17,91.20,90.74,91.04,926552
2020-02-19,91.79,93.05,90.99,91.02,258274
2020-02-20,91.11,92.14,90.78,91.85,158484
2020-02-21,91.49,91.99,91.24,91.79,277643
2020-02-24,91.48,91.53,91.47,91.50,135657
2020-02-25,92.28,93.17,91.62,92.33,759251
2020-02-26,92.27,92.55,91.41,91.95,401383
2020-02-27,91.95,92.85,91.77,92.42,245662
2020-02-28,92.23,93.25,91.92,92.34,730391
2020-03-02,93.08,93.22,91.79,93.12,326083
2020-03-03,93.50,93.52,92.91,93.33,447139
2020-03-04,93.70,94.03,92.50,92.84,757872
2020-03-05,92.66,93.13,92.51,92.62,700591
2020-03-06,92.28,92.37,91.07,92.24,579636
2020-03-09,92.81,93.54,92.09,92.17,715630
2020-03-10,91.82,91.99,90.73,91.93,731934
2020-03-11,92.66,93.15,92.46,92.73,260618
2020-03-12,92.63,93.65,91.47,92.63,304254
2020-03-13,93.43,94.04,92.93,93.93,570491
2020-03-16,94.50,95.59,93.09,93.93,120225
2020-03-17,94.01,94.54,92.83,94.04,142416
2020-03-18,94.31,95.40,93.13,94.51,311119
2020-03-19,94.75,95.84,93.35,94.07,716028
2020-03-20,93.93,94.38,93.84,94.36,490212
2020-03-23,94.26,94.70,94.24,94.69,223090
2020-03-24,94.58,94.96,94.23,94.23,644488
2020-03-25,94.98,95.84,94.91,95.35,179011
2020-03-26,96.29,96.37,96.00,96.18,258198
2020-03-27,95.45,96.07,94.63,95.46,345636
2020-03-30,96.00,97.06,95.29,95.76,246051
2020-03-31,96.50,97.44,95.81,96.67,241208
2020-04-01,97.47,97.50,97.16,97.22,800652
2020-04-02,97.18,98.53,96.41,98.21,276041
2020-04-03,97.32,98.64,97.26,97.55,748043
2020-04-06,97.73,98.86,97.72,98.02,644682
2020-04-07,98.29,99.06,97.15,98.73,513663
2020-04-08,99.60,100.42,98.91,99.47,724280
2020-04-09,100.38,100.86,99.73,99.83,188640
2020-04-10,100.78,101.58,100.06,100.42,981323
2020-04-13,100.54,101.55,99.93,101.24,951054
2020-04-14,100.24,101.02,100.07,100.40,961778
2020-04-15,101.14,101.90,100.00,100.47,639662
2020-04-16,100.56,100.62,99.88,100.02,891374
2020-04-17,99.26,99.27,98.33,99.19,598057
2020-04-20,98.30,98.58,97.85,98.23,629882
2020-04-21,99.04,99.68,97.75,98.62,839443
2020-04-22,98.88,100.22,98.70,99.93,585999
2020-04-23,99.42,100.12,99.29,99.61,695062
2020-04-24,100.12,100.58,99.94,100.55,267295
2020-04-27,101.43,102.31,100.14,101.03,746995
2020-04-28,100.71,101.63,99.49,101.44,194364
2020-04-29,100.83,102.04,99.76,99.88,311774
2020-04-30,99.26,99.86,98.72,99.81,914893
2020-05-01,100.08,101.05,99.07,99.24,171566
2020-05-04,98.78,98.88,98.55,98.55,116793
2020-05-05,99.44,100.54,99.05,100.06,396652
2020-05-06,100.97,102.07,100.20,102.06,759977
2020-05-07,101.46,102.11,100.88,101.76,786740
2020-05-08,101.82,102.22,100.84,101.05,648562
2020-05-11,101.69,102.48,100.41,102.12,527315
2020-05-12,101.46,101.92,100.14,100.45,476651
2020-05-13,100.50,101.40,99.83,100.59,827036
2020-05-14,99.71,100.33,99.24,99.31,685867
2020-05-15,99.08,99.89,98.77,99.63,434349
2020-05-18,99.37,99.66,98.60,99.38,725228
2020-05-19,99.09,99.45,99.05,99.18,604803
2020-05-20,99.39,99.55,98.49,99.09,838230
2020-05-21,98.81,98.97,98.18,98.57,964502
2020-05-22,99.14,100.58,98.63,100.14,316721
2020-05-25,100.04,100.37,100.02,100.05,571650
2020-05-26,99.45,100.85,98.19,99.87,411654
2020-05-27,100.61,101.13,99.57,100.44,290483
2020-05-28,99.86,100.37,98.98,99.42,433319
2020-05-29,98.51,99.78,97.41,98.82,974674
2020-06-01,98.52,98.87,97.69,98.58,501701
2020-06-02,98.73,100.17,98.51,99.38,656182
2020-06-03,99.97,100.26,98.72,99.73,573976
2020-06-04,99.12,100.45,97.85,97.99,299162
2020-06-05,98.58,98.61,97.73,98.07,539963
2020-06-08,97.49,98.40,96.38,96.91,809885
2020-06-09,97.61,98.04,97.06,97.51,916120
2020-06-10,97.17,98.05,96.90,96.92,442132
2020-06-11,96.15,96.93,96.07,96.63,222938
2020-06-12,95.91,96.09,95.81,96.01,614319
2020-06-15,96.72,97.00,95.75,95.82,915160
2020-06-16,95.55,96.29,94.78,95.17,927756
2020-06-17,96.01,97.02,95.54,96.48,349767
2020-06-18,96.46,96.76,96.08,96.50,622596
2020-06-19,97.40,98.49,97.30,98.08,193332
2020-06-22,98.98,99.38,98.52,99.17,765583
2020-06-23,98.87,99.79,98.10,99.35,732945
2020-06-24,100.32,100.46,99.33,100.25,393637
2020-06-25,100.63,100.86,99.84,100.02,955771
2020-06-26,99.51,100.26,98.53,98.80,591416
2020-06-29,99.04,99.09,98.60,98.82,365667
2020-06-30,98.74,98.80,97.80,97.97,902892
2020-07-01,97.21,97.53,96.96,97.33,185257
2020-07-02,97.65,98.82,96.75,97.48,222301
2020-07-03,97.76,98.77,97.68,98.34,559403
2020-07-06,97.39,98.47,96.31,96.95,144618
2020-07-07,97.16,98.34,96.77,97.57,838426
2020-07-08,97.90,98.03,97.65,97.89,549789
2020-07-09,97.97,98.37,97.12,97.32,919841
2020-07-10,97.59,97.60,96.67,97.38,597660
2020-07-13,96.57,97.82,96.14,97.70,653212
2020-07-14,98.12,99.19,98.06,98.76,848889
2020-07-15,98.88,99.44,97.97,98.50,580126
2020-07-16,99.38,100.39,99.30,99.31,541099
2020-07-17,100.15,101.53,98.80,99.16,692937
2020-07-20,99.06,100.05,98.46,99.43,479507
2020-07-21,99.57,99.87,98.41,99.07,549375
2020-07-22,98.95,99.22,98.95,98.95,276577
2020-07-23,98.59,100.01,97.22,97.83,997827
2020-07-24,98.28,98.39,98.08,98.24,666023
2020-07-27,98.50,99.53,97.42,98.05,337152
2020-07-28,98.37,98.42,97.87,98.23,286406
2020-07-29,97.61,98.65,96.17,98.06,859302
2020-07-30,97.88,98.23,97.15,97.74,792931
2020-07-31,97.36,97.75,96.69,96.86,352850
2020-08-03,96.05,96.06,95.08,95.96,262049
2020-08-04,96.37,96.52,95.18,96.08,828508
2020-08-05,95.77,96.64,94.78,95.11,635309
2020-08-06,95.79,96.27,94.59,95.32,926234
2020-08-07,95.59,95.87,94.50,94.91,313657
2020-08-10,95.09,96.35,94.82,95.81,892033
2020-08-11,94.96,95.17,93.55,94.64,194665
2020-08-12,94.35,95.11,94.07,94.37,917080
2020-08-13,94.23,95.53,93.24,93.39,686677
2020-08-14,93.00,94.24,91.66,93.24,798995
2020-08-17,93.80,94.96,93.69,94.90,878138
2020-08-18,95.50,96.58,95.43,95.44,128612
2020-08-19,96.06,97.13,95.34,96.26,152099
2020-08-20,96.08,97.23,95.33,96.04,738356
2020-08-21,95.60,95.74,95.07,95.26,269154
2020-08-24,96.08,97.50,95.55,96.72,925875
2020-08-25,97.31,97.39,96.33,97.34,997301
2020-08-26,97.85,98.36,97.57,97.62,335686
2020-08-27,97.27,98.58,97.06,98.51,919781
2020-08-28,98.18,98.59,96.88,97.34,102052
2020-08-31,98.18,99.06,96.93,98.77,248256
2020-09-01,99.37,100.69,98.35,100.20,311740
2020-09-02,100.62,101.37,100.32,101.15,670207
2020-09-03,101.62,102.38,101.17,102.25,422711
2020-09-04,101.51,103.03,100.62,101.81,919831
2020-09-07,102.83,103.93,101.86,103.40,751015
2020-09-08,104.28,105.75,104.23,104.66,318755
2020-09-09,105.03,105.61,104.92,105.52,338929
2020-09-10,106.46,107.31,105.04,106.02,549525
2020-09-11,106.48,107.64,105.60,106.84,216255
2020-09-14,105.86,107.29,105.11,105.98,124351
2020-09-15,105.30,106.60,104.77,104.95,749926
2020-09-16,104.15,104.51,102.91,103.14,590301
2020-09-17,102.96,103.70,102.29,103.29,859708
2020-09-18,104.23,105.70,103.09,105.61,836249
2020-09-21,105.22,106.80,104.45,105.38,575598
2020-09-22,105.41,106.13,105.39,105.63,706014
2020-09-23,106.12,106.49,104.88,105.33,526190
2020-09-24,105.48,105.82,104.00,104.66,509884
2020-09-25,105.39,106.15,104.60,105.29,767070
2020-09-28,105.63,107.06,104.54,105.05,636334
2020-09-29,104.57,105.61,103.72,104.34,547398
2020-09-30,105.26,105.66,104.52,105.31,828857
2020-10-01,104.55,105.93,103.77,105.49,889257
2020-10-02,105.88,106.74,104.95,106.55,683968
2020-10-05,107.42,108.02,107.24,107.35,282884
2020-10-06,106.84,107.63,105.52,106.23,921512
2020-10-07,106.92,107.87,105.99,106.95,340145
2020-10-08,106.45,107.05,106.21,106.46,138061
2020-10-09,106.45,107.44,105.48,105.61,268428
2020-10-12,106.41,107.88,105.21,106.27,144045
2020-10-13,106.21,107.78,105.44,106.77,343434
2020-10-14,107.33,108.08,107.09,107.24,565551
2020-10-15,107.29,108.05,106.21,106.85,811477
2020-10-16,105.82,105.89,104.30,104.56,332059
2020-10-19,104.20,104.50,102.95,103.53,372027
2020-10-20,103.38,104.00,103.31,103.99,322749
2020-10-21,103.93,104.81,103.82,104.56,217149
2020-10-22,105.16,105.59,104.00,105.34,812986
2020-10-23,105.01,106.29,103.57,103.71,879053
2020-10-26,104.21,104.65,103.34,104.57,722893
2020-10-27,103.56,104.12,102.44,103.83,154294
2020-10-28,104.29,105.31,103.24,103.43,396954
2020-10-29,102.62,102.81,102.55,102.71,709733
2020-10-30,102.72,103.06,102.54,102.59,337270
2020-11-02,102.64,102.82,101.81,102.51,970914
2020-11-03,103.48,104.92,102.54,104.74,745440
2020-11-04,103.88,104.76,102.92,104.40,901260
2020-11-05,104.26,105.58,103.62,104.34,760881
2020-11-06,103.41,104.20,102.86,104.11,958082
2020-11-09,104.61,105.68,103.50,104.41,693223
2020-11-10,103.69,104.53,102.23,102.98,473162
2020-11-11,102.23,103.22,100.87,100.94,294475
2020-11-12,101.86,103.27,100.99,102.87,282016
2020-11-13,102.88,104.13,101.56,103.19,190559
2020-11-16,102.86,103.08,102.65,102.80,649112
2020-11-17,103.04,103.57,102.06,102.41,717143
2020-11-18,101.70,102.52,100.24,101.89,548905
2020-11-19,101.32,101.75,101.03,101.43,888449
2020-11-20,101.64,102.70,100.55,102.43,875649
2020-11-23,102.32,102.86,100.83,100.89,125433
2020-11-24,100.47,100.56,99.51,99.60,896741
2020-11-25,98.67,99.93,98.47,99.68,617698
2020-11-26,100.33,101.04,99.27,99.53,966625
2020-11-27,99.74,100.33,99.05,99.06,582121
2020-11-30,99.65,100.48,98.66,99.51,366406
2020-12-01,99.48,99.61,98.80,99.30,904459
2020-12-02,98.76,98.93,97.40,97.57,133707
2020-12-03,96.66,97.17,95.95,96.80,854440
2020-12-04,96.90,97.30,96.67,96.88,468743
2020-12-07,97.73,98.09,97.24,97.38,694864
2020-12-08,97.83,99.06,96.67,98.97,893951
2020-12-09,98.38,99.11,97.27,98.70,746614
2020-12-10,98.12,98.97,97.33,97.83,853641
2020-12-11,97.07,97.36,95.82,97.26,875136
2020-12-14,96.84,96.87,95.68,96.58,607163
2020-12-15,96.62,96.78,96.02,96.53,963996
2020-12-16,96.28,96.66,95.45,96.30,390970
2020-12-17,95.58,96.98,94.82,96.31,221352
2020-12-18,97.21,97.74,95.79,96.34,352930
2020-12-21,95.44,95.53,95.03,95.49,423229
2020-12-22,94.68,95.68,93.78,94.42,631525
2020-12-23,94.38,95.01,93.32,93.85,264180
2020-12-24,94.35,95.01,93.93,94.03,990544
2020-12-25,93.51,93.92,93.39,93.39,560479
2020-12-28,94.06,95.46,93.02,94.99,523970
2020-12-29,94.71,95.10,93.48,94.41,588781
2020-12-30,93.76,95.05,93.18,94.71,752192
2020-12-31,94.55,95.11,93.99,94.17,963787
2021-01-01,93.63,94.21,93.38,93.76,188633
2021-01-04,94.01,94.88,93.15,93.20,241565
2021-01-05,92.77,93.05,91.52,93.00,279373
2021-01-06,92.86,93.04,91.73,91.99,406577
2021-01-07,92.79,93.56,92.38,93.24,778649
2021-01-08,94.03,95.35,93.14,94.32,373955
2021-01-11,94.49,94.68,93.87,94.29,998154
2021-01-12,94.07,94.41,93.20,93.70,494105
2021-01-13,92.98,93.20,91.85,92.83,142404
2021-01-14,93.14,93.97,92.30,93.45,360851
2021-01-15,93.66,94.77,93.44,93.53,518490
2021-01-18,93.13,94.14,91.82,92.20,130389
2021-01-19,91.94,92.85,91.36,91.86,152749
2021-01-20,91.86,91.87,91.80,91.85,772120
2021-01-21,92.14,93.19,91.47,93.08,614852
2021-01-22,92.58,93.40,92.34,92.63,740653
2021-01-25,93.51,94.52,92.92,93.00,428891
2021-01-26,92.27,93.41,91.61,93.16,977541
2021-01-27,92.81,92.94,92.43,92.52,480220
2021-01-28,92.47,93.34,91.65,92.07,253519
2021-01-29,91.86,93.04,90.68,92.36,182566
2021-02-01,93.07,93.16,91.68,92.25,476103
2021-02-02,92.28,92.45,91.02,91.71,977126
2021-02-03,90.83,90.86,89.68,90.83,124597
2021-02-04,91.42,91.53,90.19,90.75,520331
2021-02-05,90.49,90.82,89.95,90.53,838795
2021-02-08,91.26,91.72,90.96,91.57,588284
2021-02-09,91.77,91.96,91.77,91.78,484809
2021-02-10,90.91,91.59,90.56,91.33,836884
2021-02-11,92.23,92.51,91.58,91.87,442362
2021-02-12,91.88,92.07,90.88,91.82,205289
2021-02-15,91.74,92.16,91.06,92.00,112660
2021-02-16,92.43,93.47,91.67,92.45,160704
2021-02-17,92.19,93.33,91.32,92.37,423454
2021-02-18,91.80,92.58,91.30,91.85,742383
2021-02-19,91.31,91.66,90.95,91.44,272152
2021-02-22,90.98,91.98,90.98,91.74,215195
2021-02-23,90.91,91.50,90.36,90.42,102902
2021-02-24,89.55,90.48,89.17,89.93,688033
2021-02-25,89.89,90.98,89.08,89.30,855946
2021-02-26,90.10,90.19,89.22,89.45,886083
2021-03-01,89.10,90.22,88.58,88.70,178462
2021-03-02,88.36,88.70,88.13,88.19,500792
2021-03-03,87.85,88.38,86.76,86.88,324149
2021-03-04,86.96,88.26,86.83,87.19,625328
2021-03-05,87.55,88.77,86.46,86.57,620050
2021-03-08,87.14,87.97,86.55,87.00,303360
2021-03-09,87.35,87.40,86.05,87.39,939653
2021-03-10,87.49,87.79,86.75,86.80,155546
2021-03-11,87.49,88.54,87.04,88.35,488528
2021-03-12,88.86,88.99,88.24,88.68,958642
2021-03-15,89.18,89.48,89.17,89.26,966531
2021-03-16,89.74,90.42,89.64,89.76,940413
2021-03-17,90.24,90.39,90.03,90.33,307628
2021-03-18,90.94,90.99,90.30,90.56,860544
2021-03-19,91.07,92.13,90.62,91.96,219044
2021-03-22,92.52,92.67,92.10,92.63,269393
2021-03-23,93.53,94.25,92.28,93.81,164782
2021-03-24,93.62,94.88,93.53,93.70,287637
2021-03-25,92.93,93.43,92.62,93.13,381091
2021-03-26,92.58,93.69,91.82,93.58,974936
2021-03-29,93.31,93.94,92.53,93.35,300178
2021-03-30,93.61,94.71,92.39,93.72,970725
2021-03-31,93.95,95.02,93.47,93.84,488521
2021-04-01,93.58,94.75,93.25,94.26,659665
2021-04-02,94.45,95.59,93.71,93.79,348783
2021-04-05,93.14,93.91,92.32,92.47,219212
2021-04-06,92.75,93.36,91.78,92.50,653508
2021-04-07,93.22,94.08,92.60,92.94,861889
2021-04-08,93.41,93.69,92.59,93.20,822722
2021-04-09,93.56,93.66,92.88,93.51,388835
2021-04-12,94.18,95.53,93.04,93.51,902640
2021-04-13,93.40,94.08,92.17,93.83,756836
2021-04-14,92.93,93.92,92.02,93.59,755644
2021-04-15,92.68,92.87,92.67,92.67,659330
2021-04-16,91.80,92.11,90.94,91.82,680015
2021-04-19,92.56,93.23,91.18,92.55,306619
2021-04-20,92.82,93.82,91.91,93.71,723175
2021-04-21,93.01,93.37,91.86,92.07,973159
2021-04-22,91.76,92.32,90.52,90.52,203184
2021-04-23,90.32,90.51,89.61,90.38,846039
2021-04-26,89.63,90.06,88.58,89.66,887089
2021-04-27,88.84,89.41,87.99,88.15,128980
2021-04-28,87.44,88.59,86.62,87.85,311654
2021-04-29,88.62,89.63,87.59,88.80,895296
2021-04-30,89.09,90.13,88.84,88.85,686987
2021-05-03,89.04,89.27,88.25,88.33,922493
2021-05-04,88.68,89.35,87.95,88.31,835839
2021-05-05,88.15,89.10,88.10,89.06,138736
2021-05-06,88.64,89.09,87.56,88.36,172883
2021-05-07,88.53,88.86,88.06,88.16,783326
2021-05-10,87.81,87.93,86.51,86.80,556363
2021-05-11,87.16,87.26,86.37,87.06,333111
2021-05-12,86.76,87.02,86.08,86.18,285776
2021-05-13,85.88,86.79,84.68,85.49,413601
2021-05-14,85.65,86.79,84.65,84.69,696237
2021-05-17,84.84,85.51,84.29,85.27,638705
2021-05-18,85.00,85.07,83.96,84.45,989483
2021-05-19,83.61,84.66,82.78,82.87,960141
2021-05-20,82.66,83.88,81.49,83.65,735013
2021-05-21,83.58,83.94,83.54,83.65,328798
2021-05-24,83.19,84.37,82.85,82.96,969284
2021-05-25,82.23,82.88,81.98,82.82,636766
2021-05-26,83.08,83.33,82.11,83.01,873461
2021-05-27,83.10,84.15,82.62,82.99,363404
2021-05-28,83.34,83.73,82.10,83.02,772449
2021-05-31,82.33,82.39,82.06,82.37,541093
2021-06-01,82.98,83.11,82.28,82.99,262800
2021-06-02,83.70,84.13,82.92,83.65,692082
2021-06-03,84.26,84.40,84.13,84.40,673187
2021-06-04,84.87,85.75,83.80,84.97,193084
2021-06-07,85.69,86.40,85.21,85.72,841648
2021-06-08,85.53,85.79,84.48,84.52,828543
2021-06-09,83.97,84.21,83.52,84.10,994569
2021-06-10,84.23,85.47,83.16,84.91,768662
2021-06-11,84.52,85.18,83.74,84.52,673194
2021-06-14,84.17,85.00,83.80,83.86,114514
2021-06-15,83.15,84.35,82.34,84.07,317929
2021-06-16,83.92,84.59,83.22,84.51,441407
2021-06-17,83.81,85.02,83.67,84.89,714592
2021-06-18,84.47,85.39,84.40,85.33,634511
2021-06-21,85.13,85.31,84.29,84.58,113531
2021-06-22,85.12,85.74,84.95,85.25,541877
2021-06-23,85.08,85.74,84.35,84.77,156215
2021-06-24,84.13,84.23,83.05,84.07,153475
2021-06-25,83.88,84.66,82.83,84.17,108068
2021-06-28,84.64,85.48,84.21,85.45,525855
2021-06-29,85.39,86.55,85.27,85.50,957766
2021-06-30,85.76,86.91,84.47,85.79,869325
2021-07-01,84.96,85.34,84.74,85.09,701379
2021-07-02,85.11,85.90,84.75,85.60,847842
2021-07-05,85.44,85.56,84.41,84.64,187066
2021-07-06,84.05,85.06,83.71,84.07,345694
2021-07-07,83.61,84.63,82.41,83.56,573171
2021-07-08,83.98,84.25,83.21,83.25,660191
2021-07-09,83.63,84.37,82.74,83.30,402749
2021-07-12,83.15,83.93,82.11,83.20,336591
2021-07-13,83.97,83.97,83.25,83.94,763026
2021-07-14,83.25,84.22,82.95,83.42,379692
2021-07-15,83.96,84.44,83.57,84.24,268248
2021-07-16,83.41,84.42,82.54,83.80,123970
2021-07-19,84.32,85.36,83.12,85.12,301684
2021-07-20,85.37,85.89,84.64,84.90,699806
2021-07-21,85.17,85.80,84.29,85.38,833733
2021-07-22,85.96,86.02,84.78,85.01,231962
2021-07-23,84.25,84.45,83.54,84.03,476055
2021-07-26,83.69,83.88,83.64,83.85,946972
2021-07-27,84.16,84.97,83.54,83.96,670839
2021-07-28,83.77,84.03,83.65,83.80,929835
2021-07-29,83.21,83.62,82.87,83.18,151666
2021-07-30,82.66,82.91,81.95,82.21,845085
2021-08-02,82.47,82.88,82.26,82.79,580311
2021-08-03,82.04,82.44,81.71,82.32,159642
2021-08-04,82.91,83.75,82.21,82.74,244466
2021-08-05,82.75,83.92,82.01,83.26,690051
2021-08-06,83.79,84.78,82.54,83.13,555986
2021-08-09,82.55,82.90,82.52,82.70,469603
2021-08-10,83.31,84.54,83.27,83.49,913737
2021-08-11,83.55,84.42,82.45,82.75,280729
2021-08-12,82.84,83.23,82.10,82.89,619619
2021-08-13,82.59,82.97,82.00,82.63,928617
2021-08-16,83.39,84.21,82.98,83.99,192488
2021-08-17,84.80,85.27,83.98,84.63,387724
2021-08-18,83.83,84.50,82.98,83.63,586378
2021-08-19,83.22,83.53,82.95,83.45,451632
2021-08-20,83.55,83.63,83.14,83.57,707316
2021-08-23,82.81,82.85,82.38,82.40,983628
2021-08-24,82.84,83.28,82.11,83.15,252288
2021-08-25,83.23,83.29,82.97,83.10,143120
2021-08-26,83.91,84.00,83.63,83.80,883288
2021-08-27,84.53,84.53,83.76,83.88,205201
2021-08-30,84.22,85.47,83.25,83.41,792765
2021-08-31,82.74,82.89,81.79,82.38,816611
2021-09-01,83.16,83.27,82.86,83.25,248328
2021-09-02,83.85,84.52,82.82,83.06,722538
2021-09-03,83.71,84.66,83.23,83.85,769601
2021-09-06,83.70,84.24,82.63,82.78,610079
2021-09-07,83.39,83.42,82.26,82.39,392473
2021-09-08,82.25,83.19,82.23,82.40,972060
2021-09-09,82.83,83.05,81.96,82.95,237360
2021-09-10,83.74,84.04,83.40,83.87,695543
2021-09-13,84.57,84.73,84.26,84.35,522205
2021-09-14,84.44,85.18,83.36,83.47,934132
2021-09-15,83.76,84.54,83.35,84.14,885117
2021-09-16,84.15,84.31,83.34,83.65,764538
2021-09-17,82.96,83.73,82.70,83.01,705017
2021-09-20,82.64,83.63,82.23,83.07,218378
2021-09-21,82.61,83.30,81.83,82.05,988646
2021-09-22,82.55,83.46,81.71,82.77,215306
2021-09-23,82.34,82.44,81.42,81.65,438561
2021-09-24,81.88,82.85,81.23,81.91,248813
2021-09-27,81.29,81.98,81.17,81.89,754865
2021-09-28,82.14,82.25,82.02,82.05,208149
2021-09-29,82.81,84.00,82.75,83.37,540009
2021-09-30,82.96,84.05,82.76,84.05,845589
2021-10-01,84.68,85.17,84.24,84.64,510703
2021-10-04,84.39,85.59,83.71,83.97,267797
2021-10-05,83.66,84.28,83.20,84.25,913593
2021-10-06,84.77,85.34,83.95,84.74,184447
2021-10-07,84.93,85.59,84.28,85.37,969503
2021-10-08,85.98,87.16,85.62,85.69,992621
2021-10-11,85.50,85.97,84.74,85.49,314922
2021-10-12,85.68,86.71,84.49,86.46,700558
2021-10-13,86.67,86.95,85.61,85.67,952957
2021-10-14,85.47,86.05,84.75,84.92,227301
2021-10-15,84.56,85.55,83.70,84.18,814291
2021-10-18,84.44,85.00,84.38,84.52,618801
2021-10-19,85.23,85.47,85.08,85.15,239661
2021-10-20,84.90,85.48,84.32,84.61,906202
2021-10-21,85.31,85.95,85.25,85.31,490575
2021-10-22,85.81,86.15,85.15,85.85,928583
2021-10-25,86.31,86.40,85.72,85.84,370443
2021-10-26,85.99,87.08,85.26,85.40,625712
2021-10-27,85.58,86.11,85.44,86.09,572536
2021-10-28,86.18,86.94,85.53,85.62,426064
2021-10-29,85.39,85.45,84.78,84.87,717159
2021-11-01,84.09,85.07,83.17,83.54,376081
2021-11-02,83.83,85.03,82.70,84.00,831283
2021-11-03,83.32,83.53,82.27,83.29,521833
2021-11-04,82.71,82.98,82.13,82.77,746137
2021-11-05,83.17,83.77,83.10,83.62,333392
2021-11-08,83.68,84.45,83.53,83.88,716912
2021-11-09,83.05,83.61,82.09,83.21,268650
2021-11-10,83.01,83.98,82.53,83.98,593493
2021-11-11,84.34,85.59,83.89,85.46,304496
2021-11-12,85.84,86.36,85.11,85.98,670278
2021-11-15,85.98,87.06,85.48,86.26,125709
2021-11-16,86.79,87.02,86.72,86.96,996349
2021-11-17,86.68,86.71,86.25,86.70,520916
2021-11-18,86.59,87.27,86.48,87.04,160018
2021-11-19,87.30,87.35,86.88,87.23,545747
2021-11-22,87.58,88.78,87.27,88.11,206090
2021-11-23,87.91,88.70,86.80,88.10,375064
2021-11-24,88.63,88.86,88.18,88.34,545797
2021-11-25,88.80,88.90,88.44,88.85,290085
2021-11-26,89.00,89.66,87.81,88.01,590545
2021-11-29,88.43,89.35,87.12,88.29,865423
2021-11-30,89.09,89.91,88.61,88.91,223009
2021-12-01,89.07,89.07,88.65,89.02,614836
2021-12-02,88.81,89.96,87.70,89.82,579176
2021-12-03,89.76,90.50,89.15,89.89,322685
2021-12-06,89.85,90.68,88.53,89.40,884971
2021-12-07,89.47,89.51,88.59,89.06,491765
2021-12-08,89.03,89.93,87.79,88.99,671221
2021-12-09,89.59,90.55,88.97,89.17,600518
2021-12-10,89.57,90.18,88.32,88.98,116462
2021-12-13,89.31,89.51,89.16,89.37,177642
2021-12-14,89.98,90.33,89.08,89.22,956211
2021-12-15,89.73,90.48,89.62,89.63,279675
2021-12-16,89.46,90.46,88.23,88.92,962524
2021-12-17,89.21,90.25,88.14,89.27,832560
2021-12-20,88.76,89.85,87.65,88.73,761892
2021-12-21,89.30,90.33,88.17,89.94,447779
2021-12-22,89.93,91.23,88.93,89.94,208477
2021-12-23,89.18,89.28,88.87,88.99,899502
2021-12-24,88.74,89.06,87.43,87.70,127137
2021-12-27,86.96,87.64,86.53,86.78,912765
2021-12-28,86.70,87.74,85.53,86.65,698961
2021-12-29,86.51,87.41,86.29,86.69,864302
2021-12-30,86.26,87.31,85.52,85.77,413439
2021-12-31,85.73,86.86,84.49,86.12,924059
2022-01-03,86.26,87.22,85.71,85.97,599432
2022-01-04,86.34,86.97,85.16,85.82,945037
2022-01-05,85.05,85.90,84.54,85.28,823316
2022-01-06,85.82,86.96,84.83,85.84,352829
2022-01-07,86.16,86.84,85.70,86.41,589984
2022-01-10,85.84,86.33,84.94,86.18,192080
2022-01-11,85.76,86.62,84.97,86.38,122384
2022-01-12,86.37,87.63,85.10,87.41,605822
2022-01-13,87.94,88.88,87.81,88.25,994920
2022-01-14,87.77,88.99,86.60,88.06,622652
2022-01-17,87.34,88.44,87.26,87.65,316606
2022-01-18,87.99,88.26,87.57,88.07,635308
2022-01-19,87.60,88.51,87.09,87.72,433239
2022-01-20,87.92,88.92,87.67,88.54,898108
2022-01-21,88.35,89.48,87.74,89.46,935882
2022-01-24,89.97,90.46,89.67,90.24,635608
2022-01-25,90.37,91.09,89.58,90.85,193217
2022-01-26,90.34,91.50,89.92,90.71,814875
2022-01-27,91.31,92.29,90.61,90.62,917113
2022-01-28,89.83,90.58,88.78,90.13,721567
2022-01-31,89.53,90.80,88.57,88.67,616531
2022-02-01,89.13,90.10,88.35,89.17,295443
2022-02-02,89.13,89.62,88.51,89.47,182791
2022-02-03,89.02,89.60,88.48,89.18,638136
2022-02-04,89.34,89.41,89.28,89.32,291703
2022-02-07,88.77,89.36,87.57,88.81,776956
2022-02-08,88.37,89.17,87.92,88.01,845507
2022-02-09,87.21,88.33,87.15,88.02,664300
2022-02-10,87.89,88.22,86.94,87.55,661742
2022-02-11,86.88,87.85,86.29,87.31,439096
2022-02-14,87.33,87.98,86.76,86.83,950077
2022-02-15,86.04,86.68,85.51,86.60,598038
2022-02-16,87.33,88.29,87.13,87.69,303374
2022-02-17,87.77,88.81,87.39,88.54,537068
2022-02-18,88.22,89.33,88.12,88.41,302126
2022-02-21,88.98,89.34,88.59,89.18,552308
2022-02-22,89.36,90.18,88.87,89.08,252975
2022-02-23,89.59,90.45,88.34,89.49,630677
2022-02-24,89.71,89.97,88.87,89.22,586644
2022-02-25,88.89,89.33,88.52,89.27,474595
2022-02-28,89.02,89.58,88.08,89.49,191122
2022-03-01,89.41,90.03,89.01,89.34,748814
2022-03-02,89.80,90.08,89.16,89.42,590886
2022-03-03,88.65,89.00,87.88,88.83,941461
2022-03-04,88.78,88.99,88.21,88.49,644944
2022-03-07,87.63,88.21,87.27,88.12,448446
2022-03-08,87.46,87.88,86.81,87.38,175338
2022-03-09,87.81,88.73,87.50,88.49,220004
2022-03-10,88.61,89.89,87.44,89.50,826254
2022-03-11,90.04,90.88,89.35,90.47,477147
2022-03-14,89.69,90.49,88.99,89.36,429140
2022-03-15,88.78,89.29,87.97,88.61,344651
2022-03-16,88.57,88.66,87.29,88.09,170813
2022-03-17,88.33,89.36,87.53,88.08,668802
2022-03-18,87.35,87.75,86.78,87.51,676577
2022-03-21,87.13,87.35,87.03,87.09,503544
2022-03-22,86.27,86.79,86.00,86.26,283761
2022-03-23,86.93,87.89,86.71,87.50,768794
2022-03-24,88.29,88.33,87.09,87.67,261078
2022-03-25,86.97,88.00,86.32,87.34,559083
2022-03-28,86.65,87.85,85.37,86.48,175948
2022-03-29,86.61,87.20,85.39,86.63,469339
2022-03-30,86.61,87.68,85.76,86.46,383579
2022-03-31,86.40,87.23,86.03,87.14,141413
2022-04-01,86.41,86.48,85.99,86.10,830870
2022-04-04,86.19,86.93,85.67,85.72,405680
2022-04-05,86.06,86.96,85.41,85.76,765775
2022-04-06,86.05,86.51,84.77,85.31,421983
2022-04-07,84.57,85.46,84.40,85.25,284653
2022-04-08,84.46,85.29,83.82,84.36,618326
2022-04-11,83.52,83.93,83.23,83.85,198785
2022-04-12,84.49,85.52,83.97,84.14,748069
2022-04-13,84.72,85.48,84.59,85.26,140134
2022-04-14,85.47,85.51,84.22,84.54,985521
2022-04-15,84.45,84.47,83.99,84.18,444363
2022-04-18,84.91,85.89,84.53,84.89,759673
2022-04-19,84.68,85.04,84.40,84.76,990419
2022-04-20,85.29,86.20,84.47,84.96,842943
2022-04-21,85.62,85.70,84.59,84.67,312306
2022-04-22,84.80,85.28,84.66,84.97,308804
2022-04-25,84.48,85.58,83.43,84.86,310462
2022-04-26,84.11,84.73,83.10,83.35,330191
2022-04-27,83.21,83.61,82.29,82.84,520634
2022-04-28,83.04,83.13,82.09,82.26,299845
2022-04-29,82.89,84.13,81.76,82.35,792624
2022-05-02,82.84,83.20,82.40,82.75,189949
2022-05-03,82.53,82.82,81.29,81.82,943410
2022-05-04,81.63,82.24,80.56,81.21,893847
2022-05-05,80.90,81.37,80.88,81.25,828886
2022-05-06,81.59,82.40,81.30,81.95,921757
2022-05-09,81.17,81.87,80.57,80.92,631569
2022-05-10,81.53,82.07,80.77,81.62,839152
2022-05-11,81.73,81.75,80.78,81.44,417402
2022-05-12,81.35,81.41,81.23,81.38,311981
2022-05-13,81.14,81.90,80.91,81.01,423121
2022-05-16,81.65,81.72,81.13,81.64,885982
2022-05-17,81.83,82.18,81.78,81.82,770780
2022-05-18,81.19,81.86,80.83,81.79,474901
2022-05-19,82.28,83.16,82.19,82.20,775917
2022-05-20,81.48,82.16,80.82,80.90,838168
2022-05-23,80.80,81.02,79.61,80.72,215726
2022-05-24,81.13,82.18,80.35,81.97,329554
2022-05-25,81.83,82.37,81.53,82.22,984262
2022-05-26,82.59,83.13,82.21,82.85,983907
2022-05-27,82.08,82.21,81.99,82.12,963441
2022-05-30,82.71,82.92,81.92,81.93,532867
2022-05-31,81.29,81.71,80.19,81.12,149786
2022-06-01,81.57,81.77,81.55,81.70,311641
2022-06-02,80.96,82.10,79.89,81.71,482143
2022-06-03,81.16,82.05,80.05,80.58,581685
2022-06-06,80.07,80.29,79.52,79.55,838249
2022-06-07,79.73,80.29,79.41,79.59,874045
2022-06-08,79.75,80.19,79.73,79.89,795250
2022-06-09,80.17,80.22,80.01,80.17,335934
2022-06-10,79.48,80.58,78.62,78.77,292687
2022-06-13,79.37,80.28,78.48,79.54,317936
2022-06-14,80.30,80.33,79.13,79.27,892782
2022-06-15,79.51,79.57,78.70,79.38,303634
2022-06-16,78.74,79.04,78.55,78.92,449037
2022-06-17,78.88,78.99,78.29,78.74,604037
2022-06-20,79.11,79.85,78.92,79.30,301562
2022-06-21,79.44,80.45,78.36,80.19,307094
2022-06-22,80.71,81.73,79.75,80.76,133943
2022-06-23,80.69,81.59,80.04,81.29,558758
2022-06-24,82.04,83.16,81.87,82.27,754791
2022-06-27,81.86,81.91,81.44,81.79,349545
2022-06-28,81.95,81.99,81.23,81.27,445572
2022-06-29,80.87,81.44,80.41,81.01,830274
2022-06-30,81.72,81.83,81.60,81.65,360394
2022-07-01,82.07,82.14,81.26,81.82,673270
2022-07-04,82.19,82.97,81.88,82.89,189653
2022-07-05,82.41,83.48,82.07,83.08,826134
2022-07-06,82.58,83.46,81.48,82.97,553453
2022-07-07,82.39,82.57,81.51,82.42,910016
2022-07-08,83.22,83.72,82.98,83.42,575679
2022-07-11,83.50,84.44,83.04,83.17,493816
2022-07-12,83.20,84.08,82.79,83.02,626871
2022-07-13,82.62,83.24,82.25,82.34,136195
2022-07-14,82.21,83.26,81.65,81.74,754240
2022-07-15,81.40,82.35,80.75,81.85,166967
2022-07-18,82.48,83.14,81.78,82.24,429858
2022-07-19,82.13,82.82,80.91,81.18,569138
2022-07-20,80.65,81.17,79.62,80.76,177946
2022-07-21,80.54,81.38,79.66,80.82,169426
2022-07-22,81.34,82.37,80.45,80.80,993918
2022-07-25,81.29,81.57,80.41,81.08,627797
2022-07-26,80.49,81.01,79.31,79.77,517952
2022-07-27,80.26,80.37,79.65,79.97,806181
2022-07-28,80.09,80.80,79.61,79.65,347074
2022-07-29,79.01,79.32,77.87,79.30,123257
2022-08-01,79.97,80.16,79.89,79.95,330159
2022-08-02,80.28,81.43,80.13,80.71,117083
2022-08-03,80.35,81.51,79.41,80.11,791864
2022-08-04,80.32,80.49,79.12,79.44,408537
2022-08-05,80.04,80.86,79.90,80.72,117491
2022-08-08,79.92,80.94,79.88,80.72,846529
2022-08-09,81.48,81.60,80.74,81.48,725804
2022-08-10,81.92,82.53,81.85,82.34,733907
2022-08-11,82.82,83.50,82.48,83.01,187241
2022-08-12,82.28,83.35,81.21,81.58,998421
2022-08-15,82.00,82.68,80.85,82.62,834337
2022-08-16,83.30,83.90,82.25,83.34,161900
2022-08-17,82.83,83.05,82.16,82.75,655918
2022-08-18,82.56,83.65,82.23,82.83,368452
2022-08-19,82.32,82.55,81.39,81.68,765075
2022-08-22,81.20,81.23,80.11,80.22,752731
2022-08-23,79.69,80.04,79.45,79.83,167303
2022-08-24,79.74,79.78,79.55,79.59,129281
2022-08-25,80.01,81.06,79.40,80.46,825688
2022-08-26,80.77,81.28,80.21,80.27,466045
2022-08-29,80.91,80.93,79.73,80.18,507965
2022-08-30,79.94,80.44,79.88,80.35,798805
2022-08-31,81.08,81.80,80.81,81.24,393676
2022-09-01,81.87,82.48,81.86,82.23,187223
2022-09-02,82.31,83.18,82.10,82.47,667884
2022-09-05,82.18,83.33,82.08,83.09,224142
2022-09-06,83.28,83.67,82.72,83.15,166682
2022-09-07,83.62,84.19,82.71,83.29,371679
2022-09-08,83.85,84.93,83.53,83.75,440533
2022-09-09,84.33,84.38,84.22,84.34,277267
2022-09-12,83.79,84.73,83.01,84.37,878044
2022-09-13,84.72,85.02,84.62,84.92,326906
2022-09-14,84.13,85.09,83.95,84.78,202535
2022-09-15,84.29,84.52,83.60,83.83,781271
2022-09-16,83.22,83.77,83.05,83.59,196986
2022-09-19,84.07,84.95,82.90,83.40,246309
2022-09-20,83.84,84.55,83.18,84.28,157756
2022-09-21,84.27,84.39,83.38,83.68,215399
2022-09-22,83.86,84.67,82.66,84.55,104829
2022-09-23,85.15,85.80,84.79,85.26,293099
2022-09-26,85.79,86.32,84.58,85.56,940884
2022-09-27,84.76,85.91,84.16,85.74,924074
2022-09-28,84.96,85.54,83.69,85.31,751780
2022-09-29,84.60,85.13,83.43,85.00,103764
2022-09-30,85.62,85.73,84.38,84.55,218965
2022-10-03,83.87,85.11,83.60,84.00,345167
2022-10-04,84.84,85.50,84.39,84.83,908322
2022-10-05,85.54,86.69,85.31,86.02,710653
2022-10-06,86.40,87.33,85.65,86.09,356601
2022-10-07,86.70,87.15,85.85,86.09,106183
2022-10-10,85.99,86.83,84.81,85.32,894968
2022-10-11,86.07,86.10,85.89,85.94,607470
2022-10-12,85.29,86.54,84.70,86.20,964205
2022-10-13,86.03,87.25,85.64,87.24,994691
2022-10-14,86.98,87.17,86.97,87.01,204543
2022-10-17,86.66,87.48,85.46,86.56,272416
2022-10-18,86.53,86.69,85.42,86.68,718533
2022-10-19,86.37,87.21,86.30,86.64,740217
2022-10-20,86.88,88.04,86.70,87.39,274077
2022-10-21,86.94,87.42,86.04,87.22,523178
2022-10-24,87.27,88.23,85.97,87.70,175198
2022-10-25,87.33,87.93,87.26,87.48,266867
2022-10-26,87.08,88.26,86.47,88.01,622634
2022-10-27,87.23,88.22,86.91,87.44,123286
2022-10-28,86.81,86.88,86.43,86.65,861296
2022-10-31,86.78,87.24,86.77,87.21,668415
2022-11-01,86.38,87.60,85.52,85.74,869747
2022-11-02,85.54,86.13,84.69,85.46,848596
2022-11-03,85.87,87.08,85.61,86.32,331514
2022-11-04,86.29,87.36,85.48,86.57,882620
2022-11-07,86.34,87.04,85.79,86.20,996933
2022-11-08,86.22,86.97,85.12,86.16,566754
2022-11-09,85.98,86.02,84.92,85.44,257292
2022-11-10,86.25,86.36,86.08,86.29,657700
2022-11-11,86.52,87.27,86.03,87.19,241528
2022-11-14,86.64,86.77,85.66,86.52,611101
2022-11-15,86.49,87.68,86.27,87.18,211492
2022-11-16,87.40,87.48,86.70,87.24,567199
2022-11-17,88.05,88.34,87.85,88.07,873866
2022-11-18,88.03,88.37,86.85,88.37,952235
2022-11-21,88.73,88.86,88.61,88.83,773762
2022-11-22,88.77,89.68,87.98,89.52,668236
2022-11-23,89.46,89.92,88.90,89.07,785448
2022-11-24,89.71,90.62,89.61,89.81,342888
2022-11-25,88.97,90.30,88.74,89.43,245192
2022-11-28,89.28,89.71,89.01,89.49,499761
2022-11-29,89.68,90.59,89.47,89.59,246884
2022-11-30,89.81,91.00,89.26,90.43,310727
2022-12-01,90.87,91.94,89.99,90.67,208907
2022-12-02,91.35,92.63,90.90,91.67,399719
2022-12-05,90.88,91.76,90.78,91.08,752197
2022-12-06,90.76,91.39,89.70,90.15,194588
2022-12-07,89.39,89.65,89.36,89.61,692674
2022-12-08,89.40,89.48,88.63,88.74,964294
2022-12-09,89.03,89.97,88.50,89.71,496967
2022-12-12,89.77,89.80,89.39,89.44,498255
2022-12-13,89.61,90.12,88.87,89.18,293546
2022-12-14,89.68,89.88,88.52,89.62,123384
2022-12-15,89.89,90.26,89.54,89.82,914044
2022-12-16,89.17,89.44,89.13,89.44,395935
2022-12-19,89.05,90.28,87.98,88.47,991678
2022-12-20,88.35,89.20,87.32,88.18,378121
2022-12-21,88.84,89.88,88.35,89.55,417761
2022-12-22,89.21,90.03,88.39,89.88,117678
2022-12-23,90.52,91.62,89.65,91.02,847179
2022-12-26,91.86,92.33,91.60,91.87,901342
2022-12-27,92.75,92.78,92.32,92.41,900557
2022-12-28,93.16,94.49,92.34,92.71,851799
2022-12-29,92.63,93.44,91.66,92.35,812162
2022-12-30,92.94,94.27,92.21,94.11,445175
2023-01-02,94.45,94.87,93.62,93.83,865796
2023-01-03,93.52,93.68,93.00,93.24,761609
2023-01-04,92.33,93.49,91.81,92.05,493606
2023-01-05,92.02,92.78,91.89,92.57,654817
2023-01-06,93.17,93.34,92.58,93.17,346699
2023-01-09,94.06,94.99,93.02,93.09,585403
2023-01-10,93.03,93.79,92.71,93.32,962931
2023-01-11,93.18,94.29,92.18,92.81,912377
2023-01-12,93.19,93.39,93.00,93.35,681277
2023-01-13,94.11,95.31,93.38,94.52,292842
2023-01-16,94.44,95.09,93.78,95.05,358647
2023-01-17,94.72,95.87,93.55,94.09,718086
2023-01-18,94.44,95.27,93.74,94.82,933065
2023-01-19,95.57,95.88,95.42,95.56,476852
2023-01-20,96.48,97.56,95.22,97.19,141965
2023-01-23,97.65,98.42,97.60,98.13,419642
2023-01-24,98.35,98.92,96.98,98.48,453541
2023-01-25,99.10,99.69,98.74,99.56,399260
2023-01-26,99.94,101.09,99.20,99.85,377120
2023-01-27,100.22,101.35,99.81,101.30,889116
2023-01-30,102.28,102.98,102.12,102.58,826640
2023-01-31,102.49,103.18,101.01,102.02,752315
2023-02-01,101.04,101.55,101.02,101.14,404206
2023-02-02,101.59,102.30,101.33,101.71,357634
2023-02-03,101.67,102.34,101.42,101.42,176174
2023-02-06,102.23,102.49,101.24,102.10,545297
2023-02-07,101.83,103.14,100.50,101.53,212831
2023-02-08,100.72,101.66,100.52,101.08,150536
2023-02-09,100.09,100.82,98.63,100.28,474438
2023-02-10,100.01,100.61,98.78,100.59,960083
2023-02-13,99.83,101.18,99.19,100.45,960898
2023-02-14,99.82,101.13,99.70,100.42,350549
2023-02-15,100.24,100.29,99.72,100.20,591483
2023-02-16,100.11,100.19,99.86,99.96,789294
2023-02-17,100.18,100.21,98.81,99.38,841651
2023-02-20,99.16,100.07,97.97,98.75,263425
2023-02-21,98.24,99.63,97.02,97.40,330363
2023-02-22,97.53,97.72,97.33,97.55,461940
2023-02-23,96.62,97.89,95.20,97.10,145125
2023-02-24,96.85,97.69,96.80,97.41,744174
2023-02-27,98.35,98.79,98.24,98.44,581681
2023-02-28,98.10,98.17,97.78,97.83,199565
2023-03-01,98.72,99.63,98.05,98.37,245461
2023-03-02,98.17,98.93,97.99,98.63,285906
2023-03-03,97.71,98.32,97.04,97.94,111254
2023-03-06,98.43,99.40,98.23,99.11,900117
2023-03-07,99.22,99.52,98.69,98.99,432548
2023-03-08,98.04,98.94,96.61,96.96,727713
2023-03-09,97.79,98.37,96.32,96.32,134036
2023-03-10,95.65,96.69,95.13,95.68,467315
2023-03-13,94.80,95.85,94.46,95.77,114556
2023-03-14,95.29,95.49,94.03,94.36,991421
2023-03-15,94.69,95.89,94.44,95.45,144662
2023-03-16,94.80,95.71,94.16,95.61,536536
2023-03-17,95.78,95.95,94.71,95.41,439257
2023-03-20,94.78,95.84,94.56,94.93,954815
2023-03-21,95.55,96.72,95.22,95.76,330955
2023-03-22,96.08,96.96,95.35,95.44,351732
2023-03-23,95.39,96.64,94.52,95.92,374956
2023-03-24,96.11,97.15,94.72,95.80,952444
2023-03-27,94.87,95.54,94.31,94.40,224957
2023-03-28,93.49,94.63,92.53,93.03,763033
2023-03-29,93.44,94.23,92.44,93.30,107987
2023-03-30,93.24,94.01,91.89,93.50,901598
2023-03-31,92.74,93.41,91.72,93.31,424294
2023-04-03,94.19,95.01,93.71,94.73,942621
2023-04-04,95.29,95.90,94.25,94.34,295865
2023-04-05,95.12,95.65,94.39,95.30,433659
2023-04-06,95.98,96.25,95.66,96.21,437786
2023-04-07,95.30,95.87,94.68,94.92,293191
2023-04-10,93.97,94.12,93.06,93.35,548882
2023-04-11,93.84,94.49,92.79,93.08,236465
2023-04-12,92.56,93.25,91.48,91.98,844557
2023-04-13,91.46,92.14,91.37,91.79,484428
2023-04-14,91.26,92.46,90.12,90.57,406784
2023-04-17,90.33,91.40,90.19,91.02,709056
2023-04-18,91.55,91.96,90.35,90.91,684940
2023-04-19,90.19,90.80,89.91,90.71,256519
2023-04-20,90.36,90.99,89.19,90.35,358103
2023-04-21,89.49,90.27,88.94,89.82,425269
2023-04-24,90.01,90.66,88.96,89.25,798480
2023-04-25,90.07,91.34,89.19,89.67,718445
2023-04-26,89.11,89.55,88.44,88.55,182818
2023-04-27,87.79,89.10,87.75,89.09,999222
2023-04-28,89.64,90.44,89.57,90.34,531865
2023-05-01,90.68,91.59,89.38,90.08,400004
2023-05-02,89.91,90.51,89.39,89.46,290802
2023-05-03,89.71,90.59,89.61,89.71,243060
2023-05-04,90.40,90.41,90.13,90.25,483246
2023-05-05,89.61,90.67,88.98,90.38,710123
2023-05-08,90.82,91.62,89.60,90.92,249543
2023-05-09,91.64,92.02,91.11,91.96,737591
2023-05-10,92.83,93.04,92.75,93.00,195642
2023-05-11,92.70,93.33,91.70,92.36,407046
2023-05-12,92.09,92.56,91.41,92.22,918185
2023-05-15,92.07,92.38,90.89,91.01,734278
2023-05-16,90.61,91.63,89.83,90.86,694908
2023-05-17,90.62,90.88,89.62,90.31,959156
2023-05-18,91.02,91.77,90.10,91.00,160949
2023-05-19,91.89,92.12,91.41,91.93,343886
2023-05-22,92.58,92.75,92.48,92.57,205580
2023-05-23,93.31,94.44,92.37,93.52,817921
2023-05-24,92.60,92.74,92.50,92.73,574325
2023-05-25,92.63,92.74,91.31,92.08,295988
2023-05-26,92.59,93.43,92.08,92.90,140701
2023-05-29,92.67,94.03,92.48,93.36,643802
2023-05-30,93.07,93.96,91.81,93.20,174821
2023-05-31,92.43,93.70,91.56,93.65,683769
2023-06-01,93.94,94.81,92.60,92.77,188101
2023-06-02,93.65,94.62,93.58,93.71,179077
2023-06-05,92.89,93.75,92.57,92.76,346552
2023-06-06,93.12,93.77,92.86,93.11,204962
2023-06-07,93.55,94.70,92.22,93.95,620179
2023-06-08,93.57,94.89,93.45,93.67,492117
2023-06-09,93.69,94.43,93.36,93.40,341736
2023-06-12,93.83,95.18,92.93,93.35,618231
2023-06-13,93.54,93.60,93.21,93.22,474380
2023-06-14,92.63,93.15,91.63,92.71,746127
2023-06-15,93.37,94.49,92.98,94.26,464675
2023-06-16,94.42,95.78,93.06,94.07,438989
2023-06-19,94.95,96.10,94.73,95.07,583987
2023-06-20,95.36,95.68,95.20,95.48,538046
2023-06-21,95.59,96.02,94.71,95.78,843887
2023-06-22,95.77,96.90,95.35,95.52,616906
2023-06-23,94.69,95.78,93.75,94.38,714878
2023-06-26,94.01,95.21,93.95,94.01,454426
2023-06-27,94.89,94.95,94.47,94.63,716056
2023-06-28,94.34,94.53,93.31,94.20,115124
2023-06-29,94.29,94.44,93.70,94.16,459053
2023-06-30,94.79,95.15,94.79,95.02,526306
2023-07-03,94.34,95.43,94.19,95.00,705587
2023-07-04,94.91,95.98,93.76,93.96,860631
2023-07-05,93.98,94.96,93.58,93.61,771759
2023-07-06,94.12,95.33,93.85,94.05,793859
2023-07-07,93.88,94.60,93.06,93.87,778817
2023-07-10,93.78,94.46,93.12,93.24,544671
2023-07-11,92.97,93.59,92.66,92.77,204138
2023-07-12,92.34,93.55,91.32,92.51,853953
2023-07-13,92.36,93.71,91.92,92.39,819590
2023-07-14,91.95,92.03,91.36,91.59,152948
2023-07-17,92.43,93.55,91.46,92.13,168776
2023-07-18,92.25,92.94,91.55,92.76,697352
2023-07-19,92.17,93.16,92.13,92.28,165440
2023-07-20,92.33,93.10,92.25,92.78,724067
2023-07-21,92.96,93.26,91.86,91.94,451973
2023-07-24,91.56,92.26,91.16,92.03,710728
2023-07-25,91.79,92.03,91.14,91.87,664835
2023-07-26,92.59,93.92,91.60,92.00,432155
2023-07-27,91.83,92.07,91.44,92.01,794284
2023-07-28,92.62,93.33,91.63,92.93,346895
2023-07-31,93.38,94.59,93.25,94.53,634949
2023-08-01,94.71,95.85,94.58,94.64,584176
2023-08-02,95.09,95.20,94.43,94.61,642430
2023-08-03,94.31,94.32,93.36,93.71,963953
2023-08-04,93.44,94.41,92.97,93.66,404456
2023-08-07,92.74,93.88,92.54,92.82,587227
2023-08-08,92.72,93.24,92.56,93.03,496687
2023-08-09,93.73,94.17,93.55,93.76,266297
2023-08-10,93.38,94.52,93.14,93.33,571100
2023-08-11,93.54,94.80,92.30,92.38,574126
2023-08-14,92.07,92.78,91.66,92.72,220742
2023-08-15,93.25,94.00,91.95,93.42,782183
2023-08-16,92.52,92.91,91.79,92.10,709655
2023-08-17,91.28,92.57,91.01,91.80,520353
2023-08-18,90.89,92.11,90.67,91.28,463915
2023-08-21,92.19,93.06,91.02,92.42,311231
2023-08-22,92.34,92.53,91.34,91.80,500853
2023-08-23,92.51,92.94,91.15,91.69,457257
2023-08-24,91.02,92.38,90.63,91.09,750916
2023-08-25,91.55,92.03,91.01,91.78,905681
2023-08-28,91.38,92.70,90.17,91.94,231243
2023-08-29,92.81,93.35,92.52,93.34,984043
2023-08-30,92.89,93.74,92.63,92.81,406855
2023-08-31,92.44,93.28,91.56,92.28,745253
2023-09-01,92.80,93.01,92.25,92.37,652098
2023-09-04,91.49,92.39,91.27,91.64,540222
2023-09-05,90.98,91.04,89.90,90.41,162394
2023-09-06,90.73,92.08,90.51,91.79,394579
2023-09-07,92.45,92.94,91.96,92.12,995095
2023-09-08,92.89,92.92,92.42,92.49,838309
2023-09-11,92.73,93.42,92.26,92.54,540835
2023-09-12,92.61,92.95,92.01,92.78,576523
2023-09-13,92.17,93.19,90.94,92.67,850550
2023-09-14,92.41,93.14,92.41,92.81,860291
2023-09-15,91.98,92.90,91.57,92.53,826715
2023-09-18,92.57,93.33,91.54,92.90,370997
2023-09-19,93.46,93.99,92.37,92.52,519229
2023-09-20,92.15,93.44,90.86,91.21,517145
2023-09-21,90.42,90.84,89.47,90.34,264659
2023-09-22,90.28,90.67,89.00,89.28,442460
2023-09-25,89.38,90.48,88.67,89.91,857309
2023-09-26,89.58,90.08,88.26,88.49,783930
2023-09-27,89.31,90.02,88.38,89.48,683401
2023-09-28,89.97,90.96,89.44,90.44,252433
2023-09-29,90.71,91.15,90.60,91.04,539554
2023-10-02,90.19,90.98,89.40,89.48,401220
2023-10-03,89.49,90.60,89.43,90.26,696276
2023-10-04,90.03,90.32,88.79,89.96,464921
2023-10-05,89.12,89.34,88.55,88.97,831386
2023-10-06,88.15,88.97,87.78,88.65,148749
2023-10-09,89.06,89.59,87.96,88.98,883620
2023-10-10,88.30,89.12,88.09,88.51,981666
2023-10-11,88.75,89.32,87.69,88.97,154945
2023-10-12,88.25,88.95,87.23,88.44,561913
2023-10-13,87.67,88.82,87.51,88.19,420001
2023-10-16,87.81,88.01,87.31,87.75,146210
2023-10-17,87.20,87.66,86.24,87.06,134118
2023-10-18,87.45,87.76,86.58,86.92,605068
2023-10-19,86.99,87.73,86.35,86.93,751813
2023-10-20,86.29,87.18,85.22,85.35,195577
2023-10-23,85.37,86.16,84.26,85.10,495555
2023-10-24,84.59,85.43,83.85,83.92,356850
2023-10-25,83.19,83.51,82.19,83.05,865492
2023-10-26,83.32,83.52,82.08,83.20,444128
2023-10-27,83.02,83.24,82.99,83.20,598116
2023-10-30,82.53,82.59,82.05,82.42,800481
2023-10-31,82.08,83.27,80.98,82.31,157098
2023-11-01,81.61,82.62,80.42,80.60,744881
2023-11-02,81.24,81.68,80.50,80.60,924155
2023-11-03,81.16,81.70,80.36,81.11,720702
2023-11-06,81.29,81.68,80.59,80.71,153082
2023-11-07,81.14,81.87,80.48,81.35,625736
2023-11-08,80.61,80.88,80.32,80.40,780448
2023-11-09,79.93,80.08,79.84,79.95,668003
2023-11-10,80.05,80.80,79.43,80.69,152781
2023-11-13,79.91,80.48,79.44,80.36,804175
2023-11-14,81.12,82.10,80.83,81.37,627509
2023-11-15,80.85,80.86,80.52,80.67,870243
2023-11-16,81.27,81.37,81.15,81.33,610950
2023-11-17,81.27,81.98,80.76,80.82,741106
2023-11-20,80.74,81.25,80.65,81.15,184767
2023-11-21,80.47,80.62,79.85,80.49,917955
2023-11-22,80.05,81.05,79.50,80.24,336508
2023-11-23,79.65,80.33,78.64,80.28,557652
2023-11-24,79.56,80.25,79.29,79.82,952897
2023-11-27,79.54,80.49,78.78,79.61,472714
2023-11-28,80.31,80.81,80.23,80.36,382587
2023-11-29,80.04,80.32,78.98,79.41,635963
2023-11-30,79.72,79.84,79.51,79.52,554334
2023-12-01,78.76,79.15,78.31,78.83,507157
2023-12-04,78.30,79.07,78.20,78.36,114137
2023-12-05,77.92,78.22,77.39,78.21,830505
2023-12-06,77.89,78.95,77.12,78.20,985417
2023-12-07,77.97,78.97,77.75,78.67,750057
2023-12-08,77.89,79.05,77.77,78.78,573549
2023-12-11,78.00,78.54,77.23,77.94,310584
2023-12-12,78.59,78.99,77.49,78.94,130729
2023-12-13,78.80,79.20,77.73,78.02,987518
2023-12-14,77.80,77.91,76.79,76.80,728241
2023-12-15,76.15,76.44,75.36,76.04,602071
2023-12-18,75.42,75.72,74.60,75.65,649213
2023-12-19,75.10,76.17,74.84,75.19,718924
2023-12-20,75.29,75.71,74.55,74.94,611114
2023-12-21,75.43,75.78,74.67,75.18,489414
2023-12-22,75.81,76.04,74.90,75.93,993956
2023-12-25,76.38,77.39,76.26,76.66,485696
2023-12-26,76.52,77.25,75.89,76.18,163791
2023-12-27,75.98,76.99,75.09,75.61,839324
2023-12-28,75.02,75.74,74.04,74.80,197136
2023-12-29,75.31,75.77,74.67,75.46,644822
2024-01-01,75.99,76.09,75.29,75.60,778107
2024-01-02,75.55,76.10,74.50,75.21,553661
2024-01-03,74.60,75.18,73.83,74.70,145596
2024-01-04,75.33,76.17,74.67,76.05,268336
2024-01-05,75.52,75.73,75.46,75.52,924203
2024-01-08,75.03,75.70,73.96,74.72,843501
2024-01-09,75.25,75.94,75.15,75.60,478462
2024-01-10,76.25,76.74,75.68,76.39,247359
2024-01-11,75.84,76.59,75.62,76.56,920423
2024-01-12,76.61,77.26,75.74,75.89,642994
2024-01-15,76.04,77.15,75.28,76.69,993202
2024-01-16,77.21,77.64,76.59,76.60,417329
2024-01-17,76.03,76.91,75.35,75.50,398697
2024-01-18,75.97,76.89,75.86,75.89,437480
2024-01-19,75.29,76.02,74.19,75.83,490147
2024-01-22,76.22,77.07,75.50,75.79,251549
2024-01-23,75.79,76.84,74.74,76.05,810142
2024-01-24,76.41,77.47,76.12,77.22,941459
2024-01-25,76.94,77.10,76.90,77.06,501354
2024-01-26,76.56,77.61,76.52,76.78,949877
2024-01-29,76.15,77.13,75.95,77.04,163019
2024-01-30,77.74,77.82,77.45,77.51,850259
2024-01-31,77.07,78.10,76.73,77.42,343840
2024-02-01,77.92,78.87,77.32,77.69,503733
2024-02-02,77.74,77.84,77.25,77.54,937883
2024-02-05,78.30,78.99,77.72,78.48,392575
2024-02-06,79.14,80.18,79.02,79.13,708858
2024-02-07,79.55,80.49,78.88,79.78,764788
2024-02-08,79.62,80.07,79.26,79.46,607755
2024-02-09,80.16,80.18,79.16,79.36,200568
2024-02-12,80.00,80.77,79.63,80.57,369294
2024-02-13,80.82,82.01,79.86,81.37,539210
2024-02-14,81.68,82.54,80.50,82.26,929360
2024-02-15,82.05,82.22,81.49,82.11,838311
2024-02-16,82.66,82.97,81.74,82.71,605190
2024-02-19,82.51,83.08,82.17,82.63,410280
2024-02-20,83.03,83.92,82.28,83.53,668461
2024-02-21,83.84,84.40,83.55,83.65,362844
2024-02-22,83.48,83.72,82.91,83.66,594087
2024-02-23,83.65,83.91,82.97,83.69,298876
2024-02-26,83.58,84.39,82.74,83.65,302391
2024-02-27,83.52,83.69,82.44,83.23,274163
2024-02-28,83.47,84.15,82.60,84.12,559582
2024-02-29,84.46,84.94,84.01,84.93,440321
2024-03-01,85.57,86.66,84.98,86.47,613021
2024-03-04,86.38,86.65,85.65,86.59,195772
2024-03-05,85.95,86.52,85.80,86.12,677488
2024-03-06,85.28,85.67,84.71,85.33,374560
2024-03-07,85.58,85.66,84.85,85.50,342400
2024-03-08,85.06,86.02,84.53,85.91,555072
2024-03-11,86.63,87.05,85.77,86.57,769767
2024-03-12,86.74,87.49,86.19,86.30,558885
2024-03-13,85.98,86.17,84.88,85.10,904809
2024-03-14,84.62,85.32,83.69,85.21,181761
2024-03-15,85.34,85.96,84.25,85.36,963666
2024-03-18,84.84,85.42,84.44,85.17,988080
2024-03-19,85.78,86.86,84.78,85.13,640137
2024-03-20,85.53,86.45,85.24,85.35,883029
2024-03-21,84.91,85.60,84.30,85.36,242954
2024-03-22,84.94,85.88,84.32,85.57,192207
2024-03-25,85.22,85.28,84.05,85.24,196784
2024-03-26,84.66,84.88,84.43,84.87,497430
2024-03-27,85.33,85.82,84.46,84.51,891797
2024-03-28,84.83,84.99,84.52,84.56,836915
2024-03-29,83.88,84.05,83.66,84.00,393913
2024-04-01,83.97,84.15,83.73,84.05,441739
2024-04-02,83.31,84.21,82.07,82.27,294540
2024-04-03,82.52,83.20,82.14,82.30,594763
2024-04-04,82.21,82.62,82.14,82.36,152270
2024-04-05,82.93,83.69,82.09,82.16,351044
2024-04-08,82.89,83.06,82.62,82.95,845321
2024-04-09,83.55,84.35,82.75,82.88,216188
2024-04-10,82.21,82.79,82.03,82.31,775872
2024-04-11,82.40,82.67,82.24,82.32,650651
2024-04-12,81.51,82.28,81.24,81.40,330860
2024-04-15,81.29,81.94,80.09,80.83,437707
2024-04-16,80.15,80.46,79.00,79.76,192912
2024-04-17,79.99,80.78,79.12,79.30,767858
2024-04-18,79.69,79.95,79.06,79.88,124221
2024-04-19,79.90,80.22,79.38,80.16,176358
2024-04-22,80.79,81.70,79.74,80.80,694390
2024-04-23,80.06,80.84,79.51,80.84,178930
2024-04-24,80.48,81.30,80.39,80.97,317045
2024-04-25,80.23,80.63,79.60,80.23,434740
2024-04-26,80.44,81.38,79.73,80.88,538876
2024-04-29,80.14,80.41,79.72,79.95,449496
2024-04-30,80.26,80.41,79.93,79.96,123912
2024-05-01,79.50,79.85,79.36,79.71,261402
2024-05-02,80.42,81.59,80.38,81.16,666070
2024-05-03,81.26,82.08,80.26,81.61,377392
2024-05-06,81.77,82.90,81.03,81.20,620465
2024-05-07,81.24,81.90,80.46,81.56,143366
2024-05-08,81.16,82.00,81.14,81.20,268095
2024-05-09,80.40,80.99,80.14,80.41,123493
2024-05-10,81.02,81.55,80.16,81.36,515492
2024-05-13,81.68,82.08,80.76,81.04,498194
2024-05-14,80.39,80.98,80.23,80.96,499829
2024-05-15,80.42,81.55,79.90,79.92,488194
2024-05-16,80.02,80.66,79.02,79.98,610721
2024-05-17,79.97,80.57,79.58,80.30,680965
2024-05-20,79.88,80.76,78.71,79.71,262634
2024-05-21,79.85,80.40,79.40,79.55,979445
2024-05-22,80.13,81.31,79.87,81.13,447112
2024-05-23,80.50,81.10,79.66,80.82,188411
2024-05-24,80.38,81.54,79.72,80.49,293373
2024-05-27,80.95,81.12,80.62,80.85,499607
2024-05-28,80.68,81.23,80.40,80.91,165644
2024-05-29,81.05,82.15,80.86,81.56,467652
2024-05-30,82.31,82.86,82.31,82.58,141752
2024-05-31,81.77,82.89,80.58,82.22,376920
2024-06-03,81.65,82.08,80.61,80.79,853752
2024-06-04,81.34,81.58,81.26,81.56,979532
2024-06-05,81.47,82.10,80.38,80.53,174843
2024-06-06,81.17,81.95,81.08,81.32,734358
2024-06-07,81.79,81.88,80.63,81.38,660243
2024-06-10,81.56,82.32,81.03,81.54,166278
2024-06-11,82.34,83.22,81.58,83.02,686254
2024-06-12,82.96,83.97,81.79,83.86,715802
2024-06-13,84.05,84.31,83.38,83.92,655257
2024-06-14,84.31,85.55,83.30,84.00,195287
2024-06-17,83.78,85.02,82.64,83.61,503633
2024-06-18,83.93,84.40,83.60,83.98,287324
2024-06-19,84.77,85.09,84.09,84.73,934549
2024-06-20,84.97,85.60,84.32,85.15,778966
2024-06-21,84.79,85.21,83.69,83.70,268481
2024-06-24,83.12,83.20,82.76,83.18,964922
2024-06-25,82.56,83.45,82.32,83.44,785298
2024-06-26,83.33,83.45,82.81,82.86,112603
2024-06-27,82.32,82.94,81.31,82.70,292938
2024-06-28,82.94,83.55,81.87,82.83,710846
2024-07-01,82.50,83.11,82.15,83.09,654003
2024-07-02,83.63,84.19,82.39,82.85,835029
2024-07-03,83.01,83.22,82.78,83.12,400038
2024-07-04,83.58,84.78,82.40,83.18,319313
2024-07-05,82.41,83.41,81.22,81.31,932225
2024-07-08,81.92,82.31,81.16,81.71,205255
2024-07-09,81.67,82.32,80.73,82.00,617029
2024-07-10,82.41,82.62,81.92,82.58,850888
2024-07-11,83.01,83.67,82.47,82.84,482704
2024-07-12,83.42,84.41,82.74,84.15,854848
2024-07-15,84.48,85.42,84.28,85.29,373456
2024-07-16,85.24,86.14,84.37,84.37,225148
2024-07-17,84.32,85.36,83.15,84.73,609779
2024-07-18,84.89,85.74,84.54,85.57,210645
2024-07-19,85.82,86.80,85.07,85.52,603726
2024-07-22,84.73,85.21,83.73,84.79,427648
2024-07-23,85.19,85.71,83.92,84.93,219159
2024-07-24,85.49,86.43,85.09,86.26,821606
2024-07-25,86.35,87.05,86.27,86.88,688685
2024-07-26,87.05,87.42,86.66,87.08,164453
2024-07-29,86.40,86.79,85.90,85.91,307723
2024-07-30,85.54,86.71,84.98,86.64,240293
2024-07-31,86.02,87.01,84.77,85.50,805452
2024-08-01,86.27,87.34,85.79,86.62,623581
2024-08-02,87.18,87.25,85.88,86.36,987924
2024-08-05,85.85,86.81,85.30,85.93,615556
2024-08-06,86.23,87.19,85.93,86.02,777753
2024-08-07,85.93,86.56,84.70,86.24,802755
2024-08-08,85.48,85.62,84.21,85.49,627928
2024-08-09,85.74,86.44,84.60,86.10,513736
2024-08-12,86.57,86.58,86.36,86.47,198438
2024-08-13,86.78,87.09,85.73,85.91,416448
2024-08-14,86.09,86.67,85.22,85.81,746231
2024-08-15,85.28,86.13,84.43,85.48,886468
2024-08-16,85.75,86.83,85.03,86.30,743790
2024-08-19,86.02,86.14,85.86,86.00,509605
2024-08-20,85.89,86.77,85.61,85.99,912643
2024-08-21,86.70,86.76,85.91,86.31,158547
2024-08-22,86.94,87.99,86.27,86.51,268568
2024-08-23,85.87,86.72,84.86,86.03,658990
2024-08-26,86.74,87.45,85.56,85.77,157174
2024-08-27,85.32,86.30,84.87,85.86,730509
2024-08-28,85.23,86.44,84.28,85.75,615382
2024-08-29,86.33,87.61,85.29,85.50,275356
2024-08-30,85.78,86.65,84.66,84.79,244662
2024-09-02,84.02,85.20,82.91,83.89,908429
2024-09-03,83.39,83.41,82.46,82.60,112322
2024-09-04,81.88,82.63,81.27,81.39,586740
2024-09-05,81.49,82.12,80.42,82.06,270187
2024-09-06,81.39,81.85,80.99,81.81,425404
2024-09-09,82.43,83.60,81.98,83.42,516715
2024-09-10,83.50,83.67,82.84,83.49,553399
2024-09-11,84.29,84.84,83.63,84.26,353262
2024-09-12,83.52,83.94,83.35,83.93,274749
2024-09-13,83.32,83.40,82.45,82.61,361757
2024-09-16,82.27,83.10,81.89,82.20,966620
2024-09-17,82.23,82.81,81.37,82.23,535286
2024-09-18,82.89,83.26,81.75,83.10,979986
2024-09-19,82.36,82.42,82.30,82.37,254023
2024-09-20,82.31,83.05,81.46,81.94,783685
2024-09-23,81.18,82.12,80.49,82.11,340549
2024-09-24,81.78,82.88,80.62,81.14,401647
2024-09-25,80.82,81.70,79.71,80.63,709772
2024-09-26,81.11,81.70,79.94,80.79,530403
2024-09-27,80.22,80.61,80.06,80.54,556493
2024-09-30,80.21,81.15,79.52,79.52,794099
2024-10-01,79.38,79.75,78.34,78.88,631415
2024-10-02,78.81,79.16,77.86,79.01,435919
2024-10-03,78.27,78.96,77.34,78.08,206861
2024-10-04,77.70,78.79,76.67,77.05,178490
2024-10-07,76.89,77.08,76.22,76.54,346866
2024-10-08,76.10,76.82,75.30,76.48,658416
2024-10-09,76.33,77.30,75.33,75.78,470771
2024-10-10,75.54,75.70,75.50,75.62,506288
2024-10-11,75.65,75.75,75.56,75.61,613529
2024-10-14,74.96,75.54,74.24,74.56,773883
2024-10-15,75.28,75.98,74.85,75.14,380263
2024-10-16,75.40,75.80,74.94,75.75,178029
2024-10-17,76.44,76.87,76.42,76.52,657116
2024-10-18,76.62,77.57,76.11,76.13,107719
2024-10-21,75.73,76.15,75.54,75.96,330861
2024-10-22,75.34,75.69,74.45,74.47,161953
2024-10-23,74.67,75.13,73.71,74.59,175313
2024-10-24,74.19,74.30,74.02,74.10,347628
2024-10-25,73.90,74.41,72.80,74.40,522553
2024-10-28,73.67,74.56,72.71,72.95,568052
2024-10-29,72.51,73.13,72.14,72.52,596697
2024-10-30,71.94,71.99,71.60,71.68,544706
2024-10-31,72.16,73.03,71.94,72.43,806830
2024-11-01,72.95,73.24,72.50,73.04,459923
2024-11-04,72.42,72.79,71.34,72.47,170236
2024-11-05,71.94,72.36,71.84,71.86,679229
2024-11-06,71.81,72.05,71.19,71.70,115576
2024-11-07,71.33,71.42,70.31,71.11,261953
2024-11-08,70.70,71.39,70.27,71.38,826189
2024-11-11,71.84,72.72,70.88,71.53,877513
2024-11-12,71.10,71.26,70.54,70.56,108451
2024-11-13,70.47,70.63,70.31,70.52,199061
2024-11-14,70.93,71.71,70.30,71.64,181410
2024-11-15,71.92,72.09,71.08,71.31,857543
2024-11-18,71.91,72.37,71.44,72.23,107899
2024-11-19,72.88,73.32,72.09,72.79,499188
2024-11-20,72.36,72.72,71.79,72.25,788116
2024-11-21,71.74,72.39,71.64,72.16,852991
2024-11-22,72.36,72.50,71.44,71.93,342480
2024-11-25,71.98,72.22,70.95,71.31,101755
2024-11-26,71.88,72.76,71.42,72.18,824456
2024-11-27,71.57,71.82,71.07,71.66,297016
2024-11-28,71.45,71.65,70.96,71.18,491462
2024-11-29,71.84,72.44,70.82,71.41,157384
2024-12-02,71.97,72.88,71.68,71.96,350778
2024-12-03,72.50,73.40,71.86,73.31,740347
2024-12-04,73.85,74.16,73.33,73.69,943186
2024-12-05,73.86,73.88,73.14,73.65,455615
2024-12-06,73.90,74.79,73.53,74.03,300825
2024-12-09,74.57,75.63,73.60,75.23,576376
2024-12-10,74.99,75.53,74.29,74.55,962763
2024-12-11,74.83,75.40,74.80,75.29,598695
2024-12-12,75.55,75.88,75.37,75.82,988382
2024-12-13,75.22,75.99,74.99,75.83,275329
2024-12-16,75.61,76.55,75.17,75.43,767564
2024-12-17,74.97,75.28,74.69,74.71,533422
2024-12-18,74.47,75.14,73.74,73.93,248597
2024-12-19,74.50,75.57,74.28,75.49,965446
2024-12-20,76.09,76.76,75.86,76.71,380083
2024-12-23,76.91,77.82,76.28,77.31,631814
2024-12-24,78.02,78.88,77.60,78.31,685390
2024-12-25,78.67,79.45,77.93,79.01,242305
2024-12-26,78.83,79.37,78.66,78.76,375388
2024-12-27,78.98,79.41,78.22,79.24,254105
2024-12-30,79.83,80.04,79.81,79.96,446342
2024-12-31,79.25,80.05,78.07,78.73,358591
2025-01-01,78.42,78.74,77.67,78.43,366676
2025-01-02,77.92,78.07,77.44,77.83,604574
2025-01-03,78.38,79.43,78.08,78.81,126009
2025-01-06,78.79,79.05,78.77,78.92,628648
2025-01-07,78.53,79.62,78.17,78.70,400598
2025-01-08,78.29,78.91,77.54,78.87,614181
2025-01-09,78.69,78.94,78.40,78.85,983350
2025-01-10,79.10,79.58,78.85,79.39,581727
2025-01-13,78.77,79.19,77.60,78.35,477432
2025-01-14,78.82,79.40,78.37,79.35,972821
2025-01-15,79.76,79.79,78.59,79.13,915775
2025-01-16,79.36,79.89,78.33,79.26,234104
2025-01-17,79.60,80.29,79.56,79.81,197556
2025-01-20,79.88,79.97,78.89,79.80,564431
2025-01-21,80.16,80.80,79.63,80.79,463883
2025-01-22,80.08,80.58,79.60,80.15,252953
2025-01-23,79.72,80.60,79.56,79.61,572584
2025-01-24,80.23,80.62,79.24,79.92,666794
2025-01-27,79.65,80.29,79.22,80.25,314256
2025-01-28,80.16,80.19,79.76,79.89,657545
2025-01-29,79.17,80.09,78.16,79.50,203431
2025-01-30,78.88,79.02,78.80,78.91,769138
2025-01-31,79.35,79.60,78.45,79.47,381471
2025-02-03,79.43,79.45,79.13,79.17,956562
2025-02-04,78.79,79.70,77.95,78.30,124669
2025-02-05,77.62,77.78,76.95,77.41,572347
2025-02-06,78.18,78.59,77.04,77.21,331511
2025-02-07,77.83,78.16,77.75,77.83,309142
2025-02-10,77.53,78.33,77.19,77.99,637661
2025-02-11,78.55,79.48,77.87,77.87,375938
2025-02-12,77.90,78.10,76.89,77.67,810360
2025-02-13,77.08,77.45,76.55,77.16,586038
2025-02-14,76.42,77.47,75.49,76.20,285144
2025-02-17,75.64,75.84,74.71,74.74,479194
2025-02-18,74.50,74.75,74.48,74.68,725524
2025-02-19,75.11,75.50,74.40,75.27,232108
2025-02-20,74.87,74.91,73.89,74.52,836802
2025-02-21,74.86,75.97,74.06,74.94,760301
2025-02-24,75.08,75.76,74.75,75.17,145181
2025-02-25,74.54,75.36,74.41,74.45,354574
2025-02-26,73.79,73.93,73.73,73.86,947840
2025-02-27,73.92,74.89,73.76,74.07,689420
2025-02-28,73.99,74.58,73.63,74.41,496534
2025-03-03,74.47,75.42,73.83,74.27,469042
2025-03-04,74.08,74.09,73.44,73.59,777548
2025-03-05,73.85,74.06,72.90,73.05,716194
2025-03-06,73.13,73.82,72.70,73.40,649062
2025-03-07,73.10,73.64,72.25,73.55,938849
2025-03-10,74.17,75.15,73.42,74.19,878721
2025-03-11,73.63,73.66,73.26,73.54,429242
2025-03-12,73.52,74.26,72.98,73.54,425527
2025-03-13,72.82,73.61,71.92,72.53,719676
2025-03-14,72.04,72.16,71.73,71.87,768708
2025-03-17,72.49,73.35,71.66,71.99,708312
2025-03-18,72.44,72.88,71.91,72.63,498293
2025-03-19,73.18,73.62,72.41,72.69,717609
2025-03-20,73.26,74.07,72.38,72.84,474477
2025-03-21,73.54,73.78,73.06,73.53,300193
2025-03-24,73.40,73.97,73.27,73.56,724372
2025-03-25,73.33,74.14,72.44,73.67,950246
2025-03-26,74.36,75.28,74.24,74.56,563068
2025-03-27,74.36,74.68,73.55,74.12,480789
2025-03-28,73.64,74.27,72.67,73.03,405035
2025-03-31,73.46,73.88,73.06,73.09,366958
2025-04-01,72.60,73.00,71.79,71.80,944764
2025-04-02,72.20,72.99,71.52,72.11,894093
2025-04-03,71.42,72.10,70.95,71.24,256970
2025-04-04,71.11,71.42,70.29,70.67,193586
2025-04-07,71.16,72.01,70.37,70.76,534501
2025-04-08,70.60,70.76,70.41,70.52,331059
2025-04-09,70.08,70.68,69.22,69.36,964175
2025-04-10,69.07,69.46,68.79,69.00,278020
2025-04-11,69.35,69.50,69.10,69.12,620362
2025-04-14,69.27,69.46,68.80,68.81,387177
2025-04-15,68.56,69.25,67.74,68.91,880863
2025-04-16,69.59,70.44,68.62,70.17,255841
2025-04-17,70.50,70.53,69.57,70.53,540877
2025-04-18,70.56,71.60,70.48,71.54,227382
2025-04-21,72.14,72.32,71.99,72.25,616222
2025-04-22,72.34,72.51,72.32,72.45,786078
2025-04-23,72.11,72.91,71.40,71.57,741906
2025-04-24,70.91,71.59,69.94,70.35,230770
2025-04-25,70.18,70.23,69.99,70.20,279700
2025-04-28,70.59,71.30,69.73,69.77,887537
2025-04-29,69.50,70.32,68.86,68.89,403671
2025-04-30,68.65,69.63,68.42,69.11,690612
2025-05-01,68.80,69.46,68.70,68.82,610041
2025-05-02,68.95,69.44,68.89,69.21,172413
2025-05-05,68.58,68.69,67.60,68.32,729157
2025-05-06,68.90,69.73,68.16,69.20,691446
2025-05-07,69.54,69.54,68.98,69.45,884656
2025-05-08,68.98,69.95,68.70,69.44,233340
2025-05-09,69.70,70.33,68.83,70.10,883476
2025-05-12,69.95,70.76,69.53,70.42,294676
2025-05-13,70.38,70.47,69.40,70.43,289189
2025-05-14,71.06,71.16,70.70,70.79,838153
2025-05-15,70.97,71.96,70.30,70.78,276394
2025-05-16,70.80,71.74,70.37,71.61,187676
2025-05-19,71.13,71.92,70.52,71.11,546167
2025-05-20,71.06,71.80,70.10,71.11,696412
2025-05-21,70.76,71.81,70.08,70.36,208608
2025-05-22,70.48,71.18,70.14,70.24,394189
2025-05-23,69.65,69.76,68.63,68.67,245043
2025-05-26,68.97,69.76,68.09,69.03,299553
2025-05-27,68.67,69.35,68.27,69.13,790798
2025-05-28,68.92,69.87,68.82,68.86,478948
2025-05-29,69.17,69.34,68.48,68.71,315561
2025-05-30,68.63,69.28,67.90,68.82,406855
2025-06-02,69.02,69.73,68.76,68.84,267168
2025-06-03,68.50,69.22,68.19,68.82,139085
2025-06-04,68.16,68.54,67.77,68.38,954805
2025-06-05,69.04,69.83,68.44,69.79,799846
2025-06-06,69.18,69.71,68.61,68.78,831055
2025-06-09,69.38,70.37,68.69,68.80,968321
2025-06-10,68.68,69.65,68.39,69.42,914758
2025-06-11,68.92,69.16,68.55,68.71,515198
2025-06-12,69.22,70.08,68.96,69.87,422806
2025-06-13,69.36,69.47,68.62,69.13,751339
2025-06-16,69.01,70.03,68.99,69.26,976669
2025-06-17,69.73,70.48,69.20,69.70,344639
2025-06-18,69.71,70.62,69.39,69.80,917189
2025-06-19,69.18,69.29,69.09,69.24,391972
2025-06-20,68.57,69.42,68.50,69.09,574062
2025-06-23,69.27,69.83,68.49,68.84,676901
2025-06-24,68.15,68.33,67.92,68.03,928051
2025-06-25,67.78,68.40,67.53,68.17,966248
2025-06-26,68.16,69.16,67.31,69.09,125282
2025-06-27,68.90,69.02,68.10,68.94,527123
2025-06-30,69.21,69.72,69.14,69.24,214901
2025-07-01,68.72,69.12,68.64,68.66,379136
2025-07-02,68.08,68.84,67.49,67.86,544720
2025-07-03,67.29,67.87,66.99,67.32,628610
2025-07-04,67.14,67.95,66.79,67.61,544079
2025-07-07,67.69,68.56,67.44,67.54,416864
2025-07-08,67.72,67.89,67.47,67.72,177384
2025-07-09,68.11,69.09,67.93,68.23,111132
2025-07-10,68.90,69.36,68.59,68.87,330710
2025-07-11,69.25,69.66,68.40,69.48,188117
2025-07-14,69.48,69.59,68.73,69.12,776353
2025-07-15,68.78,69.75,68.69,69.66,314543
2025-07-16,69.48,69.97,69.48,69.86,266166
2025-07-17,69.60,70.49,68.89,69.06,632244
2025-07-18,69.66,70.48,69.24,69.50,500728
2025-07-21,69.35,69.67,68.99,69.62,524107
2025-07-22,69.55,70.13,68.57,70.03,697828
2025-07-23,70.54,70.75,69.95,70.16,243998
2025-07-24,69.48,69.77,69.03,69.15,471010
2025-07-25,68.73,69.54,67.95,69.25,142500
2025-07-28,69.37,69.79,69.18,69.54,902172
2025-07-29,69.93,70.96,69.03,70.21,499237
2025-07-30,70.86,71.82,70.77,71.54,383681
2025-07-31,72.05,72.10,71.75,72.07,734195
2025-08-01,72.58,73.00,72.29,72.58,143828
2025-08-04,72.13,72.53,71.62,71.63,643668
2025-08-05,71.88,72.49,71.32,72.17,519574
2025-08-06,72.73,73.04,72.01,72.14,585754
2025-08-07,72.54,72.88,71.59,72.47,300153
2025-08-08,72.67,72.87,72.65,72.85,282778
2025-08-11,73.01,73.66,72.88,73.55,217012
2025-08-12,73.35,73.97,72.68,72.95,421409
2025-08-13,72.41,73.10,71.49,72.23,551373
2025-08-14,71.62,72.32,71.47,71.91,708737
2025-08-15,72.60,72.78,72.54,72.56,776969
2025-08-18,71.88,72.04,71.11,71.84,471132
2025-08-19,72.21,73.17,72.17,73.06,631799
2025-08-20,73.48,74.43,72.47,72.94,391059
2025-08-21,72.45,72.60,71.55,71.68,800748
2025-08-22,71.93,72.52,71.01,71.59,827486
2025-08-25,71.14,71.49,70.41,70.46,480430
2025-08-26,70.66,71.54,69.83,70.25,117249
2025-08-27,69.75,70.04,69.61,70.02,151634
2025-08-28,69.70,70.51,69.09,70.05,330073
2025-08-29,69.98,70.22,69.98,70.01,424626
2025-09-01,69.46,70.42,68.94,69.72,301166
2025-09-02,69.52,70.33,69.46,69.75,964878
2025-09-03,69.25,70.10,68.95,69.91,120434
2025-09-04,69.38,69.67,68.93,69.15,310742
2025-09-05,68.74,69.49,67.96,68.13,750726
2025-09-08,68.35,69.19,67.76,68.46,302092
2025-09-09,67.90,68.22,67.13,67.33,534420
2025-09-10,67.19,67.83,66.84,67.37,190427
2025-09-11,67.40,67.42,66.45,66.48,884261
2025-09-12,66.87,67.26,66.16,66.71,134281
2025-09-15,66.59,67.04,65.64,65.91,830986
2025-09-16,65.65,65.67,65.14,65.59,442518
2025-09-17,65.73,66.03,64.91,65.18,736013
2025-09-18,64.82,65.43,64.42,65.42,731428
2025-09-19,65.13,65.23,64.33,64.75,878379
2025-09-22,64.74,65.23,64.21,64.74,431754
2025-09-23,64.65,64.73,64.55,64.56,956478
2025-09-24,63.98,64.74,63.44,63.47,465029
2025-09-25,63.64,64.27,63.09,63.19,554134
2025-09-26,63.41,64.30,62.75,64.26,582252
2025-09-29,63.69,64.53,62.97,64.27,992085
2025-09-30,64.24,65.13,63.91,64.57,405980
2025-10-01,64.92,64.97,64.78,64.96,610711
2025-10-02,65.18,66.12,64.33,65.07,614813
2025-10-03,64.99,65.60,64.84,65.55,384403
2025-10-06,65.66,65.86,65.40,65.69,434619
2025-10-07,65.14,65.52,64.71,65.44,834883
2025-10-08,65.49,65.68,64.56,65.65,185320
2025-10-09,65.76,65.98,65.41,65.44,935785
2025-10-10,65.96,66.31,65.61,65.86,835996
2025-10-13,65.62,66.13,65.37,66.04,924321
2025-10-14,66.43,67.25,66.03,66.07,100714
2025-10-15,65.50,66.30,65.13,65.53,837450
2025-10-16,65.70,66.02,65.17,65.62,411716
2025-10-17,65.32,66.26,64.75,65.12,151132
2025-10-20,65.01,65.78,64.96,65.75,115878
2025-10-21,66.38,67.17,65.48,66.66,335163
2025-10-22,66.29,66.47,66.08,66.47,678667
2025-10-23,66.40,67.38,65.67,67.09,698248
2025-10-24,66.96,67.01,65.97,66.25,152428
2025-10-27,66.36,66.49,66.30,66.42,553709
2025-10-28,65.92,66.08,65.10,65.96,471580
2025-10-29,65.99,66.22,65.99,66.06,324754
2025-10-30,66.17,66.66,65.97,66.49,861631
2025-10-31,65.88,66.46,64.99,65.53,662522
2025-11-03,65.13,65.87,64.21,65.69,579897
2025-11-04,65.91,66.73,65.23,66.60,241207
2025-11-05,67.25,67.72,66.34,67.17,813868
2025-11-06,66.91,67.25,66.44,67.13,481565
2025-11-07,67.30,67.75,67.07,67.54,864010
2025-11-10,67.97,68.92,67.29,67.90,693846
2025-11-11,67.61,67.95,67.15,67.39,709778
2025-11-12,66.90,67.14,66.30,66.68,277795
2025-11-13,66.65,67.03,66.16,66.34,803789
2025-11-14,65.83,66.39,65.01,65.66,980367
2025-11-17,65.94,66.58,65.30,65.56,701569
2025-11-18,65.03,65.79,64.27,64.95,985569
2025-11-19,65.43,66.16,64.61,64.98,590258
2025-11-20,65.38,66.09,64.94,65.90,947205
2025-11-21,66.04,66.98,65.74,66.82,873325
2025-11-24,66.96,66.97,66.33,66.68,220703
2025-11-25,66.92,67.57,66.91,67.13,380222
2025-11-26,67.20,67.63,66.84,66.93,460031
2025-11-27,67.22,68.15,66.81,67.05,747349
2025-11-28,67.06,67.78,67.02,67.17,773703
2025-12-01,67.51,67.93,67.32,67.85,438208
2025-12-02,68.51,69.34,67.77,68.65,181016
2025-12-03,68.44,68.59,68.12,68.27,108902
2025-12-04,67.84,68.69,67.34,68.00,183210
2025-12-05,68.08,68.63,67.47,67.48,782536
2025-12-08,68.01,68.48,67.51,68.16,986623
2025-12-09,67.64,68.38,67.62,67.95,652515
2025-12-10,68.37,68.75,68.06,68.40,979463
2025-12-11,67.76,68.45,66.85,67.96,392281
2025-12-12,67.67,68.44,66.83,66.96,546846
2025-12-15,66.86,67.69,66.77,67.09,230242
2025-12-16,66.78,66.81,65.99,66.66,695899
2025-12-17,66.23,66.95,65.60,66.11,441013
2025-12-18,65.95,66.46,65.09,65.84,340707
2025-12-19,66.06,66.45,65.91,66.01,649269
2025-12-22,65.92,66.62,65.07,65.17,620509
2025-12-23,65.15,66.13,65.06,65.12,236586
2025-12-24,64.97,65.53,64.39,64.68,334964
2025-12-25,64.41,65.09,63.74,64.17,193230
2025-12-26,64.72,64.73,64.29,64.51,227766
2025-12-29,63.86,64.34,63.04,63.97,596352
2025-12-30,64.14,64.53,64.07,64.21,736563
2025-12-31,64.39,64.60,64.08,64.31,128856
2026-01-01,64.00,64.68,63.20,64.58,466414
2026-01-02,65.11,65.46,64.92,65.07,916616
2026-01-05,65.27,65.28,64.41,64.76,994964
2026-01-06,64.49,65.07,63.74,64.77,962378
2026-01-07,64.96,65.51,64.08,64.94,199518
2026-01-08,64.50,65.40,64.12,65.18,227746
2026-01-09,64.88,65.69,64.38,64.73,703664
2026-01-12,64.82,64.92,64.81,64.88,768555
2026-01-13,64.83,65.57,64.63,65.20,497011
2026-01-14,64.70,65.17,64.53,64.75,727486
2026-01-15,65.03,65.60,64.60,65.07,717431
2026-01-16,64.67,64.76,63.73,64.30,902915
2026-01-19,63.79,64.14,63.16,63.58,490188
2026-01-20,63.57,63.88,63.25,63.82,454857
2026-01-21,63.33,63.99,63.14,63.61,241487
2026-01-22,63.56,63.94,63.09,63.12,805778
2026-01-23,63.03,63.85,62.20,63.05,864563
2026-01-26,63.50,64.01,62.56,63.34,222638
2026-01-27,63.62,63.82,63.49,63.68,811985
2026-01-28,64.18,64.28,63.65,63.84,234750
2026-01-29,64.31,64.86,64.00,64.33,770982
2026-01-30,64.35,65.27,64.03,64.47,470381
2026-02-02,64.91,65.70,64.07,65.51,662280
2026-02-03,65.55,65.72,64.75,65.09,366851
2026-02-04,65.51,65.59,65.13,65.56,452294
2026-02-05,65.21,66.05,64.66,65.45,513050
2026-02-06,65.19,65.76,64.66,65.72,521306
2026-02-09,65.76,66.31,65.13,65.51,740058
2026-02-10,65.53,66.00,64.91,65.63,581718
2026-02-11,65.53,66.14,64.69,65.70,388568
2026-02-12,65.67,66.29,65.32,66.23,600938
2026-02-13,65.63,66.05,65.38,65.89,171224
2026-02-16,66.38,66.72,66.04,66.69,758982
2026-02-17,66.46,66.57,65.67,66.22,313682
2026-02-18,66.17,66.28,65.63,65.68,248799
2026-02-19,66.17,67.08,65.75,66.22,152580
2026-02-20,66.08,66.10,65.51,65.56,372383
2026-02-23,65.48,66.09,65.39,65.75,240450
2026-02-24,65.64,66.05,65.42,65.63,208692
2026-02-25,65.21,65.90,64.26,65.27,840453
2026-02-26,65.50,66.41,64.55,64.89,401986
2026-02-27,64.61,65.37,64.46,64.87,294816
2026-03-02,64.57,64.66,64.20,64.65,897153
2026-03-03,64.24,64.83,63.95,64.69,861429
2026-03-04,65.01,65.28,64.27,64.30,482354
2026-03-05,64.75,65.11,64.64,65.07,858764
2026-03-06,65.34,65.73,65.21,65.59,553763
2026-03-09,65.15,65.80,64.79,65.59,144737
2026-03-10,65.49,65.88,65.26,65.35,622373
2026-03-11,65.07,65.52,64.95,65.38,667422
2026-03-12,65.91,66.85,65.04,66.22,859888
2026-03-13,66.74,66.87,66.18,66.75,104666
2026-03-16,66.14,66.30,65.36,65.68,590325
2026-03-17,66.00,66.61,65.98,66.56,481227
2026-03-18,67.10,67.79,66.55,66.76,623040
2026-03-19,66.96,67.15,66.41,66.52,739909
2026-03-20,66.46,67.13,65.64,66.94,514416
2026-03-23,67.33,67.37,66.99,66.99,376328
2026-03-24,67.40,67.49,67.35,67.43,785308
2026-03-25,67.89,68.10,67.56,67.76,632558
2026-03-26,67.69,68.11,67.47,67.82,268099
2026-03-27,67.46,67.75,66.93,66.96,479805
2026-03-30,67.13,67.43,66.17,66.73,478962
2026-03-31,66.07,66.18,66.07,66.18,690902
2026-04-01,65.71,66.51,64.75,65.66,678674
2026-04-02,65.29,65.30,64.39,65.07,187044
2026-04-03,65.30,65.41,65.16,65.33,195581
2026-04-06,65.58,66.22,65.54,65.63,472836
2026-04-07,66.05,66.13,65.85,65.85,846427
2026-04-08,66.05,66.37,65.35,66.00,905849
2026-04-09,66.09,66.17,65.25,65.63,646981
2026-04-10,65.34,66.24,64.57,65.75,832350
2026-04-13,65.97,66.92,65.93,66.51,459364
2026-04-14,66.24,66.45,65.84,66.11,708152
2026-04-15,66.23,67.08,66.14,66.68,359824
2026-04-16,66.06,66.76,65.44,66.02,457830
2026-04-17,65.66,65.91,65.41,65.54,972893
2026-04-20,64.93,65.67,64.55,65.28,605661
2026-04-21,65.83,66.68,65.08,66.59,992872
2026-04-22,66.64,66.74,65.73,65.96,741876
2026-04-23,66.48,66.98,65.95,66.84,594795
2026-04-24,67.34,67.62,66.83,67.20,562128
2026-04-27,67.07,68.07,66.22,67.39,187343
2026-04-28,67.62,67.89,67.44,67.84,544612
2026-04-29,67.96,68.61,67.67,67.74,457902
2026-04-30,67.20,67.38,66.20,67.25,875890
2026-05-01,66.88,67.86,66.56,67.27,826678
2026-05-04,67.03,67.45,66.90,67.24,794651
2026-05-05,66.63,67.19,65.84,66.83,935444
2026-05-06,67.01,67.54,66.86,66.96,588948
2026-05-07,66.82,67.64,66.61,67.03,642983
2026-05-08,67.50,68.31,66.70,66.88,977235
2026-05-11,66.97,67.43,66.61,67.22,731557
2026-05-12,67.18,67.54,66.43,67.50,721677
2026-05-13,67.00,67.11,66.14,66.62,621140
2026-05-14,66.67,67.09,66.45,66.75,388500
2026-05-15,66.48,66.71,65.97,66.55,515365
2026-05-18,66.40,67.27,66.12,66.12,363124
2026-05-19,65.93,66.16,65.36,65.52,103544
2026-05-20,65.79,65.91,65.31,65.72,995589
2026-05-21,65.72,66.67,65.58,65.94,450559
2026-05-22,65.52,65.52,65.14,65.20,891351
2026-05-25,65.70,66.19,64.73,65.63,388474
2026-05-26,65.35,66.03,64.39,65.36,271862
2026-05-27,65.76,66.04,65.49,65.70,232215
2026-05-28,66.22,66.94,65.92,66.40,752236
2026-05-29,66.92,67.26,66.33,66.63,272137
2026-06-01,67.05,67.75,66.36,67.29,926847
2026-06-02,67.50,67.71,67.21,67.58,920048
2026-06-03,67.28,67.39,66.42,67.18,958354
2026-06-04,67.68,68.25,66.96,67.33,453207
2026-06-05,67.53,67.99,67.11,67.78,600957
2026-06-08,68.43,69.32,68.32,68.86,606541
2026-06-09,68.40,69.29,67.71,67.98,633740
2026-06-10,67.73,67.86,67.37,67.73,834870
2026-06-11,67.59,68.50,67.42,68.06,616308
2026-06-12,68.47,68.79,67.90,68.75,409360
2026-06-15,68.82,69.14,68.41,68.75,280748
2026-06-16,68.82,69.53,68.17,68.93,797069
2026-06-17,68.54,68.64,67.68,67.99,853608
2026-06-18,67.49,68.15,66.70,67.35,246305
2026-06-19,67.34,67.62,67.14,67.53,638681
2026-06-22,67.42,67.75,66.84,67.49,145146
2026-06-23,67.55,68.00,67.10,67.77,442111
2026-06-24,67.93,67.96,67.18,67.56,331954
2026-06-25,67.43,68.08,66.72,67.88,959909
2026-06-26,68.52,68.64,67.86,68.40,541343
2026-06-29,67.98,68.58,67.93,68.12,794955
2026-06-30,68.73,69.27,68.07,68.44,820851
2026-07-01,68.57,68.82,68.35,68.61,215934
2026-07-02,68.29,68.69,67.71,67.77,212718
2026-07-03,67.59,68.45,67.05,68.01,691144
2026-07-06,67.90,68.78,67.77,68.17,817266
2026-07-07,68.83,69.54,68.70,68.75,585508
2026-07-08,68.84,68.89,68.20,68.50,735573
2026-07-09,68.98,69.10,68.54,68.78,528435
2026-07-10,68.35,69.11,68.23,68.96,848210
2026-07-13,69.60,69.63,68.84,69.59,491604
2026-07-14,69.33,70.29,68.58,69.04,589541
2026-07-15,69.21,69.96,68.43,68.67,582989
2026-07-16,69.09,69.61,68.96,69.41,560708
2026-07-17,68.81,69.19,67.83,68.69,570124
2026-07-20,68.21,68.81,67.55,68.43,803478
2026-07-21,68.17,69.11,67.88,69.03,725172
2026-07-22,69.48,69.72,68.80,69.04,624291
2026-07-23,68.57,69.39,67.95,69.21,644844
2026-07-24,69.80,70.58,68.75,69.59,830477
2026-07-27,69.39,70.20,68.61,69.80,520718
2026-07-28,69.74,70.50,69.07,69.70,724614
2026-07-29,69.49,70.08,69.38,69.67,193612
2026-07-30,69.53,70.04,68.92,69.85,300999
2026-07-31,70.35,71.30,70.26,70.36,612555
2026-08-03,70.57,71.42,70.09,71.01,615412
2026-08-04,71.48,72.34,71.24,71.34,639274
2026-08-05,70.87,71.80,70.48,71.12,856426
2026-08-06,70.67,71.32,70.38,70.63,721135
2026-08-07,70.66,71.45,70.03,71.27,912684
2026-08-10,71.61,71.96,71.30,71.57,249859
2026-08-11,70.99,71.96,70.23,71.82,869286
2026-08-12,72.27,73.17,71.73,73.16,478462
2026-08-13,73.09,73.47,72.73,72.85,167882
2026-08-14,72.69,73.37,71.74,72.39,565187
2026-08-17,71.83,72.40,71.24,71.82,578043
2026-08-18,71.95,72.56,71.37,72.16,432670
2026-08-19,71.87,72.47,71.42,71.63,383791
2026-08-20,71.31,72.31,70.68,71.26,568247
2026-08-21,71.21,71.25,70.96,71.17,486436
2026-08-24,71.21,71.84,70.57,70.72,531605
2026-08-25,70.03,70.34,69.40,69.51,991743
2026-08-26,69.50,70.39,68.90,69.77,626067
2026-08-27,69.80,70.34,69.53,69.83,856631
2026-08-28,69.35,69.91,68.64,69.58,846739
2026-08-31,69.56,70.44,69.48,70.40,712032
2026-09-01,70.28,70.77,69.43,69.94,748692
2026-09-02,70.32,70.70,69.83,70.50,974910
2026-09-03,69.99,70.99,69.26,70.71,294929
2026-09-04,71.39,71.42,70.49,71.33,575199
2026-09-07,71.54,72.48,71.08,71.65,531177
2026-09-08,72.16,73.10,72.08,72.29,382545
2026-09-09,71.83,72.15,71.60,71.77,532165
2026-09-10,71.27,72.20,71.15,71.44,635043
2026-09-11,71.61,71.88,70.85,70.96,204305
2026-09-14,71.45,72.41,70.45,70.78,461016
2026-09-15,70.92,71.36,70.58,71.34,714182
2026-09-16,71.22,71.59,70.39,70.75,630950
2026-09-17,70.63,71.40,69.91,70.35,970286
2026-09-18,70.07,70.72,69.26,70.37,714228
2026-09-21,70.00,70.16,69.55,70.02,686787
2026-09-22,70.39,70.70,69.52,69.78,803020
2026-09-23,69.89,70.35,69.32,70.10,941224
2026-09-24,70.11,70.85,69.16,70.77,841991
2026-09-25,70.92,71.74,70.39,71.26,299083
2026-09-28,71.65,72.17,70.91,71.18,990779
2026-09-29,71.29,71.58,70.29,71.39,803380
2026-09-30,71.26,71.53,71.20,71.26,453080
2026-10-01,71.46,72.45,71.07,71.56,464525
2026-10-02,72.15,72.24,71.43,71.82,452633
2026-10-05,72.33,73.11,71.97,73.06,742231
2026-10-06,73.36,73.67,72.48,73.24,606516
2026-10-07,73.86,73.98,73.63,73.94,406273
2026-10-08,73.99,74.02,73.02,73.67,633626
2026-10-09,73.75,73.76,73.24,73.75,380301
2026-10-12,73.63,74.01,73.61,73.61,540308
2026-10-13,73.49,74.29,72.43,73.12,135172
2026-10-14,72.61,72.86,72.40,72.84,720041
2026-10-15,72.95,73.82,71.99,72.20,584252
2026-10-16,72.03,72.65,71.06,72.47,791698
2026-10-19,72.94,73.77,72.03,73.22,291815
2026-10-20,73.01,74.05,72.82,73.78,193943
2026-10-21,73.20,73.59,72.99,73.50,917323
2026-10-22,73.03,73.17,72.87,72.98,955986
2026-10-23,73.55,74.22,72.45,73.81,829721
2026-10-26,74.48,74.79,74.25,74.52,582246
2026-10-27,74.22,74.81,73.18,74.73,169429
2026-10-28,75.15,76.09,74.55,75.20,663789
2026-10-29,75.51,75.96,74.72,75.46,827626
2026-10-30,75.82,76.64,75.24,75.37,341636
2026-11-02,75.73,75.85,75.29,75.62,789238
2026-11-03,75.95,76.47,75.76,76.06,732235
2026-11-04,76.59,77.60,75.50,76.18,247569
2026-11-05,75.98,76.63,74.95,75.30,354802
2026-11-06,74.89,75.70,73.78,75.62,915438
2026-11-09,75.20,75.56,74.66,75.00,656869
2026-11-10,75.62,76.50,75.34,76.38,229761
2026-11-11,75.98,76.74,74.90,74.97,467741
2026-11-12,74.43,75.17,74.13,74.68,265413
2026-11-13,75.05,75.22,74.20,75.12,452378
2026-11-16,75.10,75.38,74.72,75.31,884415
2026-11-17,75.38,76.43,75.33,75.67,782434
2026-11-18,75.41,75.97,74.97,75.56,266427
2026-11-19,75.14,75.87,74.53,75.60,516593
2026-11-20,75.35,76.07,74.92,75.18,403972
2026-11-23,75.49,75.88,74.77,75.81,725122
2026-11-24,76.28,76.80,75.51,75.55,349385
2026-11-25,75.95,76.04,75.67,75.86,126314
2026-11-26,75.57,76.08,74.72,75.18,805355
2026-11-27,75.73,76.75,75.47,76.60,702270
2026-11-30,76.96,77.96,76.85,77.80,200564
2026-12-01,77.68,78.23,76.86,78.07,532855
2026-12-02,77.86,78.22,77.24,78.04,181788
2026-12-03,77.29,78.27,76.43,77.07,988153
2026-12-04,77.34,78.32,76.84,76.95,942872
2026-12-07,76.85,77.25,76.84,77.21,689469
2026-12-08,77.84,78.04,77.60,77.83,301161
2026-12-09,77.76,78.65,77.66,77.84,893973
2026-12-10,78.10,78.57,77.07,77.26,929840
2026-12-11,76.68,77.79,75.80,76.27,882597
2026-12-14,76.01,76.23,76.00,76.18,515110
2026-12-15,75.52,75.56,74.48,75.30,342638
2026-12-16,75.10,75.29,74.01,74.06,949441
2026-12-17,73.77,74.77,73.48,74.10,878663
2026-12-18,73.75,74.56,73.49,73.56,178933
2026-12-21,73.96,74.46,73.84,74.36,943452
2026-12-22,74.41,75.44,73.88,74.92,919770
2026-12-23,75.52,75.79,75.04,75.73,223108
2026-12-24,75.82,76.01,75.13,75.68,110586
2026-12-25,75.44,75.60,74.32,74.84,589140
2026-12-28,74.15,75.23,74.10,74.57,391935
2026-12-29,74.64,74.71,74.03,74.29,301558
2026-12-30,74.43,74.85,73.87,73.88,845884
2026-12-31,74.12,74.82,73.84,73.92,679105
2027-01-01,74.10,75.11,73.43,74.89,324873
2027-01-04,74.79,75.19,73.92,74.00,798398
2027-01-05,73.86,74.59,73.78,74.37,966891
2027-01-06,74.91,75.43,74.40,74.68,276983
2027-01-07,74.76,74.87,74.26,74.27,398940
2027-01-08,74.97,75.49,74.81,75.23,697836
2027-01-11,74.78,75.32,74.60,74.66,941445
2027-01-12,75.23,75.95,74.42,75.82,531471
2027-01-13,76.25,77.13,76.10,76.74,648532
2027-01-14,77.38,77.51,77.15,77.41,172650
2027-01-15,78.12,79.15,77.95,78.00,546875
2027-01-18,77.30,77.33,76.79,77.21,268698
2027-01-19,77.40,77.43,76.76,76.78,780433
2027-01-20,77.27,77.78,76.29,77.70,808083
2027-01-21,78.37,79.07,77.29,77.79,693825
2027-01-22,77.58,77.78,77.54,77.59,178667
2027-01-25,77.24,78.31,77.06,77.18,923032
2027-01-26,77.90,78.52,77.38,77.86,900107
2027-01-27,77.67,78.36,77.23,77.34,260502
2027-01-28,76.72,77.77,75.77,76.27,229677
2027-01-29,75.65,75.66,74.93,75.12,186646
2027-02-01,75.02,75.42,74.17,75.39,822287
2027-02-02,76.08,76.25,75.33,75.65,888343
2027-02-03,75.64,76.08,75.38,75.80,439363
2027-02-04,75.87,76.98,75.81,76.25,467297
2027-02-05,75.50,76.14,74.58,75.62,152993
2027-02-08,75.41,76.28,74.53,75.38,359271
2027-02-09,75.13,76.19,74.16,75.88,467303
2027-02-10,75.60,76.52,74.95,75.12,260586
2027-02-11,75.41,76.25,75.12,76.09,385546
2027-02-12,76.48,77.30,75.76,77.09,631242
2027-02-15,76.37,77.23,75.39,76.64,255045
2027-02-16,76.70,76.72,76.29,76.36,902805
2027-02-17,76.82,77.22,76.08,77.10,256527
2027-02-18,77.72,78.64,77.14,77.51,655797
2027-02-19,78.19,78.28,77.17,77.47,891792
2027-02-22,77.39,77.80,77.35,77.55,686416
2027-02-23,77.66,78.40,77.24,78.00,815897
2027-02-24,77.64,78.30,76.79,76.94,621959
2027-02-25,76.49,77.48,75.35,75.37,409417
2027-02-26,74.75,75.36,74.19,74.61,559174
2027-03-01,74.91,75.31,73.79,73.79,687837
2027-03-02,74.39,75.03,74.03,74.44,630964
2027-03-03,74.26,75.02,73.94,74.13,267079
2027-03-04,74.57,75.24,73.93,74.62,783338
2027-03-05,74.10,74.14,73.95,74.11,371585
2027-03-08,74.81,75.72,73.89,75.54,594374
2027-03-09,74.85,75.97,74.08,75.92,212672
2027-03-10,75.92,76.69,74.96,75.61,579456
2027-03-11,75.38,76.01,74.74,74.92,234247
2027-03-12,75.25,75.29,74.79,74.99,570547
2027-03-15,74.44,74.47,74.11,74.33,125517
2027-03-16,74.50,74.87,74.02,74.84,436756
2027-03-17,75.13,76.09,74.05,75.77,953833
2027-03-18,76.19,76.69,76.01,76.40,581566
2027-03-19,77.02,78.02,76.48,77.59,567968
2027-03-22,78.32,78.86,77.86,78.73,565720
2027-03-23,78.82,79.78,78.50,78.65,948984
2027-03-24,79.33,79.46,79.01,79.22,383420
2027-03-25,79.79,79.91,78.87,79.13,240800
2027-03-26,78.84,79.83,78.71,78.74,499900
2027-03-29,78.85,79.06,78.80,78.93,258640
2027-03-30,78.48,79.06,78.31,78.54,325663
2027-03-31,79.07,79.16,78.38,79.02,749050
2027-04-01,78.57,78.63,77.67,77.93,627046
2027-04-02,78.58,78.87,77.56,78.44,408309
2027-04-05,77.98,78.83,77.17,78.07,136461
2027-04-06,78.49,78.51,78.47,78.48,849911
2027-04-07,78.86,79.15,78.36,78.57,667662
2027-04-08,77.84,78.56,76.99,77.70,915674
2027-04-09,77.98,78.72,76.94,77.01,535688
2027-04-12,76.99,77.45,76.00,76.65,698635
2027-04-13,76.58,76.96,76.21,76.83,347663
2027-04-14,77.50,77.99,76.45,76.84,400894
2027-04-15,76.78,77.65,75.89,76.10,801245
2027-04-16,75.47,75.61,75.25,75.61,874024
2027-04-19,74.96,75.20,74.45,74.47,399820
2027-04-20,73.87,74.18,72.91,73.86,387493
2027-04-21,73.29,73.64,72.38,73.39,985157
2027-04-22,74.09,74.39,73.79,74.18,545736
2027-04-23,74.40,74.52,74.08,74.11,794100
2027-04-26,73.72,74.56,73.62,74.18,304442
2027-04-27,74.14,74.15,73.39,73.50,978976
2027-04-28,73.79,73.88,73.57,73.66,790954
2027-04-29,74.13,74.63,74.04,74.44,459174
2027-04-30,74.23,74.64,73.90,74.41,287197
2027-05-03,74.94,75.83,74.75,75.17,894425
2027-05-04,75.32,76.28,74.45,75.72,498145
2027-05-05,76.19,76.34,75.49,75.58,575290
2027-05-06,76.09,76.15,75.71,75.97,428452
2027-05-07,76.72,77.66,76.66,76.98,460575
2027-05-10,76.23,77.01,75.80,75.83,275676
2027-05-11,76.04,76.81,75.00,76.30,196303
2027-05-12,75.96,76.08,74.89,75.91,270690
2027-05-13,75.47,76.11,74.72,75.47,594659
2027-05-14,76.10,76.17,75.42,75.92,219260
2027-05-17,75.57,76.53,74.56,74.71,706645
2027-05-18,74.68,75.51,74.63,75.12,244294
2027-05-19,75.81,76.49,75.62,76.43,400310
2027-05-20,76.77,77.02,76.74,76.92,985850
2027-05-21,77.50,77.84,76.59,77.80,801118
2027-05-24,77.14,77.93,76.76,77.48,728695
2027-05-25,77.68,78.04,76.99,77.04,735831
2027-05-26,76.59,77.67,76.38,76.39,944940
2027-05-27,75.88,75.93,75.44,75.45,442840
2027-05-28,74.72,75.51,74.47,75.21,150775
2027-05-31,75.83,76.87,74.77,76.75,986248
2027-06-01,76.41,76.71,76.08,76.37,113323
2027-06-02,76.83,77.30,76.72,76.96,785006
2027-06-03,76.51,77.50,75.45,77.45,523650
2027-06-04,78.14,78.16,77.50,78.01,409079
2027-06-07,77.25,78.14,76.23,77.20,499080
2027-06-08,76.49,77.13,76.03,76.61,927768
2027-06-09,77.24,77.60,76.84,77.30,875267
2027-06-10,77.35,77.43,76.99,77.11,611336
2027-06-11,76.40,76.54,75.80,76.51,610898
2027-06-14,75.90,76.56,75.01,76.46,510767
2027-06-15,76.20,77.08,75.87,76.01,324329
2027-06-16,75.36,75.99,74.51,74.51,791003
2027-06-17,74.52,75.41,74.19,75.22,625854
2027-06-18,75.54,75.98,75.47,75.92,511298
2027-06-21,75.26,75.55,74.25,74.91,411886
2027-06-22,74.86,74.98,74.75,74.81,683490
2027-06-23,74.93,75.69,74.47,75.59,238521
2027-06-24,75.18,76.22,74.06,75.29,271906
2027-06-25,74.90,75.80,74.40,75.04,727458
2027-06-28,75.55,76.17,74.64,75.79,440474
2027-06-29,76.12,76.87,75.72,75.75,965459
2027-06-30,76.44,76.94,75.84,76.67,646619
2027-07-01,76.03,77.03,74.92,76.57,419574
2027-07-02,77.26,78.31,76.56,77.87,125918
2027-07-05,77.88,78.89,77.53,78.45,535896
2027-07-06,79.18,79.25,78.80,79.08,618997
2027-07-07,78.99,79.12,77.96,79.01,530600
2027-07-08,78.65,79.03,78.28,78.29,999954
2027-07-09,78.30,78.52,77.81,78.09,450189
2027-07-12,77.82,78.65,77.80,78.53,194252
2027-07-13,78.18,78.79,77.76,78.30,858000
2027-07-14,78.79,79.08,78.57,78.75,246375
2027-07-15,78.55,78.73,77.86,78.41,365646
2027-07-16,79.13,79.37,78.18,78.96,811206
2027-07-19,78.30,78.80,77.88,78.14,393861
2027-07-20,77.77,78.77,77.17,77.24,380193
2027-07-21,77.89,78.77,77.60,77.91,862150
2027-07-22,78.28,78.85,77.88,78.73,746667
2027-07-23,79.16,79.88,78.79,79.51,815231
2027-07-26,79.48,79.69,78.92,79.61,229673
2027-07-27,78.93,80.10,78.25,78.64,876520
2027-07-28,78.96,79.57,78.74,79.01,986962
2027-07-29,79.44,80.23,78.27,79.07,813951
2027-07-30,79.57,79.59,78.98,79.45,960086
2027-08-02,80.15,81.20,79.21,81.11,810283
2027-08-03,81.62,82.74,80.91,81.01,305481
2027-08-04,80.35,80.52,79.19,79.31,632742
2027-08-05,79.87,80.06,79.36,79.53,371528
2027-08-06,80.20,80.46,79.48,80.37,352978
2027-08-09,79.87,80.60,79.68,80.20,729090
2027-08-10,80.65,81.52,79.88,81.23,607952
2027-08-11,80.52,81.04,79.42,80.44,951034
2027-08-12,80.51,81.62,80.32,80.97,638356
2027-08-13,81.14,81.53,80.99,81.27,700179
2027-08-16,81.22,81.59,80.79,81.11,188479
2027-08-17,81.01,81.32,80.61,81.22,298487
2027-08-18,80.56,81.73,79.76,80.13,405151
2027-08-19,80.68,81.10,80.01,81.00,260540
2027-08-20,80.35,81.28,80.07,81.06,404027
2027-08-23,80.51,81.22,79.85,80.29,153383
2027-08-24,79.68,80.60,78.69,79.45,482151
2027-08-25,78.90,79.08,78.02,78.98,885001
2027-08-26,78.61,79.43,77.86,79.24,238980
2027-08-27,78.92,79.71,78.37,79.43,697211
2027-08-30,78.73,78.75,77.84,78.46,259225
2027-08-31,79.09,80.15,78.10,79.52,875396
2027-09-01,79.35,79.37,78.71,79.05,741016
2027-09-02,79.19,80.34,79.13,79.98,821897
2027-09-03,80.40,80.41,80.11,80.29,116504
2027-09-06,80.84,80.84,79.75,79.76,417997
2027-09-07,79.12,79.70,78.16,78.72,386542
2027-09-08,78.97,79.75,78.72,78.86,333520
2027-09-09,78.83,79.83,78.12,79.28,965434
2027-09-10,80.02,80.65,79.13,79.71,720358
2027-09-13,79.39,79.67,78.89,78.99,269120
2027-09-14,78.72,79.00,78.50,78.77,234217
2027-09-15,78.17,79.00,77.63,78.29,194242
2027-09-16,77.65,78.02,76.73,77.09,498603
2027-09-17,76.46,76.48,75.84,76.42,211363
2027-09-20,76.08,76.49,75.14,76.12,499942
2027-09-21,75.37,75.43,74.43,75.41,895443
2027-09-22,75.58,76.67,75.15,75.42,153530
2027-09-23,74.90,75.35,73.80,74.77,228914
2027-09-24,74.96,75.23,74.13,74.65,759799
2027-09-27,75.36,76.19,74.92,75.43,448497
2027-09-28,76.11,77.12,75.14,75.27,320060
2027-09-29,75.98,76.68,75.33,76.65,954933
2027-09-30,76.50,76.99,75.63,76.28,438428
2027-10-01,75.78,76.50,74.90,75.97,519310
2027-10-04,76.29,77.34,75.18,75.58,764401
2027-10-05,76.29,76.66,75.58,76.47,308851
2027-10-06,75.90,76.12,75.24,75.34,585204
2027-10-07,76.03,76.69,76.00,76.54,502131
2027-10-08,76.24,76.93,75.36,75.47,727886
2027-10-11,76.14,76.89,75.97,76.14,980086
2027-10-12,76.53,77.68,76.53,77.63,369370
2027-10-13,77.50,78.34,77.10,77.51,956673
2027-10-14,76.76,77.74,76.70,77.23,188301
2027-10-15,77.03,77.39,76.93,77.25,422224
2027-10-18,76.98,77.10,76.72,77.06,632268
2027-10-19,77.79,77.82,77.70,77.75,915435
2027-10-20,77.21,77.43,77.00,77.41,796749
2027-10-21,77.22,77.84,76.78,77.04,197067
2027-10-22,76.28,76.97,75.17,75.30,401841
2027-10-25,75.18,75.35,74.79,75.34,978208
2027-10-26,75.51,76.64,74.38,76.17,546773
2027-10-27,75.79,76.17,75.19,76.00,732216
2027-10-28,75.51,75.80,74.99,75.08,988618
2027-10-29,75.27,76.21,74.39,74.78,212294
2027-11-01,75.01,75.01,74.51,74.82,585156
2027-11-02,75.15,75.93,74.91,74.93,862065
2027-11-03,74.54,74.68,74.32,74.55,945749
2027-11-04,74.88,75.89,74.75,74.87,615902
2027-11-05,74.68,74.76,73.72,74.09,272348
2027-11-08,74.79,74.98,73.73,74.49,771721
2027-11-09,75.15,75.45,74.50,74.54,507641
2027-11-10,74.58,75.09,74.04,74.38,884387
2027-11-11,74.39,74.43,73.44,73.51,715164
2027-11-12,73.08,73.26,72.72,72.82,638152
2027-11-15,72.93,73.56,72.70,73.14,876659
2027-11-16,72.83,73.38,72.53,72.84,277145
2027-11-17,73.01,73.29,72.45,72.93,312057
2027-11-18,73.50,74.52,72.49,73.12,435435
2027-11-19,73.25,73.41,72.38,72.61,180876
2027-11-22,72.96,74.04,72.68,73.58,698799
2027-11-23,73.23,73.57,72.34,73.08,645606
2027-11-24,73.18,73.92,72.92,73.39,640670
2027-11-25,72.91,73.36,72.66,72.93,224034
2027-11-26,73.28,73.80,72.79,73.08,213089
2027-11-29,72.67,73.42,72.62,72.72,363980
2027-11-30,72.80,73.65,72.09,72.80,751488
2027-12-01,72.84,73.75,72.55,72.56,522177
2027-12-02,72.72,73.58,72.13,73.31,478165
2027-12-03,73.12,73.34,72.96,73.22,569274
2027-12-06,72.68,73.02,72.51,72.64,249870
2027-12-07,72.14,72.94,72.09,72.37,388916
2027-12-08,72.54,73.01,72.19,72.57,818007
2027-12-09,72.58,72.90,71.97,72.52,829202
2027-12-10,73.04,73.59,72.63,72.81,143043
2027-12-13,72.56,72.92,71.92,72.91,460016
2027-12-14,73.14,73.63,72.42,73.06,538512
2027-12-15,72.95,73.30,72.10,72.15,343467
2027-12-16,72.15,73.21,72.09,72.30,294175
2027-12-17,72.06,72.62,71.95,72.23,851468
2027-12-20,71.68,71.73,71.22,71.22,201964
2027-12-21,71.85,72.82,71.71,72.78,131082
2027-12-22,73.38,73.63,72.73,72.77,533526
2027-12-23,73.09,73.66,72.57,73.34,288948
2027-12-24,73.93,74.29,73.44,74.18,794832
2027-12-27,74.11,74.48,73.05,73.78,948708
2027-12-28,73.37,74.20,73.30,73.85,102903
2027-12-29,73.88,74.42,73.38,74.19,813067
2027-12-30,73.73,74.61,73.10,73.55,932699
2027-12-31,73.36,73.70,73.00,73.11,356676
2028-01-03,73.50,74.17,73.15,73.67,592770
2028-01-04,73.08,73.85,72.14,72.36,941866
2028-01-05,72.75,72.81,72.24,72.37,548346
2028-01-06,72.89,72.96,72.63,72.80,305258
2028-01-07,72.99,73.63,72.91,72.92,398958
2028-01-10,72.75,72.88,72.65,72.83,865823
2028-01-11,73.04,74.13,72.25,73.30,956522
2028-01-12,73.31,74.24,73.30,73.66,408236
2028-01-13,73.03,73.87,73.01,73.58,658519
2028-01-14,73.52,74.60,73.14,74.40,844513
2028-01-17,74.16,74.45,73.73,74.43,217662
2028-01-18,74.79,75.54,73.84,74.16,435917
2028-01-19,74.25,75.08,74.12,74.17,629071
2028-01-20,74.35,74.47,73.39,73.80,253511
2028-01-21,73.85,74.23,73.78,74.05,408825
2028-01-24,74.22,74.50,74.08,74.24,542960
2028-01-25,74.04,74.42,73.12,73.48,222566
2028-01-26,72.92,73.42,72.09,73.05,953180
2028-01-27,73.54,73.56,73.07,73.18,557018
2028-01-28,72.49,73.06,71.81,72.26,161336
2028-01-31,72.73,73.15,71.85,73.13,172775
2028-02-01,72.77,73.82,72.11,72.31,663686
2028-02-02,72.11,72.80,71.92,72.58,561243
2028-02-03,72.46,72.94,71.41,72.08,988565
2028-02-04,71.43,72.07,71.19,71.60,712089
2028-02-07,70.88,71.48,69.92,71.08,413373
2028-02-08,70.85,70.93,70.53,70.63,737592
2028-02-09,71.21,72.09,71.11,72.07,158685
2028-02-10,72.07,72.95,71.93,72.72,523812
2028-02-11,73.37,73.82,72.96,73.16,135071
2028-02-14,73.37,73.85,72.52,73.61,913032
2028-02-15,73.91,74.91,73.71,74.54,232879
2028-02-16,74.05,74.48,73.81,73.83,943472
2028-02-17,73.38,73.54,72.29,72.38,583173
2028-02-18,72.04,72.94,71.04,72.65,681127
2028-02-21,72.27,72.69,71.59,72.61,402862
2028-02-22,72.08,72.93,71.08,71.10,138687
2028-02-23,71.81,72.42,71.13,71.94,830734
2028-02-24,72.51,72.97,72.36,72.68,197912
2028-02-25,73.26,74.03,73.16,73.19,604284
2028-02-28,73.03,73.41,72.16,72.37,130397
2028-02-29,71.78,72.20,71.17,72.08,778294
2028-03-01,72.08,72.82,71.30,71.55,485784
2028-03-02,71.90,72.35,71.28,71.56,509965
2028-03-03,71.91,72.92,71.08,72.77,661894
2028-03-06,72.41,72.94,72.03,72.05,447654
2028-03-07,72.49,73.51,71.44,72.36,238551
2028-03-08,72.54,73.06,72.03,72.17,795404
2028-03-09,71.80,72.53,70.76,71.87,984463
2028-03-10,71.41,71.92,71.38,71.67,125669
2028-03-13,72.34,72.73,71.75,72.60,167716
2028-03-14,73.21,73.41,73.15,73.31,647427
2028-03-15,73.17,74.01,72.66,72.95,833733
2028-03-16,73.14,74.15,72.36,73.34,283405
2028-03-17,73.26,73.46,73.04,73.29,504043
2028-03-20,73.36,73.71,72.94,73.12,630142
2028-03-21,72.87,73.85,72.49,73.44,640923
2028-03-22,72.78,73.55,72.06,73.27,959091
2028-03-23,73.28,73.82,72.56,73.40,933123
2028-03-24,72.86,73.77,72.48,73.07,234359
2028-03-27,72.97,73.42,72.60,73.18,718796
2028-03-28,72.52,72.53,72.23,72.53,715696
2028-03-29,72.93,73.31,72.76,73.15,199027
2028-03-30,73.08,74.15,72.89,73.04,838666
2028-03-31,72.33,72.47,71.85,72.44,940597
2028-04-03,73.06,73.78,72.81,73.05,222336
2028-04-04,72.97,73.09,72.43,73.06,474060
2028-04-05,73.56,73.72,73.40,73.68,153091
2028-04-06,73.47,74.10,73.11,73.43,402363
2028-04-07,73.29,73.41,72.67,73.20,565877
2028-04-10,73.36,73.46,73.33,73.35,276479
2028-04-11,72.71,73.01,72.22,72.64,916466
2028-04-12,73.01,73.55,72.25,72.54,283600
2028-04-13,73.14,73.85,72.22,73.18,429817
2028-04-14,73.69,74.70,73.32,74.01,815649
2028-04-17,73.78,74.53,72.68,73.08,627051
2028-04-18,72.44,72.75,71.77,72.28,610661
2028-04-19,72.60,73.24,71.74,72.73,741214
2028-04-20,72.71,73.70,71.74,73.29,504072
2028-04-21,73.01,73.90,72.67,73.05,575114
2028-04-24,73.34,73.45,73.34,73.36,878507
2028-04-25,72.90,73.23,72.60,73.06,142870
2028-04-26,72.61,73.66,71.77,73.42,766310
2028-04-27,73.86,74.61,73.29,74.27,513165
2028-04-28,74.08,75.03,73.56,74.68,806868
2028-05-01,75.12,75.45,74.39,75.32,964688
2028-05-02,74.83,75.45,73.83,74.02,184485
2028-05-03,74.11,74.29,73.14,73.91,423203
2028-05-04,74.51,74.62,73.96,74.51,553618
2028-05-05,74.97,75.52,74.84,75.08,624505
2028-05-08,75.48,75.91,75.30,75.48,582293
2028-05-09,75.90,75.98,75.75,75.86,623648
2028-05-10,76.24,77.10,75.69,76.45,895035
2028-05-11,76.15,76.87,75.21,75.35,476470
2028-05-12,75.52,75.84,74.54,75.36,169221
2028-05-15,75.68,76.01,75.59,75.60,126674
2028-05-16,75.03,75.45,74.30,74.88,605921
2028-05-17,74.90,75.42,74.42,75.37,106529
2028-05-18,75.29,75.87,74.28,75.16,676336
2028-05-19,74.66,74.72,74.49,74.58,724029
2028-05-22,74.56,74.66,74.34,74.51,870617
2028-05-23,75.01,76.09,73.97,76.00,524253
2028-05-24,76.29,76.37,75.96,76.07,646635
2028-05-25,76.71,77.75,76.20,76.49,747544
2028-05-26,76.23,76.44,75.72,76.16,590494
2028-05-29,75.76,76.08,75.44,75.93,700225
2028-05-30,76.15,76.64,75.20,75.55,979590
2028-05-31,75.63,76.64,74.80,76.48,785772
2028-06-01,76.95,78.04,76.38,76.78,326578
2028-06-02,77.01,78.13,76.24,77.10,201932
2028-06-05,77.85,79.02,76.71,78.55,787294
2028-06-06,78.81,78.85,77.63,77.85,366534
2028-06-07,78.58,79.20,77.70,78.24,664291
2028-06-08,78.42,79.54,77.42,78.78,201100
2028-06-09,78.99,79.11,78.93,78.94,762399
2028-06-12,79.05,79.96,78.29,78.59,338661
2028-06-13,79.05,79.55,78.69,79.35,867718
2028-06-14,80.06,80.44,78.98,79.58,363317
2028-06-15,80.11,81.15,79.37,80.01,987834
2028-06-16,80.05,80.41,79.97,80.35,990936
2028-06-19,81.01,82.09,80.49,80.50,676536
2028-06-20,80.07,80.46,79.58,79.81,430373
2028-06-21,80.28,81.22,80.26,80.78,887225
2028-06-22,81.01,81.29,80.38,80.43,972399
2028-06-23,80.83,81.14,79.77,80.61,375818
2028-06-26,79.90,80.08,79.38,79.88,484900
2028-06-27,79.33,80.42,79.31,79.36,424372
2028-06-28,78.95,79.76,77.93,78.42,417392
2028-06-29,78.95,79.26,78.09,78.12,220546
2028-06-30,78.74,79.49,78.13,78.70,872167
2028-07-03,79.32,79.45,78.65,78.74,575051
2028-07-04,79.15,80.09,78.56,79.21,818776
2028-07-05,79.47,79.49,79.00,79.09,253116
2028-07-06,78.32,78.68,77.37,77.98,829272
2028-07-07,77.98,78.48,77.88,78.03,437476
2028-07-10,77.95,78.98,77.65,78.59,917688
2028-07-11,79.19,79.55,78.86,79.50,433220
2028-07-12,79.56,80.17,79.41,80.11,472569
2028-07-13,80.64,80.95,79.97,80.37,866299
2028-07-14,80.30,81.06,79.20,79.43,526621
2028-07-17,79.07,79.85,78.67,79.70,109179
2028-07-18,79.24,79.79,78.60,79.26,258424
2028-07-19,79.24,80.34,78.14,80.04,685547
2028-07-20,79.43,79.98,78.25,79.35,573828
2028-07-21,79.90,79.91,79.11,79.15,490596
2028-07-24,79.43,80.25,78.89,79.15,388761
2028-07-25,78.41,78.96,77.65,78.13,174647
2028-07-26,78.41,79.07,78.09,78.49,968244
2028-07-27,78.63,79.16,78.01,78.92,566405
2028-07-28,79.20,79.62,78.06,78.63,530721
2028-07-31,78.76,79.08,78.10,78.17,112670
2028-08-01,78.77,79.77,78.00,79.31,388917
2028-08-02,79.01,79.62,77.88,79.18,420692
2028-08-03,79.62,79.85,79.10,79.53,782139
2028-08-04,79.27,79.43,78.15,79.21,907415
2028-08-07,79.74,80.37,78.56,78.66,141070
2028-08-08,78.65,79.67,77.78,78.12,639076
2028-08-09,78.58,79.55,78.47,78.71,299402
2028-08-10,78.13,79.08,77.99,78.61,308547
2028-08-11,79.31,80.41,78.82,80.23,259743
2028-08-14,79.86,79.89,78.69,79.19,869235
2028-08-15,79.26,80.39,78.30,79.53,824126
2028-08-16,80.29,80.95,79.98,80.73,964949
2028-08-17,80.53,81.72,79.58,79.74,332195
2028-08-18,79.30,79.42,79.04,79.12,891299
2028-08-21,78.89,79.58,77.76,79.57,572275
2028-08-22,78.89,79.87,78.82,79.37,731900
2028-08-23,79.59,79.69,78.88,78.98,433433
2028-08-24,78.48,79.35,78.10,78.87,908650
2028-08-25,79.41,80.50,79.20,79.85,892560
2028-08-28,79.64,80.43,78.45,79.29,992104
2028-08-29,78.88,79.14,78.69,79.05,640189
2028-08-30,79.29,79.97,78.20,78.85,164034
2028-08-31,78.34,78.75,78.10,78.73,236852
2028-09-01,78.74,79.29,78.04,78.32,118493
2028-09-04,77.69,78.07,76.71,77.98,356660
2028-09-05,77.41,77.48,77.10,77.32,578886
2028-09-06,77.52,77.65,76.59,77.52,519850
2028-09-07,77.28,77.60,76.35,76.92,823749
2028-09-08,76.88,77.81,76.19,77.33,378877
2028-09-11,77.06,77.52,76.63,76.63,825460
2028-09-12,76.53,77.22,76.39,76.70,561793
2028-09-13,76.21,76.40,75.10,75.48,468179
2028-09-14,75.82,76.61,75.31,75.51,320555
2028-09-15,75.58,76.13,75.19,75.50,964737
2028-09-18,75.61,75.87,75.41,75.43,698111
2028-09-19,75.95,76.45,75.77,75.78,639678
2028-09-20,76.36,77.28,76.08,76.75,959652
2028-09-21,76.88,77.56,76.68,76.84,586870
2028-09-22,76.56,77.01,75.47,75.79,252267
2028-09-25,75.77,76.49,75.13,75.52,913117
2028-09-26,75.95,76.05,75.14,75.26,842470
2028-09-27,75.09,75.45,74.61,74.88,218385
2028-09-28,74.17,75.00,74.14,74.95,517920
2028-09-29,75.56,75.73,75.03,75.58,858521
2028-10-02,75.75,75.81,75.13,75.32,892791
2028-10-03,75.07,75.73,74.09,74.56,614872
2028-10-04,74.33,74.92,73.35,74.14,661201
2028-10-05,73.43,74.53,73.07,74.36,704628
2028-10-06,73.97,74.99,72.92,73.42,241329
2028-10-09,74.09,74.81,73.78,74.76,383239
2028-10-10,74.19,74.59,73.63,73.88,803821
2028-10-11,74.11,74.24,73.06,73.51,852111
2028-10-12,73.90,74.73,73.75,74.10,654783
2028-10-13,73.39,74.09,73.01,73.85,136781
2028-10-16,73.64,74.13,72.84,73.01,365920
2028-10-17,72.74,73.40,72.62,72.81,468231
2028-10-18,72.44,72.81,72.43,72.79,708184
2028-10-19,73.08,73.85,72.61,73.12,533468
2028-10-20,72.58,73.42,71.83,72.38,489077
2028-10-23,72.02,72.25,71.58,71.69,838883
2028-10-24,72.15,72.34,71.07,71.95,659547
2028-10-25,72.53,73.43,71.46,72.24,856426
2028-10-26,72.70,72.82,72.65,72.74,936435
2028-10-27,72.11,73.03,72.04,72.57,621396
2028-10-30,72.63,73.62,72.12,72.30,344215
2028-10-31,71.60,71.74,71.16,71.33,943732
2028-11-01,71.14,71.77,70.27,71.36,915353
2028-11-02,71.31,72.15,70.95,71.59,779609
2028-11-03,71.59,71.90,71.07,71.56,342332
2028-11-06,71.39,72.29,70.88,71.42,104946
2028-11-07,71.52,72.26,70.68,71.18,745181
2028-11-08,71.19,71.56,70.82,71.11,128514
2028-11-09,71.20,71.23,70.63,70.87,904970
2028-11-10,71.00,71.16,70.19,70.54,154249
2028-11-13,71.10,71.78,70.45,71.54,525467
2028-11-14,72.23,72.70,71.88,72.44,723973
2028-11-15,72.66,73.45,72.35,72.37,497908
2028-11-16,72.57,72.88,71.51,72.82,210281
2028-11-17,73.02,73.56,72.15,72.28,395755
2028-11-20,72.80,73.75,72.48,73.02,474619
2028-11-21,72.97,73.75,71.90,72.31,195824
2028-11-22,72.50,72.74,71.55,72.68,333098
2028-11-23,73.09,74.00,72.14,73.15,716314
2028-11-24,73.62,73.66,73.29,73.37,640245
2028-11-27,73.23,73.41,72.50,72.90,331269
2028-11-28,73.01,73.85,72.21,72.53,530152
2028-11-29,72.20,72.77,71.47,72.61,540088
2028-11-30,73.06,73.58,72.46,72.93,313206
2028-12-01,72.64,73.25,71.92,72.14,954080
2028-12-04,71.77,72.74,71.27,71.82,467914
2028-12-05,71.18,72.04,70.67,71.76,941445
2028-12-06,72.09,72.97,71.61,72.69,231426
2028-12-07,73.38,74.07,72.72,73.97,789006
2028-12-08,73.72,74.07,72.66,73.43,951657
2028-12-11,73.33,74.10,72.86,73.10,310708
2028-12-12,73.12,73.61,72.15,72.80,971220
2028-12-13,73.08,73.84,72.26,72.32,490588
2028-12-14,72.82,73.52,72.25,72.59,176350
2028-12-15,72.88,73.10,72.52,72.70,173524
2028-12-18,73.16,74.12,73.01,73.56,853263
2028-12-19,73.19,73.26,72.42,72.92,148922
2028-12-20,73.58,74.57,73.10,73.41,777320
2028-12-21,74.02,74.39,73.09,73.93,126977
2028-12-22,73.49,73.84,73.21,73.24,365861
2028-12-25,72.79,72.98,72.76,72.82,377120
2028-12-26,73.51,74.31,73.38,73.61,487393
2028-12-27,73.37,74.10,73.02,73.69,739842
2028-12-28,74.25,74.55,74.21,74.33,142101
2028-12-29,74.93,75.93,73.92,75.84,576250
2029-01-01,75.62,76.14,75.25,75.62,210468
2029-01-02,75.56,76.67,75.04,76.00,219238
2029-01-03,76.37,76.64,76.00,76.61,827765
2029-01-04,75.87,76.15,74.85,76.03,135128
2029-01-05,75.65,76.16,75.59,75.67,358708
2029-01-08,75.63,75.75,74.96,75.52,959041
2029-01-09,75.98,76.30,74.98,75.53,305747
2029-01-10,76.01,76.65,75.75,76.05,760374
2029-01-11,76.50,77.62,75.76,76.54,206367
2029-01-12,76.66,76.71,75.74,76.38,441523
2029-01-15,76.38,76.42,75.37,76.35,401937
2029-01-16,75.67,76.66,74.54,76.57,998557
2029-01-17,76.24,77.00,75.92,76.64,712520
2029-01-18,76.36,76.79,75.56,76.31,391294
2029-01-19,76.91,77.88,76.23,77.03,658936
2029-01-22,77.02,78.14,76.04,76.21,694247
2029-01-23,75.65,76.53,75.34,75.98,123841
2029-01-24,76.38,76.77,76.14,76.22,862960
2029-01-25,75.86,76.79,75.41,76.44,734028
2029-01-26,76.50,77.00,75.36,76.52,808914
2029-01-29,76.55,77.37,75.51,76.62,822646
2029-01-30,76.11,76.43,75.74,75.89,337077
2029-01-31,75.38,76.33,74.31,74.41,260129
2029-02-01,74.07,74.90,73.20,73.92,673627
2029-02-02,73.85,74.96,72.90,73.39,204932
2029-02-05,72.79,73.37,72.45,72.56,580892
2029-02-06,72.76,73.74,72.09,72.91,468263
2029-02-07,72.26,72.91,71.28,71.61,307267
2029-02-08,70.91,71.32,70.35,71.24,416014
2029-02-09,71.38,71.65,70.90,71.63,737649
2029-02-12,71.01,71.53,70.55,70.73,903204
2029-02-13,71.15,71.69,70.93,71.08,560725
2029-02-14,71.06,71.32,70.44,70.55,723341
2029-02-15,70.35,71.20,69.78,70.34,806737
2029-02-16,70.11,71.05,69.60,69.99,367482
2029-02-19,69.58,69.59,68.74,69.58,633193
2029-02-20,70.23,70.50,69.55,70.22,678170
2029-02-21,70.13,70.42,69.73,70.17,753552
2029-02-22,69.58,70.51,68.85,68.96,942147
2029-02-23,68.38,69.40,68.09,68.75,117958
2029-02-26,69.02,69.35,68.79,68.83,399584
2029-02-27,69.41,70.39,69.13,70.31,331427
2029-02-28,69.84,70.78,69.83,70.78,836113
2029-03-01,70.96,71.04,70.07,70.71,438816
2029-03-02,70.40,70.54,69.65,70.21,840642
2029-03-05,69.76,70.38,68.98,69.15,519431
2029-03-06,69.16,69.21,68.77,69.19,923011
2029-03-07,69.43,69.67,68.46,68.88,842376
2029-03-08,68.92,69.83,68.42,69.17,485067
2029-03-09,69.72,70.67,69.63,69.70,695178
2029-03-12,70.14,70.27,70.04,70.11,239098
2029-03-13,70.45,70.49,70.22,70.47,630562
2029-03-14,70.76,71.52,70.54,70.63,250210
2029-03-15,71.12,71.21,70.98,71.04,632948
2029-03-16,70.78,71.53,70.63,71.14,926572
2029-03-19,71.56,71.80,70.95,71.47,665611
2029-03-20,70.76,71.65,70.44,71.13,360746
2029-03-21,71.70,71.80,71.59,71.78,578866
2029-03-22,71.26,71.97,70.57,71.89,746983
2029-03-23,72.14,72.74,71.83,72.08,976847
2029-03-26,72.60,72.69,72.13,72.59,178591
2029-03-27,72.60,73.04,71.52,72.04,707198
2029-03-28,72.33,73.25,71.47,73.14,896232
2029-03-29,72.77,73.59,72.60,73.22,397133
2029-03-30,73.18,73.31,72.19,73.19,887914
2029-04-02,73.83,74.34,73.45,74.07,716797
2029-04-03,73.46,73.68,72.43,72.86,591481
2029-04-04,72.81,72.97,71.82,72.74,554443
2029-04-05,73.44,74.33,73.39,74.16,414644
2029-04-06,74.08,74.87,73.67,74.64,258286
2029-04-09,75.28,75.66,74.20,75.45,226243
2029-04-10,74.90,75.75,74.09,75.21,908866
2029-04-11,75.38,75.99,74.53,75.25,161278
2029-04-12,74.87,75.76,74.13,75.30,187966
2029-04-13,75.65,75.70,75.29,75.32,877356
2029-04-16,75.47,76.58,75.00,76.36,340302
2029-04-17,76.93,77.28,76.41,76.85,337268
2029-04-18,76.92,76.97,76.49,76.81,129869
2029-04-19,77.29,77.72,76.47,76.64,698471
2029-04-20,75.88,76.71,74.82,74.89,652921
2029-04-23,74.60,74.82,74.06,74.21,404385
2029-04-24,74.09,75.15,73.25,75.11,596233
2029-04-25,74.56,75.41,73.73,74.86,219799
2029-04-26,74.14,74.54,73.64,73.83,839152
2029-04-27,73.24,73.70,72.52,72.70,560107
2029-04-30,72.74,72.90,71.78,71.95,478864
2029-05-01,71.54,72.11,70.58,70.77,740058
2029-05-02,70.18,70.28,69.94,70.09,275858
2029-05-03,70.06,70.21,69.74,69.96,574992
2029-05-04,70.14,71.10,69.69,70.68,446538
2029-05-07,70.44,70.80,69.68,70.45,959237
2029-05-08,70.19,70.58,70.02,70.42,143270
2029-05-09,71.08,71.99,70.40,71.28,697883
2029-05-10,70.65,71.62,70.59,70.64,745499
2029-05-11,70.22,70.63,69.75,69.90,159849
2029-05-14,69.55,69.77,68.68,69.72,838460
2029-05-15,69.96,70.60,69.52,70.26,344653
2029-05-16,69.71,69.95,69.20,69.86,180047
2029-05-17,69.47,69.98,68.81,68.95,370237
2029-05-18,68.59,69.17,68.58,68.75,730368
2029-05-21,69.15,69.81,68.33,69.11,610513
2029-05-22,68.79,69.27,67.86,68.64,706913
2029-05-23,69.27,69.85,69.23,69.30,548196
2029-05-24,69.83,70.82,69.02,69.73,339175
2029-05-25,70.36,70.71,69.49,70.14,440777
2029-05-28,70.62,71.42,70.46,70.97,438762
2029-05-29,71.32,71.51,70.98,71.46,869915
2029-05-30,71.35,71.37,70.53,71.03,337087
2029-05-31,70.34,70.91,70.09,70.59,336973
2029-06-01,70.15,70.27,69.14,69.73,925167
2029-06-04,69.11,69.64,68.16,68.38,582902
2029-06-05,67.86,68.19,67.76,67.84,530156
2029-06-06,68.27,68.51,68.01,68.05,692526
2029-06-07,67.99,68.98,67.72,68.56,726949
2029-06-08,69.16,69.60,68.24,69.04,998592
2029-06-11,69.34,70.22,68.96,69.39,140888
2029-06-12,69.80,69.84,69.44,69.47,435086
2029-06-13,69.91,70.72,69.15,70.52,761835
2029-06-14,70.42,70.74,69.67,70.52,434102
2029-06-15,70.64,71.38,69.70,69.90,496309
2029-06-18,69.55,70.57,68.92,69.02,412575
2029-06-19,68.83,69.63,68.06,69.56,896049
2029-06-20,69.32,69.69,68.79,68.86,848989
2029-06-21,68.42,68.65,67.85,68.59,763651
2029-06-22,68.90,69.86,68.29,68.70,798383
2029-06-25,68.52,68.77,67.63,67.73,511170
2029-06-26,67.33,68.30,66.97,67.16,851790
2029-06-27,67.17,68.04,66.22,67.87,175198
2029-06-28,68.11,69.10,67.89,68.16,374354
2029-06-29,68.27,68.43,68.06,68.31,674449
2029-07-02,68.32,69.07,67.48,68.56,470492
2029-07-03,68.24,69.01,67.41,68.99,913784
2029-07-04,69.32,70.00,68.85,69.58,925586
2029-07-05,70.02,70.28,69.07,69.15,369716
2029-07-06,69.34,70.15,68.57,68.93,715577
2029-07-09,69.10,70.05,68.49,69.84,532781
2029-07-10,70.19,71.22,69.96,70.45,600684
2029-07-11,70.43,71.21,69.50,70.86,694129
2029-07-12,70.69,71.38,70.55,71.06,243018
2029-07-13,71.66,71.95,71.60,71.81,558587
2029-07-16,71.63,71.70,70.67,71.66,370649
2029-07-17,72.05,72.86,71.92,72.14,255285
2029-07-18,71.70,71.87,71.26,71.45,290904
2029-07-19,71.24,72.07,71.05,71.86,783332
2029-07-20,71.85,72.79,71.84,72.40,445312
2029-07-23,71.86,72.79,71.40,71.55,240656
2029-07-24,72.08,73.00,71.66,72.34,341520
2029-07-25,71.87,72.40,71.45,72.21,806397
2029-07-26,71.74,72.58,71.14,71.85,723776
2029-07-27,71.15,71.68,70.53,71.46,792810
2029-07-30,71.00,71.09,70.99,71.04,657506
2029-07-31,71.34,72.37,70.94,71.14,832642
2029-08-01,70.54,71.58,69.58,71.30,188249
2029-08-02,71.52,71.73,70.57,70.98,807531
2029-08-03,71.48,71.94,71.18,71.58,833265
2029-08-06,71.79,71.82,70.76,71.01,535940
2029-08-07,70.77,71.68,69.96,70.71,370902
2029-08-08,71.04,71.86,70.22,70.74,918264
2029-08-09,70.64,71.09,69.70,71.04,180978
2029-08-10,71.48,72.09,71.29,72.05,684258
2029-08-13,71.94,72.46,71.79,72.21,649032
2029-08-14,71.57,72.06,70.93,71.84,206681
2029-08-15,72.02,73.05,71.25,71.97,240004
2029-08-16,72.61,73.38,71.63,72.65,329019
2029-08-17,72.56,72.90,71.65,72.23,632140
2029-08-20,72.16,73.12,71.23,72.15,639340
2029-08-21,72.47,73.18,72.00,72.88,314216
2029-08-22,73.41,73.66,72.67,73.03,113825
2029-08-23,72.59,73.53,72.19,73.02,494796
2029-08-24,73.01,73.97,72.66,73.01,549516
2029-08-27,73.47,73.62,72.74,73.26,273202
2029-08-28,72.91,72.95,72.29,72.57,212123
2029-08-29,72.17,72.32,71.18,71.73,447931
2029-08-30,72.07,72.63,71.58,72.30,527986
2029-08-31,71.85,72.65,71.36,71.80,956701
2029-09-03,71.96,72.96,71.78,71.83,378104
2029-09-04,72.46,73.15,72.22,72.69,141551
2029-09-05,72.09,72.49,71.71,72.14,380287
2029-09-06,71.67,71.98,71.08,71.54,733969
2029-09-07,72.19,72.96,71.39,71.63,963277
2029-09-10,72.14,73.08,71.44,71.64,175521
2029-09-11,71.24,71.24,70.60,70.60,984932
2029-09-12,70.00,70.08,69.56,70.03,180522
2029-09-13,69.37,70.01,68.35,68.37,185210
2029-09-14,67.77,68.62,67.39,68.09,721928
2029-09-17,68.28,68.28,67.38,67.89,830451
2029-09-18,67.77,68.05,67.61,67.66,309630
2029-09-19,67.39,67.93,67.18,67.23,256817
2029-09-20,67.67,68.32,66.84,67.63,976099
2029-09-21,67.02,67.57,66.91,67.41,278118
2029-09-24,67.31,68.08,66.78,67.58,574852
2029-09-25,68.23,69.15,68.17,68.22,155876
2029-09-26,68.48,68.50,68.09,68.33,405772
2029-09-27,68.43,68.60,67.73,68.27,456568
2029-09-28,68.77,69.42,68.00,68.01,517484
2029-10-01,67.51,68.18,66.81,67.80,411658
2029-10-02,67.37,67.79,66.38,67.72,500348
2029-10-03,68.10,68.14,67.08,67.99,880389
2029-10-04,67.94,67.98,67.73,67.91,687484
2029-10-05,68.24,69.14,67.44,68.13,587402
2029-10-08,67.51,68.39,67.10,67.46,345790
2029-10-09,66.99,67.16,66.25,66.98,575354
2029-10-10,66.35,66.50,65.81,66.02,189669
2029-10-11,65.78,66.01,65.69,65.73,775655
2029-10-12,65.89,66.17,65.62,65.87,966621
2029-10-15,65.81,66.77,65.61,66.26,327318
2029-10-16,65.63,66.54,65.13,66.39,161986
2029-10-17,65.96,66.42,65.38,65.64,614875
2029-10-18,65.29,66.13,65.18,65.96,775962
2029-10-19,65.96,66.69,65.04,65.27,325853
2029-10-22,64.96,65.08,64.24,64.51,664016
2029-10-23,64.50,64.66,64.26,64.60,682773
2029-10-24,64.74,65.27,64.17,65.08,534393
2029-10-25,64.84,65.38,64.19,64.26,686700
2029-10-26,64.80,64.87,64.18,64.75,712052
2029-10-29,64.81,65.34,64.43,64.99,472341
2029-10-30,64.71,65.18,64.02,64.55,311930
2029-10-31,64.58,65.48,64.32,65.07,859154
2029-11-01,64.67,65.10,63.99,64.42,229005
2029-11-02,64.98,65.05,64.07,64.48,383929
2029-11-05,64.74,64.78,64.06,64.06,625439
2029-11-06,64.37,64.42,63.44,64.17,155737
2029-11-07,64.24,64.45,63.30,64.22,347772
2029-11-08,63.69,63.75,62.98,63.60,988847
2029-11-09,63.54,64.12,62.97,63.85,103718
2029-11-12,63.97,64.88,63.69,63.88,895826
2029-11-13,64.39,64.89,64.20,64.80,658868
2029-11-14,64.37,64.44,64.15,64.33,278774
2029-11-15,64.55,65.07,63.65,64.23,914047
2029-11-16,64.08,64.86,63.22,64.55,612372
2029-11-19,63.99,64.70,63.21,64.55,488929
2029-11-20,64.72,65.65,63.96,65.37,542333
2029-11-21,65.58,66.51,65.23,65.83,918221
2029-11-22,65.88,66.19,64.99,65.53,516087
2029-11-23,65.21,65.95,64.26,65.72,915659
2029-11-26,66.27,66.97,65.65,65.85,381123
2029-11-27,66.02,66.36,65.35,65.48,777052
2029-11-28,65.75,66.05,65.45,65.85,424137
2029-11-29,66.00,66.07,65.66,65.97,140413
2029-11-30,66.54,67.44,66.20,67.26,397156
2029-12-03,67.00,67.22,66.51,67.11,613939
2029-12-04,67.42,67.65,66.76,66.84,345646
2029-12-05,66.81,67.05,66.59,66.66,606998
2029-12-06,66.63,67.27,65.82,65.87,184115
2029-12-07,65.85,65.92,64.98,65.35,513331
2029-12-10,64.87,65.31,64.81,65.12,322231
2029-12-11,64.57,64.99,63.60,64.61,516946
2029-12-12,64.19,64.63,63.30,64.04,971808
2029-12-13,64.10,64.72,64.02,64.33,590341
2029-12-14,63.82,64.30,62.90,63.32,934217
2029-12-17,62.91,63.00,62.37,62.93,690302
2029-12-18,63.34,64.10,62.92,63.89,599963
2029-12-19,64.01,64.55,63.59,63.82,376943
2029-12-20,63.66,63.72,63.21,63.33,518773
2029-12-21,63.53,64.04,62.65,63.55,642290
2029-12-24,64.06,64.42,63.95,64.17,949628
2029-12-25,63.90,64.19,63.46,63.83,261611
2029-12-26,64.04,64.56,63.11,64.28,573070
2029-12-27,64.58,65.40,64.55,64.65,908418
2029-12-28,64.84,64.87,64.02,64.51,154490
2029-12-31,64.76,64.98,64.57,64.79,299767
2030-01-01,64.28,64.63,63.37,63.54,936913
2030-01-02,63.08,63.59,62.35,63.48,326292
2030-01-03,63.51,63.57,62.70,63.41,172493
2030-01-04,63.17,63.97,62.96,63.50,680547
2030-01-07,64.11,65.02,63.24,64.86,381980
2030-01-08,64.75,65.05,64.01,64.65,141420
2030-01-09,64.09,64.61,63.26,64.47,360320
2030-01-10,64.92,65.13,64.50,65.04,446182
2030-01-11,64.83,65.15,64.45,64.52,765376
2030-01-14,64.54,64.97,63.62,64.96,829780
2030-01-15,64.85,65.40,64.11,64.98,279941
2030-01-16,64.73,64.84,64.22,64.31,990154
2030-01-17,64.95,65.71,64.24,64.92,210323
2030-01-18,65.03,65.79,64.54,65.04,881038
2030-01-21,65.38,65.39,65.05,65.38,821325
2030-01-22,65.96,66.36,64.99,65.74,163089
2030-01-23,65.25,65.72,64.74,65.16,860042
2030-01-24,64.62,64.81,64.19,64.36,107957
2030-01-25,64.68,65.36,64.01,64.21,358552
2030-01-28,64.85,64.86,64.47,64.74,985209
2030-01-29,64.38,64.83,64.27,64.44,611469
2030-01-30,64.25,65.05,63.83,64.97,288969
2030-01-31,65.39,66.19,64.62,65.50,200126
2030-02-01,65.14,65.35,64.96,65.14,135132
2030-02-04,65.42,65.87,64.57,64.92,519307
2030-02-05,64.86,65.47,63.94,64.27,351496
2030-02-06,64.03,64.85,64.00,64.74,318982
2030-02-07,64.64,64.71,63.86,63.92,954651
2030-02-08,63.53,63.86,62.93,63.36,793711
2030-02-11,63.93,64.20,62.98,64.11,836274
2030-02-12,64.39,65.04,64.20,64.89,250138
2030-02-13,64.47,65.43,64.05,64.99,483603
2030-02-14,65.03,65.77,64.43,64.92,482672
2030-02-15,65.28,65.45,64.83,65.04,911525
2030-02-18,64.80,64.95,64.53,64.75,436835
2030-02-19,64.19,64.83,63.36,63.83,346099
2030-02-20,63.41,63.77,62.94,62.96,763383
2030-02-21,62.99,63.66,62.09,63.13,374519
2030-02-22,63.58,63.96,62.79,63.92,963077
2030-02-25,64.23,64.72,63.36,64.49,689246
2030-02-26,64.77,65.42,64.72,64.90,463971
2030-02-27,64.89,65.39,63.94,64.90,352483
2030-02-28,65.24,65.64,64.95,65.13,771737
2030-03-01,64.48,64.71,64.36,64.44,590224
2030-03-04,63.88,64.77,63.00,63.21,435380
2030-03-05,63.12,63.95,63.11,63.57,841997
2030-03-06,63.56,63.81,63.54,63.59,126881
2030-03-07,64.09,65.03,63.45,64.85,505471
2030-03-08,64.63,64.83,64.10,64.40,210821
2030-03-11,63.88,64.43,63.71,63.90,252710
2030-03-12,63.60,63.63,63.42,63.50,427430
2030-03-13,64.13,64.82,63.54,64.01,268725
2030-03-14,63.51,64.42,63.44,63.52,346887
2030-03-15,64.09,64.25,63.93,63.94,841095
2030-03-18,63.95,64.05,63.08,63.50,832366
2030-03-19,63.67,64.00,62.91,63.84,679242
2030-03-20,64.05,64.39,63.16,64.28,958891
2030-03-21,63.83,64.09,63.15,63.82,253813
2030-03-22,63.47,64.29,62.74,63.63,644571
2030-03-25,63.05,63.82,62.11,62.72,582369
2030-03-26,63.02,63.41,62.36,63.25,831697
2030-03-27,63.13,63.42,62.88,62.88,744627
2030-03-28,63.11,63.23,62.69,62.75,697867
2030-03-29,62.81,63.09,62.25,62.59,995698
2030-04-01,62.24,62.46,61.92,62.14,560176
2030-04-02,61.56,61.88,61.24,61.53,408551
2030-04-03,61.10,61.12,60.48,60.88,707286
2030-04-04,61.10,61.47,60.69,61.08,999041
2030-04-05,60.58,60.89,59.75,60.67,132021
2030-04-08,61.19,61.91,60.48,61.58,787929
2030-04-09,61.01,61.65,60.19,61.17,177925
2030-04-10,61.24,62.10,60.99,61.30,404930
2030-04-11,61.89,62.50,61.22,61.72,997809
2030-04-12,61.78,61.95,61.63,61.92,259288
2030-04-15,61.84,61.85,61.07,61.29,152582
2030-04-16,61.35,62.12,61.14,62.00,240052
2030-04-17,61.73,61.78,61.39,61.49,393310
2030-04-18,61.96,62.34,61.73,61.85,348584
2030-04-19,61.63,62.45,61.55,62.04,710590
2030-04-22,62.66,63.25,62.31,63.00,927773
2030-04-23,62.67,63.53,62.31,62.98,738781
2030-04-24,63.41,64.06,63.39,64.05,770470
2030-04-25,64.43,65.02,63.81,64.83,299547
2030-04-26,64.66,64.89,64.62,64.79,238773
2030-04-29,64.44,64.70,63.70,63.97,515780
2030-04-30,64.19,64.46,63.96,64.34,992306
2030-05-01,63.89,64.03,63.61,63.84,416708
2030-05-02,64.11,65.03,63.92,63.98,282776
2030-05-03,63.67,64.36,62.98,63.00,686473
2030-05-06,62.40,62.60,62.35,62.41,924323
2030-05-07,62.01,62.38,61.23,61.67,535648
2030-05-08,61.74,62.02,61.50,61.58,198659
2030-05-09,61.29,61.92,60.49,60.63,425457
2030-05-10,60.10,60.22,59.55,59.68,232790
2030-05-13,59.79,60.02,59.66,59.78,709595
2030-05-14,60.02,60.14,59.46,59.84,185825
2030-05-15,59.46,59.89,59.23,59.89,350641
2030-05-16,59.57,60.33,59.32,59.75,603757
2030-05-17,60.11,60.72,60.00,60.52,300509
2030-05-20,60.52,60.53,60.30,60.45,332076
2030-05-21,61.04,61.42,60.36,60.85,683068
2030-05-22,60.83,61.37,60.27,61.21,180069
2030-05-23,61.78,61.85,61.35,61.74,927885
2030-05-24,61.54,61.70,61.19,61.48,618124
2030-05-27,60.99,61.37,60.32,61.12,189461
2030-05-28,61.64,61.92,61.36,61.85,474955
2030-05-29,61.95,62.74,61.69,62.61,123851
2030-05-30,62.20,62.59,61.92,62.41,702332
2030-05-31,61.88,62.14,61.23,61.60,560239
2030-06-03,61.42,61.45,61.18,61.44,731449
2030-06-04,61.40,61.69,61.06,61.38,362786
2030-06-05,61.97,62.11,61.81,62.05,217842
2030-06-06,62.53,63.23,61.66,63.17,256363
2030-06-07,62.62,62.84,62.56,62.67,892974
2030-06-10,62.68,63.58,61.94,63.38,641257
2030-06-11,63.46,63.85,63.02,63.36,409875
2030-06-12,63.72,63.98,63.05,63.89,624117
2030-06-13,64.34,65.19,64.05,64.32,823239
2030-06-14,64.49,64.61,64.21,64.21,190022
2030-06-17,64.79,64.95,64.22,64.88,904768
2030-06-18,65.07,65.90,65.05,65.81,860157
2030-06-19,65.76,65.82,65.10,65.53,814264
2030-06-20,65.30,65.48,65.23,65.44,240053
2030-06-21,65.67,66.31,65.52,65.92,136363
2030-06-24,66.14,66.45,65.16,66.37,458591
2030-06-25,66.81,67.04,66.12,66.57,101099
2030-06-26,66.25,66.28,65.70,66.24,662241
2030-06-27,66.19,66.50,65.70,65.90,107608
2030-06-28,66.11,66.43,65.23,65.56,623180
2030-07-01,65.11,65.83,65.05,65.47,722550
2030-07-02,65.25,66.04,64.53,65.41,163075
2030-07-03,65.69,66.36,65.23,66.13,465768
2030-07-04,65.78,66.03,65.24,65.82,378800
2030-07-05,65.63,65.95,65.55,65.79,670997
2030-07-08,66.17,66.74,65.35,65.56,381584
2030-07-09,65.05,65.13,64.89,65.10,659605
2030-07-10,65.43,66.22,65.42,66.01,635208
2030-07-11,66.04,66.69,65.05,66.60,947741
2030-07-12,65.98,66.33,65.44,65.49,612010
2030-07-15,66.06,66.21,65.39,65.61,340012
2030-07-16,65.01,65.76,64.48,64.79,869013
2030-07-17,65.27,65.94,64.43,64.84,529236
2030-07-18,64.47,64.66,63.78,64.08,790235
2030-07-19,63.90,64.12,63.61,63.91,577917
2030-07-22,63.97,64.87,63.22,64.79,682787
2030-07-23,65.28,65.78,65.17,65.71,685917
2030-07-24,65.33,66.01,64.68,65.93,588760
2030-07-25,65.64,66.50,65.24,66.39,796591
2030-07-26,66.71,67.42,66.53,67.25,177326
2030-07-29,67.77,67.79,67.48,67.53,319658
2030-07-30,68.06,68.26,67.68,67.72,705294
2030-07-31,68.38,68.48,67.66,67.93,497927
2030-08-01,67.91,68.23,67.21,67.27,214813
2030-08-02,67.89,68.08,67.78,67.88,445942
2030-08-05,67.25,68.02,66.69,67.06,462846
2030-08-06,66.57,67.05,66.56,67.03,800701
2030-08-07,67.40,67.63,67.03,67.26,532089
2030-08-08,66.63,67.08,66.51,66.60,474053
2030-08-09,66.68,67.60,66.03,67.21,103226
2030-08-12,66.62,67.44,66.40,66.82,316303
2030-08-13,66.84,67.50,66.39,66.73,771263
2030-08-14,66.18,66.34,65.45,66.20,919702
2030-08-15,66.85,67.55,66.43,66.85,593323
2030-08-16,66.73,66.94,65.76,66.45,903076
2030-08-19,66.84,67.36,66.40,66.94,493551
2030-08-20,66.94,67.78,66.52,66.99,979153
2030-08-21,66.34,66.75,66.12,66.21,148707
2030-08-22,66.18,66.40,65.98,66.19,260848
2030-08-23,66.38,67.27,65.56,67.10,419612
2030-08-26,67.42,68.16,66.53,66.67,410612
2030-08-27,67.32,67.83,66.98,67.51,479650
2030-08-28,67.94,68.60,66.93,67.80,466103
2030-08-29,67.32,67.83,67.18,67.73,158894
2030-08-30,67.67,68.08,67.59,67.95,858975
2030-09-02,68.13,68.47,67.61,68.47,829849
2030-09-03,68.81,69.28,68.63,69.03,553452
2030-09-04,68.53,68.68,68.30,68.37,521539
2030-09-05,67.72,68.40,67.48,67.94,316807
2030-09-06,67.30,68.04,66.60,66.60,830567
2030-09-09,67.17,68.00,66.40,67.76,235548
2030-09-10,68.20,68.81,67.56,67.65,947748
2030-09-11,67.81,67.89,66.96,67.83,501288
2030-09-12,68.49,68.76,68.31,68.51,692071
2030-09-13,68.00,68.15,67.03,67.99,223726
2030-09-16,67.60,67.89,67.24,67.87,791976
2030-09-17,67.64,67.92,66.95,67.86,427907
2030-09-18,67.80,68.03,67.54,67.64,639895
2030-09-19,67.60,68.11,67.30,67.53,127573
2030-09-20,67.23,67.44,67.17,67.22,688121
2030-09-23,67.52,67.77,67.05,67.76,368673
2030-09-24,67.59,67.87,66.96,67.37,585734
2030-09-25,67.76,68.24,66.95,68.18,365098
2030-09-26,68.53,68.85,67.60,68.32,559689
2030-09-27,68.75,69.00,68.35,68.82,101002
2030-09-30,69.42,69.99,69.29,69.91,538476
2030-10-01,70.34,71.12,70.00,70.17,778640
2030-10-02,70.50,70.84,70.11,70.15,176655
2030-10-03,70.56,71.57,70.36,70.80,967229
2030-10-04,71.22,71.40,70.35,70.93,844500
2030-10-07,70.79,71.48,69.98,70.68,461443
2030-10-08,70.76,70.88,70.05,70.05,380815
2030-10-09,70.23,71.11,69.85,70.89,478188
2030-10-10,70.84,70.99,70.59,70.76,285613
2030-10-11,71.38,71.54,71.05,71.51,622516
2030-10-14,72.04,72.77,72.00,72.03,301775
2030-10-15,72.57,73.04,71.87,72.38,527255
2030-10-16,72.86,72.96,72.76,72.80,455406
2030-10-17,72.86,72.99,72.06,72.15,602184
2030-10-18,72.66,73.33,71.98,72.52,374758
2030-10-21,71.97,72.38,71.04,71.80,409383
2030-10-22,72.20,72.65,71.66,72.65,292465
2030-10-23,72.71,73.64,72.54,72.70,640663
2030-10-24,73.06,73.27,72.68,73.19,177235
2030-10-25,72.88,73.44,71.87,73.28,723677
2030-10-28,73.63,74.72,73.55,73.98,196608
2030-10-29,74.06,74.30,73.27,74.26,409668
2030-10-30,73.71,73.92,72.70,73.73,784997
2030-10-31,73.28,73.48,72.68,72.85,810143
2030-11-01,73.17,74.14,73.08,73.65,877299
2030-11-04,73.45,73.46,73.24,73.42,284511
2030-11-05,73.59,73.68,72.76,72.81,388246
2030-11-06,72.89,73.83,72.38,73.11,792795
2030-11-07,73.28,74.27,72.28,73.07,324286
2030-11-08,73.40,73.82,72.46,72.99,402988
2030-11-11,73.56,74.65,72.76,74.52,299154
2030-11-12,74.67,75.06,74.44,74.87,450502
2030-11-13,74.39,75.21,74.08,74.75,607114
2030-11-14,75.49,75.70,75.36,75.55,584277
2030-11-15,75.55,76.55,74.91,75.93,159414
2030-11-18,76.59,76.94,76.10,76.44,337318
2030-11-19,76.58,77.44,75.92,76.66,934177
2030-11-20,76.03,76.69,74.97,76.61,124384
2030-11-21,77.31,78.21,76.48,76.58,345591
2030-11-22,77.07,78.02,76.64,77.40,673323
2030-11-25,77.62,77.92,76.53,77.27,485620
2030-11-26,76.75,77.68,75.67,77.56,560529
2030-11-27,76.89,78.00,75.78,77.79,154137
2030-11-28,78.53,79.67,77.56,78.56,812137
2030-11-29,78.12,79.22,77.80,78.58,779071
2030-12-02,78.51,79.07,77.53,77.95,581182
2030-12-03,77.59,78.07,76.95,78.07,339577
2030-12-04,78.28,79.15,77.40,77.89,591888
2030-12-05,77.82,78.67,76.70,78.14,558040
2030-12-06,78.69,78.96,78.65,78.82,682485
2030-12-09,79.34,80.07,79.30,79.58,433859
2030-12-10,79.28,79.59,79.27,79.41,514367
2030-12-11,78.83,78.94,78.08,78.87,772761
2030-12-12,78.58,78.72,77.94,78.35,735286
2030-12-13,78.47,78.51,77.32,78.49,423320
2030-12-16,78.72,79.03,77.78,78.87,646160
2030-12-17,78.81,79.84,78.76,78.97,623943
2030-12-18,78.61,79.70,78.24,79.36,593792
2030-12-19,79.43,79.93,79.03,79.70,712071
2030-12-20,79.02,79.73,78.78,79.09,449108
2030-12-23,78.81,78.87,78.18,78.51,368765
2030-12-24,78.84,79.08,77.86,78.19,130971
2030-12-25,77.98,78.49,77.82,78.33,473629
2030-12-26,78.55,79.56,78.37,78.56,209384
2030-12-27,78.00,78.28,77.55,77.92,382366
2030-12-30,77.99,78.60,77.87,78.25,187310
2030-12-31,77.72,78.45,77.40,77.79,820304
2031-01-01,77.61,78.45,77.35,77.77,956562
2031-01-02,78.45,79.43,77.75,78.22,714422
2031-01-03,78.82,79.24,78.13,78.82,195147
2031-01-06,78.45,79.14,77.49,78.34,692981
2031-01-07,78.11,78.89,77.97,78.06,860281
2031-01-08,78.60,79.30,77.53,78.38,243389
2031-01-09,78.43,78.83,77.74,78.38,257263
2031-01-10,78.48,78.61,77.99,78.46,972001
2031-01-13,79.03,80.04,78.52,79.82,893552
2031-01-14,79.56,79.82,78.39,79.23,424197
2031-01-15,79.43,79.48,78.65,78.99,799864
2031-01-16,79.37,80.20,78.77,80.15,408451
2031-01-17,80.06,80.83,79.37,80.27,673953
2031-01-20,80.44,80.57,79.26,79.77,968622
2031-01-21,79.32,80.33,78.48,79.19,326816
2031-01-22,78.73,79.73,78.30,79.50,718446
2031-01-23,79.19,79.85,78.82,79.44,768505
2031-01-24,79.21,80.24,78.93,78.99,845515
2031-01-27,78.67,78.96,78.27,78.37,997923
2031-01-28,77.86,78.17,77.31,77.64,144701
2031-01-29,77.52,78.06,76.44,77.77,169459
2031-01-30,78.33,78.41,77.71,78.35,733862
2031-01-31,78.45,79.50,77.79,78.16,805642
2031-02-03,78.09,79.14,77.91,78.79,561407
2031-02-04,79.16,80.31,78.73,79.47,192330
2031-02-05,79.28,79.40,78.26,79.13,174253
2031-02-06,79.53,79.54,79.23,79.29,986275
2031-02-07,78.81,79.36,78.16,79.18,249201
2031-02-10,79.17,79.59,78.11,79.30,477581
2031-02-11,79.12,79.41,78.25,79.21,793466
2031-02-12,78.74,79.02,77.69,78.47,645537
2031-02-13,79.24,79.88,78.37,79.61,854299
2031-02-14,79.00,79.67,78.95,78.97,223272
2031-02-17,79.20,79.72,78.80,79.28,600242
2031-02-18,80.05,80.55,78.91,79.04,801647
2031-02-19,79.70,80.48,78.62,79.34,374101
2031-02-20,79.34,79.94,79.18,79.56,328477
2031-02-21,79.21,79.83,78.43,78.64,475940
2031-02-24,78.75,78.80,77.84,78.27,690257
2031-02-25,78.08,78.45,77.50,77.88,579612
2031-02-26,77.76,78.08,76.79,77.32,596107
2031-02-27,77.36,77.81,77.24,77.66,218481
2031-02-28,78.20,79.17,77.47,78.14,901720
2031-03-03,77.43,77.71,76.88,77.53,885788
2031-03-04,76.99,78.02,76.47,77.52,925691
2031-03-05,78.04,78.62,77.66,78.58,745776
2031-03-06,78.68,78.74,78.49,78.58,819571
2031-03-07,78.62,79.68,77.63,77.87,339976
2031-03-10,77.38,77.42,76.66,76.83,485794
2031-03-11,76.81,77.22,76.25,76.35,326121
2031-03-12,76.77,77.43,76.12,77.17,176096
2031-03-13,77.28,78.09,76.99,77.84,419407
2031-03-14,77.25,78.35,76.64,76.65,656980
2031-03-17,76.84,77.94,76.30,76.46,135870
2031-03-18,75.95,76.77,75.05,75.10,320909
2031-03-19,75.61,76.40,74.88,75.98,977786
2031-03-20,75.67,76.33,75.32,75.45,744332
2031-03-21,75.56,76.08,74.63,75.33,375959
2031-03-24,74.98,76.06,73.86,74.42,412715
2031-03-25,74.27,74.74,73.42,74.18,728780
2031-03-26,74.31,74.37,74.29,74.31,391025
2031-03-27,74.76,74.98,73.77,74.47,254092
2031-03-28,74.27,74.40,74.18,74.19,416185
2031-03-31,74.78,74.87,74.52,74.68,747730
2031-04-01,75.40,75.83,75.26,75.75,864100
2031-04-02,76.07,76.59,75.76,76.38,487910
2031-04-03,76.89,77.09,76.16,76.33,801295
2031-04-04,76.95,77.70,75.80,77.64,962971
2031-04-07,77.54,78.05,77.05,77.44,983162
2031-04-08,77.43,77.77,76.49,76.60,886537
2031-04-09,76.84,77.11,76.79,76.89,828159
2031-04-10,77.43,78.21,76.66,77.72,106839
2031-04-11,78.34,78.50,77.55,77.92,742569
2031-04-14,77.23,77.32,76.75,77.04,685872
2031-04-15,77.26,77.61,76.86,77.14,244164
2031-04-16,77.59,78.20,77.56,77.70,542798
2031-04-17,77.08,78.11,76.51,77.78,657562
2031-04-18,77.09,77.67,76.80,77.46,258130
2031-04-21,77.27,77.44,76.35,77.02,872656
2031-04-22,77.07,77.92,76.57,76.99,808631
2031-04-23,77.19,77.52,77.00,77.22,537938
2031-04-24,76.94,77.65,75.82,76.94,243259
2031-04-25,76.97,77.60,76.06,77.15,591171
2031-04-28,76.88,77.81,76.52,76.94,234884
2031-04-29,76.51,77.02,75.56,76.71,170287
2031-04-30,77.02,77.32,76.91,77.16,267013
2031-05-01,77.08,78.06,76.49,77.42,304100
2031-05-02,77.26,77.54,77.19,77.50,891300
2031-05-05,76.80,77.69,75.87,76.19,573198
2031-05-06,76.11,76.80,75.00,76.63,291239
2031-05-07,76.94,77.50,76.50,77.30,741472
2031-05-08,76.99,77.84,76.28,76.50,241746
2031-05-09,76.96,77.19,76.79,77.18,925222
2031-05-12,77.62,77.75,76.89,77.47,955725
2031-05-13,77.07,77.63,76.53,77.21,639993
2031-05-14,77.76,77.89,77.23,77.73,832055
2031-05-15,78.05,78.27,76.98,77.43,502842
2031-05-16,76.72,77.02,75.59,76.08,505718
2031-05-19,76.36,77.12,75.70,75.74,341887
2031-05-20,75.96,76.31,75.47,76.19,815767
2031-05-21,75.90,76.35,74.91,75.62,997883
2031-05-22,75.73,76.29,75.14,75.20,136704
2031-05-23,75.46,76.00,74.50,74.60,582516
2031-05-26,75.01,75.20,74.71,75.18,735514
2031-05-27,74.55,74.69,73.83,74.11,284985
2031-05-28,73.51,73.67,73.36,73.45,600451
2031-05-29,73.94,74.01,72.91,73.79,356283
2031-05-30,73.22,73.45,72.68,72.70,703191
2031-06-02,72.42,72.83,71.81,71.96,626897
2031-06-03,71.47,72.43,70.74,72.17,763674
2031-06-04,71.77,72.20,71.22,71.48,211879
2031-06-05,71.48,72.13,70.71,71.73,881408
2031-06-06,72.12,72.71,71.51,72.52,638982
2031-06-09,72.69,73.72,72.04,73.10,902381
2031-06-10,73.70,74.18,73.40,73.68,493895
2031-06-11,73.29,73.67,73.11,73.65,190767
2031-06-12,73.24,73.56,72.68,73.33,552510
2031-06-13,72.70,73.28,72.60,73.24,608258
2031-06-16,72.55,72.92,72.38,72.67,939709
2031-06-17,72.71,72.90,72.67,72.79,326574
2031-06-18,73.07,73.29,72.37,72.64,560200
2031-06-19,72.44,72.93,72.43,72.54,938598
2031-06-20,71.90,72.98,71.61,72.33,633147
2031-06-23,72.69,73.34,72.42,72.71,923963
2031-06-24,72.92,73.67,72.40,73.36,228781
2031-06-25,73.40,73.72,73.18,73.18,797264
2031-06-26,73.88,74.89,72.81,73.58,387702
2031-06-27,73.21,73.46,73.08,73.23,107317
2031-06-30,73.77,74.85,72.68,73.94,579733
2031-07-01,74.31,74.52,73.30,74.15,385625
2031-07-02,74.71,74.94,73.71,74.87,703961
2031-07-03,74.63,74.95,73.74,74.37,597215
2031-07-04,74.54,75.60,73.86,75.03,737937
2031-07-07,75.17,75.42,74.69,75.24,205826
2031-07-08,74.55,75.00,74.44,74.53,335540
2031-07-09,74.11,75.16,73.50,73.64,211625
2031-07-10,73.06,74.14,72.58,73.75,776871
2031-07-11,73.38,74.01,72.41,73.18,674723
2031-07-14,73.16,73.21,72.35,72.59,376428
2031-07-15,72.38,73.14,71.98,72.50,372661
2031-07-16,72.05,72.83,71.70,72.28,193522
2031-07-17,71.68,72.64,70.79,71.01,503538
2031-07-18,71.45,72.15,70.62,72.03,292661
2031-07-21,71.75,72.73,71.43,71.55,859515
2031-07-22,71.84,72.03,70.84,70.90,400353
2031-07-23,71.13,71.27,71.12,71.12,198906
2031-07-24,71.66,72.14,70.67,71.00,906976
2031-07-25,70.55,71.07,69.90,70.82,600025
2031-07-28,70.38,70.88,69.54,70.49,641013
2031-07-29,70.83,71.88,70.07,70.76,552122
2031-07-30,71.04,71.92,70.55,70.93,909605
2031-07-31,70.90,71.34,70.36,70.83,945348
2031-08-01,70.13,70.80,69.54,70.79,442938
2031-08-04,70.11,71.14,69.96,70.99,698246
2031-08-05,71.24,72.08,71.00,71.62,506257
2031-08-06,70.91,71.24,70.59,70.94,577956
2031-08-07,71.40,71.48,70.34,70.75,960206
2031-08-08,70.47,70.52,69.83,70.44,972345
2031-08-11,71.10,71.98,71.10,71.31,553267
2031-08-12,70.69,70.83,69.87,70.79,351164
2031-08-13,70.82,71.11,70.43,71.03,738044
2031-08-14,70.78,71.81,70.64,70.73,943788
2031-08-15,70.31,70.41,69.85,70.08,536335
2031-08-18,70.42,71.26,70.03,70.59,494163
2031-08-19,70.08,70.23,69.09,69.18,277310
2031-08-20,69.27,69.55,68.76,69.38,607021
2031-08-21,68.74,69.35,68.04,68.29,396811
2031-08-22,68.73,69.29,68.64,69.03,461873
2031-08-25,69.19,70.17,68.20,68.83,375178
2031-08-26,68.82,69.35,68.48,68.85,584267
2031-08-27,68.47,69.23,67.44,68.87,894810
2031-08-28,69.10,70.00,68.39,69.26,409235
2031-08-29,69.31,69.42,68.83,69.11,996161
2031-09-01,68.55,69.51,67.66,68.69,471910
2031-09-02,68.96,69.32,68.93,69.29,564833
2031-09-03,69.31,70.10,68.42,69.31,514010
2031-09-04,69.87,70.90,69.26,69.84,340551
2031-09-05,70.04,70.35,69.66,70.05,608251
2031-09-08,69.77,70.65,69.34,69.38,584273
2031-09-09,70.04,70.36,69.12,69.48,966610
2031-09-10,69.23,69.99,69.00,69.28,117617
2031-09-11,68.82,69.47,67.81,69.05,998340
2031-09-12,69.62,70.39,69.41,70.12,574720
2031-09-15,70.42,71.04,69.74,70.13,522178
2031-09-16,69.83,70.61,68.81,70.48,669042
2031-09-17,70.92,71.07,70.64,70.82,507602
2031-09-18,70.95,71.05,70.10,70.31,791473
2031-09-19,69.85,70.84,68.99,69.54,798459
2031-09-22,69.02,69.71,68.45,68.50,759390
2031-09-23,68.02,68.06,67.10,67.71,717479
2031-09-24,68.31,68.91,67.49,67.77,151006
2031-09-25,67.98,68.06,67.71,67.86,694221
2031-09-26,67.44,67.51,67.15,67.37,818447
2031-09-29,67.34,67.35,66.98,67.19,900261
2031-09-30,66.82,67.62,65.91,66.43,674543
2031-10-01,66.66,67.42,66.28,66.58,106695
2031-10-02,66.39,67.14,66.11,66.26,209862
2031-10-03,66.32,66.50,65.96,66.05,699268
2031-10-06,66.37,66.63,65.96,66.14,332907
2031-10-07,66.71,67.30,66.56,66.99,369438
2031-10-08,66.76,67.00,66.23,66.24,204064
2031-10-09,65.78,66.45,65.12,65.96,258041
2031-10-10,65.51,65.62,64.69,65.05,917831
2031-10-13,65.12,65.70,65.02,65.30,376722
2031-10-14,65.49,66.39,65.09,65.37,325457
2031-10-15,65.18,65.56,64.94,65.34,997566
2031-10-16,65.22,65.25,64.38,64.78,999493
2031-10-17,65.08,65.40,64.83,65.36,598247
2031-10-20,65.27,65.70,64.33,65.08,526684
2031-10-21,65.21,65.56,64.86,65.22,207889
2031-10-22,65.25,65.36,65.08,65.28,385617
2031-10-23,65.67,66.65,65.21,65.93,852381
2031-10-24,65.73,66.44,65.72,66.13,468317
2031-10-27,66.54,66.60,66.06,66.25,623202
2031-10-28,66.26,67.00,66.24,66.95,662437
2031-10-29,66.86,67.00,66.56,66.79,808881
2031-10-30,66.21,67.17,65.53,66.10,475258
2031-10-31,66.37,66.79,65.92,66.67,170257
2031-11-03,66.55,66.76,65.62,66.08,755561
2031-11-04,66.44,66.70,66.36,66.42,771046
2031-11-05,66.01,66.40,65.12,66.26,842026
2031-11-06,65.68,66.33,65.09,65.26,584092
2031-11-07,64.94,65.58,64.32,65.49,743034
2031-11-10,66.00,66.04,65.61,65.62,990548
2031-11-11,65.72,65.90,65.05,65.31,904016
2031-11-12,65.34,65.96,64.65,65.05,179431
2031-11-13,64.82,65.62,63.90,64.87,515071
2031-11-14,64.37,64.56,63.60,63.69,693767
2031-11-17,63.60,64.41,63.00,63.64,723555
2031-11-18,63.10,63.81,62.42,63.49,220764
2031-11-19,63.87,64.32,63.69,63.94,139060
2031-11-20,63.99,64.19,63.29,63.65,932550
2031-11-21,63.87,64.50,63.03,63.24,722926
2031-11-24,63.77,64.71,62.91,63.81,430185
2031-11-25,63.32,63.97,62.69,62.98,722360
2031-11-26,62.48,63.26,61.62,61.76,928884
2031-11-27,61.33,62.09,60.56,60.92,636236
2031-11-28,61.00,61.67,60.93,61.01,564877
2031-12-01,60.97,61.28,60.06,60.75,298721
2031-12-02,60.94,61.69,60.66,61.57,335521
2031-12-03,61.65,62.39,61.20,62.27,957425
2031-12-04,62.31,62.61,61.62,62.13,194385
2031-12-05,62.67,62.96,62.19,62.81,382731
2031-12-08,63.14,63.35,62.75,63.33,949769
2031-12-09,63.67,64.33,62.99,64.29,556101
2031-12-10,63.83,64.16,63.74,63.83,659015
2031-12-11,64.42,64.65,64.29,64.54,848457
2031-12-12,64.75,64.99,63.99,64.22,626252
2031-12-15,64.06,64.36,64.06,64.14,582531
2031-12-16,64.72,65.33,64.09,64.71,433221
2031-12-17,65.30,65.49,64.38,64.44,305292
2031-12-18,64.63,64.69,63.86,64.46,914139
2031-12-19,64.06,64.27,63.96,63.99,470154
2031-12-22,63.85,64.08,63.78,63.87,120911
2031-12-23,64.01,64.45,63.93,63.98,901937
2031-12-24,64.10,64.47,64.08,64.27,103354
2031-12-25,64.49,64.78,63.53,64.13,552644
2031-12-26,63.58,64.25,63.19,63.68,329078
2031-12-29,63.39,63.86,62.64,63.00,870393
2031-12-30,63.03,63.46,62.79,63.26,697015
2031-12-31,62.90,62.94,62.28,62.69,392931
2032-01-01,62.90,62.98,62.65,62.87,309118
2032-01-02,62.58,62.67,61.99,62.00,892042
2032-01-05,61.89,62.74,60.97,61.04,328420
2032-01-06,60.79,60.84,60.48,60.49,111044
2032-01-07,60.79,61.06,60.06,60.26,368193
2032-01-08,59.79,59.90,59.40,59.79,739758
2032-01-09,59.58,59.90,59.54,59.88,144532
2032-01-12,60.31,60.90,59.70,59.90,876349
2032-01-13,60.07,60.70,59.72,59.95,396205
2032-01-14,59.78,59.79,59.74,59.77,383575
2032-01-15,60.11,60.68,59.38,59.82,596846
2032-01-16,60.17,60.83,59.98,60.12,685905
2032-01-19,60.37,60.66,59.59,60.51,247437
2032-01-20,60.33,60.98,60.16,60.38,865145
2032-01-21,60.84,61.39,60.55,61.23,194778
2032-01-22,61.23,61.66,60.46,61.66,305675
2032-01-23,61.45,61.58,61.10,61.16,276259
2032-01-26,61.54,62.41,60.70,60.95,419235
2032-01-27,60.71,61.36,60.51,61.18,248673
2032-01-28,60.78,61.55,60.16,60.37,184523
2032-01-29,60.92,61.12,60.86,61.12,868580
2032-01-30,60.70,61.50,60.16,61.29,112970
2032-02-02,61.35,61.54,60.92,61.33,611540
2032-02-03,61.94,62.78,61.20,62.51,553060
2032-02-04,62.31,63.06,61.50,62.23,879119
2032-02-05,61.92,62.03,61.41,61.45,393287
2032-02-06,61.60,62.30,61.52,61.68,827353
2032-02-09,61.80,61.91,61.71,61.72,673606
2032-02-10,61.43,62.34,60.93,61.08,795971
2032-02-11,60.83,61.71,60.65,61.44,448204
2032-02-12,61.67,61.76,60.75,61.48,337645
2032-02-13,61.79,62.57,61.19,61.30,113657
2032-02-16,61.83,61.95,61.60,61.91,974748
2032-02-17,61.67,61.99,61.24,61.65,562537
2032-02-18,61.55,61.76,61.52,61.69,781351
2032-02-19,61.65,61.98,61.65,61.67,101121
2032-02-20,61.09,61.50,60.28,60.85,691972
2032-02-23,60.81,60.94,60.37,60.67,162349
2032-02-24,60.58,60.67,59.80,60.34,159976
2032-02-25,59.84,60.01,59.04,59.29,389998
2032-02-26,59.33,59.33,58.84,59.29,546331
2032-02-27,59.56,60.02,58.71,59.91,869399
2032-03-01,59.98,60.07,59.85,59.93,111951
2032-03-02,59.86,59.93,59.04,59.35,705920
2032-03-03,58.85,59.65,58.16,59.35,499368
2032-03-04,59.83,60.30,59.15,59.58,533526
2032-03-05,59.62,60.07,59.28,59.75,644225
2032-03-08,59.51,60.34,59.13,59.47,880185
2032-03-09,60.03,60.22,59.70,59.71,619910
2032-03-10,59.33,59.63,58.70,59.44,186506
2032-03-11,59.67,59.98,59.23,59.41,781296
2032-03-12,59.09,59.42,58.35,58.36,739012
2032-03-15,58.12,58.78,57.45,58.45,788738
2032-03-16,58.47,59.17,57.96,58.89,363526
2032-03-17,58.30,59.06,58.17,58.41,908735
2032-03-18,58.39,58.97,58.15,58.94,758772
2032-03-19,59.11,59.75,58.58,59.39,278957
2032-03-22,58.86,59.21,58.67,59.03,329910
2032-03-23,59.05,59.66,58.73,59.11,494586
2032-03-24,58.86,59.72,58.38,59.42,183213
2032-03-25,59.64,59.92,59.06,59.38,866080
2032-03-26,58.81,58.89,58.19,58.51,630639
2032-03-29,58.64,58.77,58.39,58.72,910188
2032-03-30,58.21,58.62,57.49,58.44,396446
2032-03-31,58.76,59.29,58.20,58.74,972192
2032-04-01,58.63,59.36,58.05,58.10,185955
2032-04-02,58.17,58.53,57.51,57.61,865831
2032-04-05,57.99,58.51,57.88,58.44,693475
2032-04-06,58.71,59.43,58.42,59.14,541914
2032-04-07,59.47,60.31,59.21,60.15,776073
2032-04-08,60.12,60.36,59.50,59.69,339246
2032-04-09,59.65,59.83,59.09,59.69,396212
2032-04-12,60.07,60.14,60.02,60.06,775200
2032-04-13,60.28,60.70,60.07,60.12,511277
2032-04-14,59.58,60.04,59.37,59.44,549366
2032-04-15,58.87,59.40,58.85,59.16,744468
2032-04-16,59.32,59.93,58.62,59.92,567167
2032-04-19,59.75,59.99,59.12,59.21,546357
2032-04-20,58.77,59.47,58.13,58.97,198384
2032-04-21,59.31,60.17,58.74,59.01,799530
2032-04-22,59.57,60.04,59.00,59.29,523758
2032-04-23,58.85,59.34,57.98,58.00,582342
2032-04-26,57.59,58.20,56.83,57.15,303851
2032-04-27,56.64,56.80,56.20,56.40,558124
2032-04-28,56.02,56.68,55.41,56.44,481621
2032-04-29,56.20,56.37,55.76,56.17,518501
2032-04-30,56.72,57.37,56.23,56.96,398308
2032-05-03,57.41,57.60,56.98,57.11,563865
2032-05-04,57.37,57.58,57.15,57.55,191219
2032-05-05,57.18,57.98,57.03,57.28,495467
2032-05-06,56.81,57.03,56.34,56.71,102146
2032-05-07,56.46,56.56,56.34,56.52,476643
2032-05-10,56.46,56.63,55.84,56.17,470256
2032-05-11,55.85,56.12,55.26,55.86,233038
2032-05-12,55.85,56.64,55.08,56.62,558723
2032-05-13,56.84,57.61,56.61,57.12,463651
2032-05-14,56.83,56.84,56.09,56.39,507007
2032-05-17,56.32,57.10,55.91,57.05,492553
2032-05-18,56.70,57.23,56.30,56.71,287468
2032-05-19,56.85,57.52,56.63,57.42,381511
2032-05-20,56.86,57.56,56.49,57.33,289183
2032-05-21,57.37,58.08,56.98,57.77,948593
2032-05-24,57.45,57.72,57.09,57.31,373807
2032-05-25,57.26,57.50,57.01,57.01,852889
2032-05-26,56.56,56.57,56.52,56.53,927584
2032-05-27,56.33,56.58,56.25,56.35,376032
2032-05-28,56.60,56.94,55.93,56.73,964493
2032-05-31,56.75,57.48,56.02,57.31,608309
2032-06-01,56.92,57.63,56.69,56.82,553879
2032-06-02,56.91,57.70,56.80,57.42,735529
2032-06-03,56.85,56.95,56.03,56.26,131985
2032-06-04,56.51,56.88,56.01,56.50,888325
2032-06-07,56.10,56.20,56.07,56.08,787801
2032-06-08,55.93,56.71,55.92,56.61,433645
2032-06-09,56.17,56.37,55.77,56.18,462302
2032-06-10,56.21,56.27,55.38,55.49,584669
2032-06-11,55.02,55.06,54.91,55.03,727170
2032-06-14,54.69,54.96,53.89,54.41,560213
2032-06-15,54.72,54.78,54.09,54.68,817654
2032-06-16,55.05,55.86,54.72,55.51,469850
2032-06-17,55.60,56.40,55.42,55.76,633864
2032-06-18,56.27,56.84,56.18,56.21,359003
2032-06-21,56.68,57.51,56.19,57.22,673805
2032-06-22,57.21,57.63,57.13,57.58,295681
2032-06-23,57.50,57.96,56.65,57.38,841037
2032-06-24,57.89,58.54,57.48,57.69,376451
2032-06-25,58.00,58.03,57.41,57.50,796525
2032-06-28,57.05,57.80,56.80,56.94,988378
2032-06-29,56.43,56.86,56.22,56.70,722939
2032-06-30,56.53,57.17,56.47,56.53,968797
2032-07-01,56.42,57.11,56.11,56.55,691184
2032-07-02,56.37,57.08,55.90,56.81,522272
2032-07-05,57.31,58.01,57.24,57.30,819476
2032-07-06,57.66,57.70,57.61,57.63,844610
2032-07-07,57.20,57.95,56.90,57.47,670698
2032-07-08,57.66,58.08,57.56,57.63,820217
2032-07-09,57.22,57.49,56.74,56.79,901528
2032-07-12,56.81,57.44,56.01,56.68,565741
2032-07-13,56.60,57.32,55.88,56.21,954163
2032-07-14,56.69,57.52,56.34,57.41,605849
2032-07-15,57.00,57.77,56.28,57.48,398307
2032-07-16,57.44,57.48,57.03,57.12,904349
2032-07-19,57.02,57.63,56.51,56.59,884280
2032-07-20,56.84,57.54,56.83,57.23,933799
2032-07-21,57.26,57.86,57.11,57.63,523184
2032-07-22,57.19,57.38,57.11,57.37,841307
2032-07-23,57.67,58.03,57.24,57.47,575902
2032-07-26,57.12,57.78,56.93,57.07,933561
2032-07-27,57.03,57.24,56.71,56.96,565555
2032-07-28,57.05,57.55,56.22,56.56,329029
2032-07-29,56.39,56.59,55.97,56.52,924297
2032-07-30,56.89,56.91,56.40,56.63,508643
2032-08-02,56.65,56.82,56.06,56.22,994513
2032-08-03,55.91,56.49,55.85,56.38,197547
2032-08-04,55.94,56.47,55.65,55.78,576331
2032-08-05,56.28,56.62,55.75,56.51,756270
2032-08-06,56.65,57.20,56.40,56.83,969659
2032-08-09,56.29,56.70,55.82,56.31,303843
2032-08-10,55.93,56.51,55.26,56.33,780387
2032-08-11,56.40,56.65,56.22,56.44,768620
2032-08-12,55.96,56.75,55.32,56.48,995051
2032-08-13,56.99,57.51,56.40,57.42,373915
2032-08-16,57.21,57.33,57.15,57.18,103593
2032-08-17,57.36,57.45,57.13,57.21,641874
2032-08-18,57.10,57.77,56.75,57.18,176481
2032-08-19,56.78,56.99,56.53,56.61,797727
2032-08-20,56.28,56.47,56.03,56.41,611395
2032-08-23,56.93,57.40,56.74,56.93,583185
2032-08-24,56.44,56.57,56.14,56.46,475137
2032-08-25,56.00,56.35,55.86,56.28,321580
2032-08-26,56.79,57.30,56.40,56.70,713778
2032-08-27,57.05,57.20,56.69,56.90,246673
2032-08-30,57.37,58.03,56.70,56.89,428204
2032-08-31,56.75,57.29,56.50,56.58,865818
2032-09-01,56.90,57.66,56.75,57.53,507745
2032-09-02,57.47,58.06,57.32,57.96,789622
2032-09-03,58.28,58.87,57.64,57.87,336922
2032-09-06,57.71,58.06,57.33,57.76,296314
2032-09-07,57.71,57.71,57.54,57.69,327141
2032-09-08,58.00,58.24,57.48,58.10,379293
2032-09-09,58.23,58.47,57.48,57.85,775561
2032-09-10,58.11,58.38,57.93,58.31,236160
2032-09-13,58.70,58.72,58.01,58.32,123963
2032-09-14,58.55,58.63,57.77,58.00,826039
2032-09-15,58.42,58.48,57.81,58.28,488293
2032-09-16,57.87,58.63,57.26,57.40,595574
2032-09-17,57.94,58.76,57.32,58.66,560222
2032-09-20,59.17,59.63,58.87,59.23,597838
2032-09-21,59.45,59.51,58.84,58.90,187836
2032-09-22,59.48,59.85,59.36,59.54,125512
2032-09-23,59.44,59.47,58.65,59.18,904057
2032-09-24,59.54,60.23,58.94,59.36,778897
2032-09-27,59.29,59.99,58.54,59.57,229322
2032-09-28,59.68,59.74,59.45,59.61,782063
2032-09-29,60.20,60.49,59.84,60.11,587971
2032-09-30,60.48,60.56,59.57,59.57,574677
2032-10-01,59.14,59.95,58.28,59.76,210676
2032-10-04,59.64,59.88,59.39,59.65,524973
2032-10-05,59.71,60.35,59.00,59.01,932622
2032-10-06,59.56,60.35,59.51,59.70,903935
2032-10-07,59.52,59.65,58.95,59.29,226001
2032-10-08,59.26,59.33,58.48,58.87,681450
2032-10-11,58.40,58.69,58.12,58.53,251552
2032-10-12,58.32,59.07,57.63,57.82,341051
2032-10-13,57.73,58.47,57.33,57.66,737081
2032-10-14,58.03,58.30,57.80,58.17,558739
2032-10-15,57.75,58.00,57.24,57.43,115675
2032-10-18,57.59,57.76,56.98,57.24,859730
2032-10-19,56.97,57.16,56.29,56.65,199133
2032-10-20,56.19,56.92,55.40,56.91,786470
2032-10-21,56.64,56.72,56.57,56.60,459704
2032-10-22,56.65,57.11,56.36,56.91,356435
2032-10-25,57.32,57.78,57.29,57.42,454326
2032-10-26,57.79,58.28,57.01,57.57,225710
2032-10-27,57.39,57.50,57.12,57.45,187707
2032-10-28,56.92,57.11,56.91,57.01,107194
2032-10-29,57.57,57.72,56.81,57.05,738084
2032-11-01,56.69,57.50,55.99,56.39,767694
2032-11-02,56.59,57.34,55.92,56.47,687352
2032-11-03,56.27,56.64,55.78,56.04,519064
2032-11-04,56.44,57.07,56.16,56.36,611700
2032-11-05,56.24,56.49,56.02,56.35,674772
2032-11-08,56.71,57.53,56.56,57.01,466450
2032-11-09,57.09,57.31,56.29,57.21,198514
2032-11-10,56.96,57.58,56.57,57.15,554931
2032-11-11,56.88,57.20,56.40,57.13,987812
2032-11-12,57.24,57.47,57.03,57.20,774663
2032-11-15,57.21,57.66,57.11,57.54,598122
2032-11-16,57.95,58.13,57.66,58.12,595401
2032-11-17,58.26,58.93,57.55,58.26,645599
2032-11-18,58.45,58.84,57.84,58.78,142401
2032-11-19,58.22,58.37,58.18,58.33,627732
2032-11-22,58.18,58.99,57.57,58.37,555717
2032-11-23,58.16,58.16,57.72,58.01,702976
2032-11-24,57.72,58.00,57.44,57.60,976340
2032-11-25,57.43,57.84,57.08,57.76,826715
2032-11-26,58.02,58.12,57.45,57.57,250475
2032-11-29,57.56,57.92,57.29,57.33,627804
2032-11-30,57.08,57.41,56.52,56.81,388979
2032-12-01,57.29,57.49,56.59,57.13,186632
2032-12-02,56.73,57.03,56.24,57.00,878611
2032-12-03,57.20,57.40,56.90,57.04,108287
2032-12-06,56.94,56.98,56.57,56.75,722273
2032-12-07,56.88,57.02,56.27,56.60,520882
2032-12-08,57.00,57.17,56.75,57.03,863822
2032-12-09,57.07,57.14,56.25,56.38,391716
2032-12-10,56.23,56.59,56.00,56.21,421549
2032-12-13,56.62,57.41,56.12,56.43,202732
2032-12-14,55.97,56.32,55.41,56.05,119704
2032-12-15,56.12,56.13,56.05,56.11,960560
2032-12-16,56.55,57.27,56.20,56.31,537886
2032-12-17,56.46,56.91,55.92,56.10,946625
2032-12-20,56.14,56.78,55.89,56.03,169326
2032-12-21,56.24,56.91,56.19,56.59,150489
2032-12-22,57.00,57.40,56.31,56.35,975247
2032-12-23,56.58,57.33,56.06,56.21,751581
2032-12-24,56.10,56.46,55.77,56.38,511802
2032-12-27,56.68,56.94,56.51,56.80,154134
2032-12-28,57.00,57.46,56.30,57.32,886098
2032-12-29,57.52,57.75,57.04,57.40,836117
2032-12-30,57.73,58.35,57.09,57.41,852076
2032-12-31,57.45,57.95,56.93,57.37,197889
2033-01-03,57.46,58.25,56.79,57.33,164698
2033-01-04,57.86,58.21,57.27,58.01,302146
2033-01-05,57.93,58.75,57.74,58.14,471056
2033-01-06,57.69,57.74,57.23,57.33,430082
2033-01-07,57.00,57.69,56.52,57.27,163756
2033-01-10,57.06,57.89,56.89,57.47,173660
2033-01-11,57.27,57.34,56.81,56.93,946556
2033-01-12,56.60,56.89,56.42,56.50,974222
2033-01-13,55.97,56.23,55.94,56.06,458615
2033-01-14,55.73,55.99,55.47,55.66,788325
2033-01-17,55.96,55.98,55.70,55.72,647549
2033-01-18,55.28,55.43,55.08,55.28,721242
2033-01-19,55.16,55.27,55.08,55.19,549528
2033-01-20,55.21,55.76,54.71,54.83,138485
2033-01-21,55.12,55.84,54.63,54.67,201432
2033-01-24,54.41,54.74,54.22,54.34,514649
2033-01-25,53.87,54.67,53.15,53.84,727564
2033-01-26,54.05,54.33,53.44,54.30,503379
2033-01-27,54.48,54.86,53.84,53.87,997199
2033-01-28,54.29,54.49,53.66,53.82,562938
2033-01-31,54.34,54.45,53.57,53.58,497984
2033-02-01,53.57,54.29,52.84,54.18,471916
2033-02-02,54.03,54.13,53.60,53.64,198778
2033-02-03,53.38,54.11,52.69,53.09,344095
2033-02-04,53.02,53.08,52.78,53.01,201414
2033-02-07,52.73,52.90,52.66,52.73,462684
2033-02-08,52.44,52.97,52.18,52.58,567592
2033-02-09,52.85,53.55,52.79,53.42,127134
2033-02-10,53.66,53.79,53.21,53.69,478387
2033-02-11,53.81,54.49,53.41,53.58,447024
2033-02-14,53.95,54.00,53.31,53.40,962528
2033-02-15,53.59,53.96,52.92,53.40,195570
2033-02-16,53.21,53.81,52.60,53.51,995530
2033-02-17,53.16,53.24,53.15,53.16,885106
2033-02-18,52.79,53.31,52.45,53.09,723280
2033-02-21,53.29,53.79,52.81,53.17,545136
2033-02-22,53.31,53.66,53.27,53.48,842293
2033-02-23,53.80,53.87,53.51,53.74,510981
2033-02-24,54.16,54.92,53.92,54.89,221568
2033-02-25,54.96,55.38,54.44,55.29,291102
2033-02-28,55.75,55.85,55.30,55.44,738686
2033-03-01,55.55,55.58,54.81,54.87,661418
2033-03-02,54.56,54.79,53.87,54.29,895493
2033-03-03,54.29,54.35,53.95,54.05,440890
2033-03-04,53.88,54.31,53.52,53.95,486312
2033-03-07,53.57,54.17,53.40,53.71,107179
2033-03-08,53.94,54.21,53.50,53.68,183153
2033-03-09,53.94,54.41,53.51,54.37,516804
2033-03-10,54.71,54.71,54.12,54.56,665072
2033-03-11,54.44,54.49,53.92,54.16,519814
2033-03-14,53.90,53.94,53.85,53.89,819435
2033-03-15,53.40,54.06,53.08,53.21,708273
2033-03-16,53.31,53.42,53.30,53.32,542853
2033-03-17,53.68,53.72,53.38,53.51,826267
2033-03-18,53.76,54.16,53.73,54.08,423979
2033-03-21,54.34,54.54,54.04,54.38,773553
2033-03-22,54.44,55.05,53.64,54.88,432046
2033-03-23,55.20,55.55,54.79,55.43,482781
2033-03-24,55.11,55.83,54.81,54.88,664905
2033-03-25,54.47,54.77,54.02,54.69,911563
2033-03-28,54.38,55.10,54.22,54.57,209008
2033-03-29,54.44,55.21,54.07,54.17,626785
2033-03-30,53.93,54.72,53.66,54.57,333756
2033-03-31,54.28,54.42,54.05,54.09,468639
2033-04-01,54.50,54.80,54.32,54.34,713710
2033-04-04,54.05,54.47,53.49,53.79,831878
2033-04-05,53.70,54.43,53.67,53.71,290834
2033-04-06,53.64,54.39,52.87,54.38,466301
2033-04-07,54.09,54.88,53.85,54.79,664338
2033-04-08,54.28,54.32,53.93,54.16,892136
2033-04-11,54.44,54.77,54.34,54.55,105500
2033-04-12,54.43,55.14,54.23,54.87,882993
2033-04-13,54.89,55.47,54.86,55.01,590204
2033-04-14,54.77,55.24,54.20,54.37,484427
2033-04-15,54.69,55.08,54.13,54.88,679278
2033-04-18,54.66,54.99,54.60,54.93,106540
2033-04-19,54.87,54.98,54.55,54.74,477485
2033-04-20,54.80,55.45,54.61,55.20,771926
2033-04-21,55.26,56.02,54.44,54.75,142684
2033-04-22,55.27,55.58,54.84,54.96,545178
2033-04-25,55.31,55.37,54.63,55.03,479800
2033-04-26,54.73,54.78,54.50,54.66,513577
2033-04-27,55.01,55.80,54.34,54.61,716905
2033-04-28,54.17,54.74,53.79,53.82,853390
2033-04-29,54.10,54.51,53.81,54.22,306823
2033-05-02,54.44,55.13,54.43,54.61,402759
2033-05-03,54.73,54.96,54.54,54.65,276408
2033-05-04,55.08,55.19,54.55,55.08,852953
2033-05-05,54.60,54.85,54.05,54.21,847421
2033-05-06,54.20,54.82,54.17,54.67,973811
2033-05-09,54.15,54.28,53.75,53.84,774733
2033-05-10,53.86,54.66,53.11,54.23,996620
2033-05-11,54.07,54.11,53.73,53.94,941318
2033-05-12,53.56,54.27,53.11,53.76,382076
2033-05-13,53.26,53.65,52.71,53.38,372267
2033-05-16,53.82,54.58,53.18,53.79,499779
2033-05-17,54.27,54.97,53.67,54.30,397257
2033-05-18,53.87,54.34,53.21,54.20,237360
2033-05-19,54.23,54.51,53.49,54.03,156600
2033-05-20,54.15,54.79,53.71,54.21,131991
2033-05-23,54.30,54.83,53.72,54.24,382828
2033-05-24,54.61,54.85,54.53,54.55,882291
2033-05-25,55.03,55.25,54.58,55.01,580307
2033-05-26,54.48,54.88,54.06,54.12,348247
2033-05-27,54.18,54.91,53.97,54.20,985570
2033-05-30,54.57,54.58,54.35,54.41,482825
2033-05-31,54.49,55.12,54.23,54.85,109744
2033-06-01,54.85,54.89,54.09,54.89,710227
2033-06-02,55.08,55.18,54.62,55.03,243103
2033-06-03,55.16,55.30,54.76,55.15,237713
2033-06-06,55.66,55.67,55.07,55.41,209207
2033-06-07,54.94,55.46,54.36,55.02,337967
2033-06-08,55.00,55.18,54.91,55.08,418511
2033-06-09,55.56,55.81,54.79,55.36,851470
2033-06-10,55.20,55.72,54.87,55.33,507575
2033-06-13,54.82,55.50,54.03,54.51,339493
2033-06-14,54.82,54.98,54.71,54.81,856496
2033-06-15,55.16,55.59,55.12,55.35,550380
2033-06-16,55.70,56.23,55.50,56.12,563735
2033-06-17,55.79,55.79,55.62,55.63,212799
2033-06-20,56.01,56.29,55.96,56.21,572512
2033-06-21,56.11,56.34,55.82,56.29,516619
2033-06-22,56.67,57.27,56.31,56.74,839118
2033-06-23,56.47,57.14,56.12,56.16,457775
2033-06-24,56.14,56.62,55.97,56.47,519802
2033-06-27,56.70,57.17,56.53,57.12,651056
2033-06-28,56.87,57.29,56.12,56.18,517255
2033-06-29,55.79,55.88,55.25,55.88,275249
2033-06-30,55.81,56.44,55.48,56.37,532685
2033-07-01,56.17,56.62,56.01,56.41,181354
2033-07-04,56.35,56.69,55.69,55.79,951492
2033-07-05,55.90,56.66,55.74,56.57,347044
2033-07-06,56.61,57.36,56.00,57.26,242751
2033-07-07,57.64,58.02,57.12,57.95,767216
2033-07-08,58.46,59.15,58.45,58.58,273936
2033-07-11,59.09,59.60,58.53,59.14,198370
2033-07-12,59.45,59.87,59.42,59.64,955980
2033-07-13,60.11,60.84,59.59,60.37,425683
2033-07-14,60.02,60.64,59.50,60.01,759482
2033-07-15,59.56,59.84,59.45,59.58,151125
2033-07-18,59.85,60.73,59.11,59.80,886813
2033-07-19,60.08,60.30,59.76,59.78,901881
2033-07-20,59.98,60.72,59.96,60.19,955699
2033-07-21,60.77,60.99,59.98,60.63,832900
2033-07-22,60.95,61.78,60.51,61.21,578076
2033-07-25,60.89,61.58,60.35,61.47,104145
2033-07-26,61.66,62.50,61.14,62.33,117849
2033-07-27,62.21,62.36,61.81,61.94,451708
2033-07-28,61.55,62.37,61.00,61.90,782226
2033-07-29,62.22,62.69,61.94,62.06,596844
2033-08-01,61.47,61.49,60.98,61.27,942654
2033-08-02,61.21,61.95,60.57,60.67,406410
2033-08-03,60.25,60.48,60.20,60.28,619447
2033-08-04,59.83,60.46,58.96,59.33,418306
2033-08-05,59.19,59.93,58.82,58.95,337818
2033-08-08,58.52,59.19,57.80,58.10,645141
2033-08-09,58.49,59.32,58.43,58.92,153531
2033-08-10,58.61,58.66,57.98,58.43,536090
2033-08-11,57.92,58.79,57.20,57.54,249346
2033-08-12,57.31,57.34,56.58,57.14,657791
2033-08-15,57.25,57.46,56.92,57.07,553264
2033-08-16,57.18,57.97,56.97,57.90,510766
2033-08-17,58.47,58.49,57.84,58.17,853106
2033-08-18,58.08,58.62,57.84,58.30,562885
2033-08-19,58.41,58.95,58.25,58.61,850261
2033-08-22,59.08,59.50,58.52,58.60,530901
2033-08-23,59.02,59.74,58.71,59.73,573418
2033-08-24,59.99,60.08,59.63,59.89,559567
2033-08-25,60.33,60.47,60.11,60.25,213663
2033-08-26,60.68,60.81,60.38,60.75,515796
2033-08-29,61.05,61.21,60.44,61.04,492973
2033-08-30,60.79,61.30,59.97,60.19,777527
2033-08-31,60.37,60.91,59.64,59.69,286717
2033-09-01,59.61,60.36,58.71,60.32,862653
2033-09-02,59.92,60.67,59.58,60.66,814855
2033-09-05,60.29,61.13,59.55,60.89,872882
2033-09-06,60.85,61.02,60.24,60.32,598361
2033-09-07,60.37,60.97,60.02,60.74,308770
2033-09-08,60.16,60.98,59.50,59.67,854366
2033-09-09,59.55,60.04,59.18,59.76,638994
2033-09-12,59.39,60.10,59.22,59.88,950110
2033-09-13,59.86,60.69,59.27,60.55,367045
2033-09-14,60.31,61.19,59.92,60.14,751728
2033-09-15,60.67,60.73,60.37,60.73,290852
2033-09-16,60.36,60.63,59.91,60.37,477491
2033-09-19,60.08,60.70,59.36,60.68,764032
2033-09-20,60.69,60.94,60.57,60.60,830718
2033-09-21,60.71,61.22,60.31,60.77,433101
2033-09-22,60.78,60.79,60.08,60.15,970158
2033-09-23,60.67,61.21,60.56,60.67,118929
2033-09-26,60.85,61.30,60.80,60.98,896035
2033-09-27,60.49,60.91,59.72,60.35,119610
2033-09-28,59.96,60.56,59.23,60.27,609491
2033-09-29,60.44,61.18,59.56,59.72,465522
2033-09-30,59.72,60.39,59.39,59.96,249755
2033-10-03,60.50,60.92,59.87,60.57,486076
2033-10-04,60.37,60.90,59.80,60.27,216519
2033-10-05,59.93,59.97,59.16,59.51,719026
2033-10-06,59.77,60.24,59.35,60.07,940123
2033-10-07,60.29,60.70,59.94,60.38,321418
2033-10-10,60.38,60.84,60.17,60.38,693791
2033-10-11,59.95,60.65,59.92,60.63,899209
2033-10-12,60.97,61.63,60.17,61.07,103421
2033-10-13,61.49,62.19,60.84,61.70,131444
2033-10-14,61.80,62.26,60.94,61.37,992168
2033-10-17,61.03,61.86,60.39,60.91,877855
2033-10-18,61.00,61.08,60.35,60.61,298759
2033-10-19,60.54,61.39,59.73,59.91,240068
2033-10-20,60.29,60.39,59.63,59.96,800117
2033-10-21,60.18,60.34,59.79,59.81,597607
2033-10-24,59.62,60.09,59.34,59.50,426193
2033-10-25,59.90,60.61,59.36,59.90,756128
2033-10-26,59.91,60.00,59.43,59.91,812534
2033-10-27,59.58,59.63,59.55,59.62,709881
2033-10-28,59.28,59.66,59.15,59.50,762995
2033-10-31,59.50,59.66,58.93,59.27,655309
2033-11-01,59.63,60.09,58.76,58.94,910287
2033-11-02,59.28,59.94,58.50,59.84,421747
2033-11-03,59.61,60.43,59.30,59.92,461130
2033-11-04,60.19,60.24,59.97,60.15,331109
2033-11-07,60.68,60.95,59.80,60.93,545714
2033-11-08,60.57,60.69,60.20,60.29,116023
2033-11-09,59.90,60.60,59.81,60.54,432602
2033-11-10,60.20,60.81,59.95,60.43,390747
2033-11-11,60.62,60.96,60.47,60.87,734797
2033-11-14,61.08,61.58,60.31,60.38,762992
2033-11-15,60.75,61.46,60.60,60.62,560464
2033-11-16,60.83,61.02,60.71,60.74,163681
2033-11-17,61.12,61.23,60.93,61.06,942096
2033-11-18,61.48,62.18,61.14,61.72,706648
2033-11-21,61.34,62.21,60.49,60.54,912500
2033-11-22,60.46,60.96,60.40,60.91,606854
2033-11-23,61.51,61.77,60.75,61.22,446515
2033-11-24,61.78,62.06,61.28,61.87,129466
2033-11-25,61.55,62.05,61.45,61.46,371574
2033-11-28,61.99,62.41,61.08,61.64,532390
2033-11-29,61.04,61.20,60.16,60.30,344291
2033-11-30,60.64,61.02,60.31,60.71,529303
2033-12-01,60.53,60.84,60.40,60.82,789363
2033-12-02,61.14,61.56,60.40,60.72,442342
2033-12-05,60.88,61.68,60.45,61.04,681290
2033-12-06,60.86,61.33,59.98,60.94,630078
2033-12-07,60.87,61.55,60.05,61.41,390635
2033-12-08,60.87,61.45,60.62,61.12,423239
2033-12-09,60.86,61.32,60.69,60.78,933796
2033-12-12,61.37,61.53,61.21,61.39,107860
2033-12-13,61.07,61.72,60.62,60.67,456465
2033-12-14,60.61,60.72,59.92,60.35,904572
2033-12-15,60.39,60.86,60.28,60.49,160767
2033-12-16,61.05,61.62,60.67,61.25,393509
2033-12-19,60.83,61.57,60.64,61.38,446519
2033-12-20,61.02,61.46,60.48,61.04,668574
2033-12-21,61.59,62.02,61.04,61.99,305406
2033-12-22,62.25,63.12,62.23,62.31,859351
2033-12-23,62.92,62.96,62.53,62.92,739871
2033-12-26,63.54,64.32,63.19,63.35,597960
2033-12-27,63.26,63.95,62.67,62.68,564431
2033-12-28,63.15,64.05,62.99,63.32,561367
2033-12-29,63.31,64.11,63.08,63.65,659400
2033-12-30,63.94,64.49,63.71,64.39,682970
2034-01-02,64.20,64.21,63.39,63.89,765469
2034-01-03,64.34,64.42,63.43,64.17,726477
2034-01-04,64.68,65.58,64.53,65.48,419587
2034-01-05,65.34,65.89,64.50,64.70,482299
2034-01-06,65.03,65.88,64.55,65.24,491596
2034-01-09,65.72,65.78,64.90,65.54,958205
2034-01-10,65.34,65.67,65.30,65.57,349334
2034-01-11,66.22,66.23,65.69,65.77,236660
2034-01-12,65.25,66.00,64.45,64.63,259239
2034-01-13,64.03,64.48,63.23,63.58,832586
2034-01-16,64.02,64.23,63.06,63.90,300658
2034-01-17,64.38,64.41,64.35,64.38,327341
2034-01-18,64.27,64.28,64.12,64.16,954423
2034-01-19,64.69,65.62,63.81,65.58,913424
2034-01-20,65.71,66.39,65.14,66.09,892500
2034-01-23,66.55,66.82,66.01,66.71,822135
2034-01-24,66.96,67.13,66.23,66.65,386377
2034-01-25,66.05,66.97,65.13,66.02,861800
2034-01-26,65.63,66.03,64.86,64.99,542506
2034-01-27,64.89,65.33,64.77,65.28,684337
2034-01-30,65.43,66.35,64.74,65.91,298471
2034-01-31,66.15,66.86,66.09,66.43,790453
2034-02-01,66.27,66.82,65.71,65.75,471523
2034-02-02,65.78,66.76,65.16,65.87,634087
2034-02-03,66.08,66.13,65.96,66.04,498344
2034-02-06,65.96,66.22,65.65,65.86,290494
2034-02-07,66.25,66.30,65.34,66.18,774845
2034-02-08,65.83,65.87,65.31,65.77,497683
2034-02-09,65.40,65.56,65.40,65.51,557391
2034-02-10,65.55,65.63,64.94,65.40,700709
2034-02-13,65.72,66.39,65.47,66.02,310687
2034-02-14,66.51,66.73,65.73,65.87,286741
2034-02-15,66.22,66.83,65.63,66.05,331860
2034-02-16,66.65,66.79,66.06,66.66,982296
2034-02-17,66.35,66.69,65.58,66.66,986582
2034-02-20,66.74,67.56,65.97,66.45,934676
2034-02-21,66.09,66.18,65.61,66.16,646992
2034-02-22,66.49,67.47,65.64,65.67,699198
2034-02-23,66.24,66.77,65.90,65.98,110385
2034-02-24,66.53,67.32,65.74,67.11,908636
2034-02-27,66.48,66.72,66.25,66.60,970206
2034-02-28,67.16,67.86,67.06,67.49,264443
2034-03-01,66.93,67.18,66.50,66.75,122719
2034-03-02,67.23,67.67,67.02,67.04,623682
2034-03-03,67.15,68.14,66.99,67.30,670253
2034-03-06,67.85,68.51,67.75,67.94,385969
2034-03-07,67.78,67.94,67.34,67.69,467805
2034-03-08,68.20,69.10,68.13,68.83,595267
2034-03-09,69.17,69.60,68.88,68.98,719930
2034-03-10,69.40,69.45,68.45,68.96,729792
2034-03-13,68.30,68.48,67.74,68.18,147969
2034-03-14,67.94,68.03,67.14,67.82,229359
2034-03-15,67.98,68.79,66.98,68.75,229989
2034-03-16,68.92,69.88,68.12,68.66,913898
2034-03-17,68.91,69.58,68.70,68.94,162491
2034-03-20,69.18,70.06,68.36,69.50,800169
2034-03-21,69.32,70.33,68.89,68.93,799607
2034-03-22,68.66,69.19,68.65,69.13,929877
2034-03-23,68.74,69.50,68.60,69.03,733244
2034-03-24,69.49,69.56,69.04,69.44,977124
2034-03-27,69.12,69.34,68.25,69.06,827811
2034-03-28,69.06,69.48,68.58,69.37,655903
2034-03-29,69.39,69.77,69.14,69.70,508190
2034-03-30,70.04,70.49,69.13,69.44,840027
2034-03-31,69.40,69.41,68.63,69.18,733348
2034-04-03,68.71,68.86,68.54,68.56,510958
2034-04-04,68.49,69.09,68.00,69.00,144803
2034-04-05,68.72,69.45,68.29,69.38,115402
2034-04-06,68.74,69.72,67.95,68.12,977085
2034-04-07,67.56,68.53,66.72,68.30,645290
2034-04-10,68.97,69.29,68.42,68.59,391362
2034-04-11,68.84,69.52,68.01,69.19,203025
2034-04-12,69.57,70.47,68.74,68.88,462749
2034-04-13,68.48,69.45,67.50,67.81,576984
2034-04-14,67.41,67.56,66.99,67.27,551652
2034-04-17,67.95,68.84,67.59,67.76,729091
2034-04-18,68.31,69.01,67.30,67.84,976555
2034-04-19,67.40,68.14,67.01,67.34,985905
2034-04-20,67.37,67.51,67.06,67.17,209751
2034-04-21,66.61,67.06,66.45,66.77,223971
2034-04-24,66.60,67.40,65.98,66.13,907147
2034-04-25,66.03,66.65,65.64,66.44,233112
2034-04-26,66.83,67.59,66.33,67.58,320430
2034-04-27,67.10,67.66,66.52,67.08,710254
2034-04-28,66.59,67.39,66.01,67.04,203670
2034-05-01,67.49,68.17,66.81,67.58,609140
2034-05-02,67.07,67.09,66.40,66.71,162603
2034-05-03,67.08,67.97,66.34,67.21,919907
2034-05-04,66.65,66.69,66.04,66.61,474265
2034-05-05,66.76,67.20,65.90,67.01,765593
2034-05-08,67.00,67.67,66.80,67.26,170852
2034-05-09,67.57,67.81,67.53,67.64,653495
2034-05-10,67.43,67.79,67.38,67.50,869420
2034-05-11,67.82,68.60,66.96,68.44,191149
2034-05-12,68.31,69.06,67.71,68.71,775388
2034-05-15,69.35,69.48,68.85,69.25,417148
2034-05-16,69.36,69.53,68.34,69.04,266526
2034-05-17,68.78,69.66,67.97,68.65,917768
2034-05-18,69.02,69.47,68.19,69.27,270210
2034-05-19,68.84,69.49,68.52,69.18,153135
2034-05-22,69.71,70.71,69.25,69.91,959284
2034-05-23,69.42,69.51,68.84,69.26,907530
2034-05-24,69.44,69.49,69.35,69.44,452110
2034-05-25,69.54,69.68,68.71,68.83,544165
2034-05-26,69.19,70.22,68.35,68.85,449831
2034-05-29,68.51,69.27,67.96,68.98,761968
2034-05-30,68.83,69.27,68.61,68.64,858388
2034-05-31,68.52,68.95,67.50,68.48,322561
2034-06-01,68.10,69.09,67.67,68.49,114907
2034-06-02,68.85,68.92,68.53,68.91,206226
2034-06-05,69.30,70.20,68.41,69.16,178844
2034-06-06,68.79,69.70,68.57,69.65,288131
2034-06-07,69.55,69.65,68.87,69.23,400510
2034-06-08,69.06,69.10,68.67,68.74,653900
2034-06-09,68.50,68.66,67.67,68.14,344240
2034-06-12,68.38,68.73,67.70,68.03,344710
2034-06-13,68.31,69.10,67.87,68.97,647044
2034-06-14,69.15,69.22,68.17,69.21,353510
2034-06-15,69.00,69.93,68.79,69.30,789448
2034-06-16,69.04,69.06,68.74,68.86,318108
2034-06-19,69.40,69.70,69.12,69.40,149750
2034-06-20,69.32,69.54,68.58,69.51,301533
2034-06-21,69.21,69.92,68.25,68.56,712597
2034-06-22,68.00,68.75,67.27,68.49,608112
2034-06-23,68.65,69.57,68.16,68.21,471010
2034-06-26,68.52,68.65,68.02,68.44,202987
2034-06-27,67.98,68.06,67.05,67.92,918828
2034-06-28,68.31,69.25,67.40,67.43,334735
2034-06-29,67.40,68.16,66.56,67.90,351188
2034-06-30,68.03,68.38,67.40,68.01,207111
2034-07-03,67.97,68.12,67.35,67.88,844686
2034-07-04,68.21,69.20,67.99,68.19,367316
2034-07-05,68.81,69.45,68.81,68.90,204078
2034-07-06,69.43,70.24,68.47,69.57,954177
2034-07-07,69.41,69.90,68.84,69.87,961087
2034-07-10,69.24,69.66,68.41,68.80,277363
2034-07-11,68.98,69.03,68.92,69.02,788467
2034-07-12,68.57,69.10,68.02,68.60,236436
2034-07-13,68.94,69.86,68.92,69.27,656456
2034-07-14,69.02,69.49,68.58,69.35,949367
2034-07-17,69.06,69.26,68.45,69.07,740747
2034-07-18,69.44,70.36,68.66,68.97,148497
2034-07-19,69.29,69.49,68.94,69.43,361993
2034-07-20,69.29,70.08,68.55,69.86,408971
2034-07-21,70.26,70.65,70.11,70.50,183139
2034-07-24,71.09,71.50,71.09,71.32,972707
2034-07-25,71.95,72.41,71.58,71.97,671034
2034-07-26,72.52,72.99,71.70,71.75,389243
2034-07-27,72.21,72.40,71.95,71.99,788511
2034-07-28,72.09,72.69,72.01,72.47,892966
2034-07-31,72.03,73.00,71.37,72.20,838142
2034-08-01,72.48,72.67,71.41,72.19,759909
2034-08-02,71.80,72.78,71.60,72.49,800612
2034-08-03,72.09,72.84,71.44,72.42,476732
2034-08-04,72.03,72.65,71.25,71.54,241396
2034-08-07,71.90,72.56,71.86,71.90,812909
2034-08-08,72.18,73.01,71.62,71.68,173354
2034-08-09,71.12,71.74,70.40,71.32,946773
2034-08-10,71.66,72.20,71.41,71.77,515943
2034-08-11,71.15,71.35,70.79,71.13,809970
2034-08-14,71.48,72.14,70.84,72.12,716432
2034-08-15,72.51,73.07,71.94,72.74,805329
2034-08-16,72.81,73.42,72.73,72.85,501135
2034-08-17,72.17,72.43,71.55,71.63,530661
2034-08-18,72.06,72.67,71.54,72.66,380139
2034-08-21,72.67,73.11,71.76,71.97,619422
2034-08-22,71.78,72.16,71.70,71.83,395061
2034-08-23,72.46,73.38,72.11,73.26,742089
2034-08-24,73.84,74.41,73.06,74.20,177686
2034-08-25,73.58,74.23,73.50,73.82,667950
2034-08-28,74.03,74.98,73.49,74.71,965250
2034-08-29,74.55,75.16,74.28,74.46,665618
2034-08-30,75.08,75.18,74.31,74.76,670710
2034-08-31,74.02,74.55,73.66,73.87,420112
2034-09-01,74.30,74.94,73.42,73.98,820765
2034-09-04,73.46,73.62,73.39,73.41,696898
2034-09-05,73.21,74.21,73.19,73.52,417134
2034-09-06,73.92,74.71,73.67,74.51,652853
2034-09-07,75.09,75.16,74.96,74.99,755410
2034-09-08,74.76,74.88,74.72,74.82,148792
2034-09-11,75.46,76.57,74.72,76.12,794677
2034-09-12,76.79,77.29,76.50,76.89,238623
2034-09-13,76.19,77.16,75.28,76.64,557420
2034-09-14,76.40,76.86,75.67,76.38,207092
2034-09-15,76.66,76.96,75.91,76.64,443731
2034-09-18,76.04,76.90,75.16,76.71,386481
2034-09-19,77.47,78.39,77.06,77.43,368276
2034-09-20,78.01,78.45,77.43,77.56,141937
2034-09-21,76.87,77.05,75.94,76.68,654826
2034-09-22,76.87,77.35,75.81,76.63,316923
2034-09-25,76.63,76.84,75.54,75.99,704118
2034-09-26,76.24,76.80,76.06,76.60,520105
2034-09-27,76.50,76.79,76.37,76.50,637044
2034-09-28,76.24,76.26,76.15,76.15,462999
2034-09-29,75.49,75.52,75.23,75.38,366924
2034-10-02,75.78,76.17,74.65,75.81,283885
2034-10-03,75.09,76.03,74.05,74.41,731618
2034-10-04,74.58,74.68,73.77,73.80,929227
2034-10-05,73.16,73.21,72.14,72.59,333159
2034-10-06,72.04,72.67,71.87,72.27,240408
2034-10-09,72.96,73.70,71.97,73.69,195980
2034-10-10,74.17,74.79,74.07,74.15,581326
2034-10-11,74.57,74.81,74.40,74.70,312352
2034-10-12,74.24,75.33,73.14,73.98,598709
2034-10-13,73.54,74.44,72.95,74.40,224270
2034-10-16,73.95,74.10,73.93,74.06,214945
2034-10-17,73.72,74.07,73.56,73.83,412449
2034-10-18,73.37,74.18,72.89,74.09,683619
2034-10-19,74.41,75.52,74.19,74.34,415065
2034-10-20,73.74,74.39,73.62,73.69,750205
2034-10-23,73.47,74.20,73.47,73.64,539604
2034-10-24,72.93,73.99,71.91,72.45,691298
2034-10-25,71.88,72.04,71.32,71.36,600165
2034-10-26,71.78,72.39,70.77,71.21,280904
2034-10-27,71.04,71.67,70.67,71.10,842975
2034-10-30,70.66,71.09,70.44,70.65,255319
2034-10-31,71.12,71.91,70.77,71.91,807597
2034-11-01,72.44,73.33,71.87,72.38,710068
2034-11-02,72.27,72.58,71.50,72.43,566701
2034-11-03,71.85,72.58,70.89,71.90,127691
2034-11-06,71.90,72.72,71.73,72.59,525775
2034-11-07,72.53,73.59,71.81,73.49,394294
2034-11-08,73.42,73.51,73.17,73.48,899126
2034-11-09,74.21,74.32,73.45,73.78,553062
2034-11-10,73.62,74.25,73.17,73.19,951462
2034-11-13,73.71,74.68,73.11,73.63,107855
2034-11-14,74.33,74.95,73.85,74.88,541982
2034-11-15,75.60,75.99,74.69,74.93,641632
2034-11-16,74.54,75.16,73.89,74.21,264827
2034-11-17,74.84,75.09,73.98,74.15,693761
2034-11-20,74.43,74.69,73.39,74.48,951587
2034-11-21,73.74,74.47,73.48,73.53,328170
2034-11-22,73.64,74.59,73.48,74.46,362654
2034-11-23,74.61,74.67,74.47,74.63,500342
2034-11-24,74.16,74.68,73.34,73.78,959500
2034-11-27,73.55,74.11,73.43,73.98,452090
2034-11-28,73.37,74.28,72.98,73.24,869288
2034-11-29,73.14,73.71,73.12,73.69,734204
2034-11-30,74.30,74.91,73.25,74.36,777311
2034-12-01,74.56,75.28,74.12,75.00,212890
2034-12-04,74.56,74.61,73.47,73.87,738374
2034-12-05,73.74,73.89,73.17,73.58,826440
2034-12-06,73.64,74.01,73.16,73.47,461269
2034-12-07,73.80,74.51,73.08,73.11,181555
2034-12-08,73.33,73.61,73.27,73.29,560088
2034-12-11,73.17,73.85,72.49,73.51,506826
2034-12-12,73.79,74.44,72.76,74.28,593355
2034-12-13,74.46,75.46,73.77,75.06,533028
2034-12-14,74.35,74.78,73.52,74.00,966180
2034-12-15,74.64,74.82,74.58,74.75,202494
2034-12-18,74.31,74.56,73.51,73.83,653056
2034-12-19,73.22,73.86,73.22,73.58,981021
2034-12-20,74.00,74.25,72.92,72.97,329088
2034-12-21,73.65,74.66,73.61,74.37,594858
2034-12-22,74.70,75.79,74.05,75.45,627808
2034-12-25,75.64,75.86,75.60,75.71,888420
2034-12-26,75.52,75.96,74.70,75.80,894391
2034-12-27,76.12,76.31,76.10,76.10,799944
2034-12-28,75.79,76.42,75.12,75.19,307467
2034-12-29,75.50,76.49,75.00,75.09,251855
2035-01-01,74.89,76.01,74.65,74.99,593836
2035-01-02,74.60,74.90,74.02,74.12,895862
2035-01-03,74.75,74.88,74.08,74.85,990172
2035-01-04,75.27,75.69,74.71,75.21,374277
2035-01-05,74.71,74.90,74.52,74.63,950183
2035-01-08,75.24,76.32,74.82,76.14,802207
2035-01-09,76.13,76.35,75.89,76.08,545996
2035-01-10,76.54,77.01,75.64,75.92,398718
2035-01-11,76.67,77.08,75.85,76.06,460774
2035-01-12,75.54,76.49,75.46,75.93,303403
2035-01-15,75.38,75.39,74.86,75.11,613684
2035-01-16,75.22,75.36,74.75,75.11,488353
2035-01-17,75.02,75.40,74.55,75.32,132490
2035-01-18,75.51,75.82,75.28,75.76,678080
2035-01-19,75.46,76.00,74.52,75.10,103486
2035-01-22,75.39,75.64,75.24,75.39,507978
2035-01-23,75.79,75.86,75.27,75.78,347250
2035-01-24,75.77,76.65,75.59,76.47,653541
2035-01-25,77.00,77.02,76.87,76.98,413192
2035-01-26,76.83,77.91,76.61,77.49,724994
2035-01-29,76.74,77.82,76.70,77.82,328366
2035-01-30,77.13,77.13,76.93,77.02,144571
2035-01-31,76.74,76.96,76.69,76.78,700227
2035-02-01,77.53,78.08,76.48,77.13,109966
2035-02-02,77.00,78.10,76.76,77.82,832934
2035-02-05,78.48,78.68,77.63,77.64,497463
2035-02-06,77.40,78.44,77.03,77.56,472204
2035-02-07,77.61,78.00,77.33,77.98,996133
2035-02-08,77.96,78.83,76.83,77.00,607991
2035-02-09,77.21,77.62,76.42,76.87,770179
2035-02-12,76.64,77.06,76.29,76.42,911380
2035-02-13,75.99,76.95,75.65,76.42,325664
2035-02-14,76.25,77.34,75.74,75.80,517931
2035-02-15,75.45,76.17,74.55,76.08,366033
2035-02-16,76.76,77.48,75.83,77.03,301790
2035-02-19,77.40,78.01,76.52,77.98,510195
2035-02-20,78.22,78.65,78.16,78.47,682624
2035-02-21,78.11,78.71,77.80,77.92,479430
2035-02-22,77.64,78.67,77.25,78.53,856199
2035-02-23,78.20,78.65,77.19,78.51,162852
2035-02-26,78.71,78.97,77.94,78.64,617938
2035-02-27,78.91,79.79,77.89,78.15,234927
2035-02-28,78.51,79.46,78.19,78.48,886100
2035-03-01,78.17,78.91,77.57,78.24,378240
2035-03-02,77.63,78.03,76.94,78.03,439667
2035-03-05,77.91,78.22,77.31,77.58,649700
2035-03-06,77.69,78.20,77.42,77.91,931082
2035-03-07,78.03,78.67,77.52,78.28,715813
2035-03-08,78.33,79.37,77.78,79.04,651257
2035-03-09,79.74,80.86,78.85,79.90,616854
2035-03-12,79.79,80.38,79.48,79.93,172133
2035-03-13,80.20,80.37,79.83,79.89,238229
2035-03-14,80.00,80.31,79.96,80.05,797560
2035-03-15,80.22,80.48,79.98,80.13,319969
2035-03-16,80.45,80.71,80.11,80.69,975921
2035-03-19,81.18,82.09,80.39,82.02,544112
2035-03-20,82.49,82.89,81.64,81.77,442144
2035-03-21,81.95,82.36,81.61,82.22,143855
2035-03-22,81.74,82.18,80.84,81.76,343149
2035-03-23,81.92,81.95,80.89,81.02,745989
2035-03-26,80.51,81.58,79.92,80.44,149433
2035-03-27,81.14,81.58,80.92,81.00,591261
2035-03-28,81.23,82.09,80.63,82.02,346988
2035-03-29,81.94,82.91,81.64,82.45,648646
2035-03-30,82.96,83.35,82.17,82.30,230019
2035-04-02,81.52,82.58,80.30,81.50,542244
2035-04-03,82.07,83.09,81.52,82.35,911091
2035-04-04,82.36,82.96,81.25,81.27,328180
2035-04-05,81.75,82.22,81.41,81.67,982353
2035-04-06,82.15,82.85,81.53,82.18,479373
2035-04-09,81.47,81.88,80.38,81.30,864064
2035-04-10,81.71,82.81,81.40,81.47,325347
2035-04-11,80.74,81.91,79.55,80.33,908877
2035-04-12,79.76,80.22,79.23,79.61,214498
2035-04-13,79.00,79.52,78.45,79.43,396247
2035-04-16,79.26,79.63,78.94,78.95,910822
2035-04-17,79.42,79.80,78.51,79.36,876131
2035-04-18,79.75,80.87,79.28,80.52,312138
2035-04-19,80.57,81.47,79.57,80.84,210865
2035-04-20,80.95,81.96,80.20,81.20,275559
2035-04-23,81.18,81.56,80.62,81.49,733331
2035-04-24,81.62,81.65,80.60,81.03,786927
2035-04-25,81.11,81.13,80.68,80.75,715446
2035-04-26,81.26,81.68,80.80,81.29,706174
2035-04-27,80.90,81.17,80.52,80.66,328683
2035-04-30,81.43,81.83,80.71,80.92,934496
2035-05-01,80.98,81.64,80.45,81.38,187018
2035-05-02,81.85,82.48,81.02,81.83,781159
2035-05-03,82.05,82.42,81.35,81.63,925310
2035-05-04,81.43,81.50,80.48,80.86,762330
2035-05-07,80.05,81.22,79.13,80.16,959323
2035-05-08,80.77,81.85,79.65,80.12,944159
2035-05-09,80.72,81.34,79.52,80.88,947946
2035-05-10,80.97,81.18,80.18,80.79,277717
2035-05-11,80.90,81.21,80.07,80.92,512923
2035-05-14,80.84,81.41,80.42,80.81,874947
2035-05-15,81.10,82.19,80.85,81.31,822776
2035-05-16,81.81,82.85,81.65,81.70,789950
2035-05-17,81.85,82.56,80.75,82.29,956940
2035-05-18,81.68,82.41,80.90,81.86,887308
2035-05-21,82.35,83.27,82.33,82.97,819053
2035-05-22,83.05,83.93,82.65,82.98,358943
2035-05-23,82.21,82.39,82.14,82.20,682860
2035-05-24,82.59,83.30,81.53,82.96,483560
2035-05-25,82.93,83.53,82.26,82.32,777301
2035-05-28,83.05,84.07,83.00,83.95,625141
2035-05-29,84.05,84.38,83.41,83.42,179656
2035-05-30,84.13,85.09,84.08,84.18,785251
2035-05-31,84.80,84.88,84.69,84.71,662013
2035-06-01,84.16,84.24,83.02,83.99,936092
2035-06-04,83.63,83.64,83.53,83.60,196395
2035-06-05,83.36,83.72,82.15,82.18,171926
2035-06-06,82.93,83.57,81.75,82.86,747033
2035-06-07,82.52,83.62,82.07,82.88,802453
2035-06-08,83.61,83.89,83.20,83.64,380886
2035-06-11,83.43,83.52,82.73,82.97,311148
2035-06-12,83.78,84.36,82.79,84.32,179548
2035-06-13,83.49,84.62,82.41,83.99,851815
2035-06-14,83.40,84.61,82.65,83.63,507828
2035-06-15,83.91,84.46,83.18,83.45,720809
2035-06-18,84.22,84.52,83.69,83.85,936859
2035-06-19,84.11,84.48,83.24,83.62,579094
2035-06-20,83.28,83.73,82.14,83.60,344537
2035-06-21,83.19,84.24,82.22,83.00,183872
2035-06-22,82.90,83.65,81.96,83.43,309265
2035-06-25,83.28,83.79,82.61,83.42,699263
2035-06-26,83.71,84.57,83.18,84.31,154908
2035-06-27,84.60,85.73,83.49,84.70,531766
2035-06-28,84.28,85.48,83.26,83.56,874149
2035-06-29,83.58,83.63,82.53,83.27,303004
2035-07-02,82.84,83.61,81.83,82.66,834506
2035-07-03,83.46,83.88,83.36,83.70,456244
2035-07-04,83.37,83.61,83.30,83.44,654128
2035-07-05,83.57,84.40,82.80,84.19,379437
2035-07-06,84.55,85.22,83.98,85.09,944401
2035-07-09,85.15,85.63,84.63,85.30,748061
2035-07-10,86.10,86.96,85.36,86.20,906692
2035-07-11,85.98,86.96,85.68,86.64,705657
2035-07-12,87.43,88.12,87.08,87.59,113398
2035-07-13,87.87,89.12,86.88,88.21,670304
2035-07-16,87.95,89.14,87.69,88.38,333439
2035-07-17,88.12,88.95,87.66,88.93,470458
2035-07-18,89.62,90.79,89.14,89.42,755621
2035-07-19,89.16,89.76,89.04,89.26,596324
2035-07-20,89.27,90.31,87.95,89.18,209621
2035-07-23,88.98,89.08,88.43,88.62,995704
2035-07-24,88.06,88.59,87.69,88.53,832186
2035-07-25,88.83,89.28,88.03,88.96,335425
2035-07-26,88.54,88.93,88.04,88.49,947833
2035-07-27,88.92,90.08,88.70,89.65,397902
2035-07-30,89.42,90.58,89.16,89.79,850511
2035-07-31,89.73,90.04,89.33,89.40,991414
2035-08-01,88.72,89.32,87.80,89.31,743028
2035-08-02,89.88,91.08,89.03,90.06,234033
2035-08-03,89.86,91.07,89.27,89.68,464402
2035-08-06,90.35,91.39,89.05,91.29,867247
2035-08-07,91.40,91.61,90.06,91.44,979467
2035-08-08,91.61,92.79,90.55,90.57,193984
2035-08-09,90.45,91.71,89.98,90.63,540269
2035-08-10,90.20,90.92,89.81,89.84,887846
2035-08-13,90.00,90.78,89.26,89.74,740430
2035-08-14,90.60,91.35,90.12,90.71,133785
2035-08-15,90.64,91.41,90.60,90.86,402922
2035-08-16,91.33,91.42,90.00,90.10,377737
2035-08-17,89.32,90.63,89.05,89.64,294262
2035-08-20,89.83,90.12,88.89,90.03,812632
2035-08-21,90.87,91.71,89.62,89.93,786015
2035-08-22,90.11,90.97,89.71,90.34,979501
2035-08-23,90.88,92.00,90.77,90.82,868320
2035-08-24,90.84,91.11,90.45,91.05,628995
2035-08-27,91.57,92.33,90.27,91.82,125349
2035-08-28,91.63,91.78,91.04,91.45,365102
2035-08-29,91.21,92.17,91.05,91.21,320662
2035-08-30,92.09,92.81,91.24,92.08,691621
2035-08-31,91.50,92.80,91.32,91.56,688334
2035-09-03,91.99,92.21,90.72,91.50,165989
2035-09-04,90.95,91.38,90.44,90.72,693469
2035-09-05,91.23,91.61,89.90,90.66,257653
2035-09-06,91.16,92.38,90.82,92.01,771101
2035-09-07,91.45,91.76,90.11,91.22,632468
2035-09-10,91.51,91.66,91.25,91.49,302969
2035-09-11,92.21,92.44,91.81,92.28,906609
2035-09-12,92.34,93.20,92.01,92.22,884973
2035-09-13,91.87,93.21,91.07,92.14,144381
2035-09-14,92.53,93.05,92.52,93.00,374069
2035-09-17,92.51,92.98,91.47,91.87,861267
2035-09-18,92.31,92.90,92.10,92.43,708357
2035-09-19,91.79,92.07,91.30,91.64,660016
2035-09-20,91.59,92.74,90.27,90.47,367260
2035-09-21,89.64,89.91,88.32,89.40,541929
2035-09-24,89.94,90.67,88.99,90.28,190965
2035-09-25,89.75,90.46,89.47,89.88,665177
2035-09-26,90.31,91.32,89.38,90.37,588568
2035-09-27,89.52,89.91,89.30,89.84,348441
2035-09-28,90.11,91.17,90.03,90.73,606166
2035-10-01,90.83,90.92,89.76,90.23,275711
2035-10-02,89.74,91.06,89.66,90.04,491164
2035-10-03,89.61,90.72,88.65,89.14,888196
2035-10-04,88.66,89.33,87.35,88.74,675045
2035-10-05,88.77,89.74,88.39,89.05,267254
2035-10-08,89.39,90.70,89.31,89.75,520492
2035-10-09,89.00,89.28,88.95,89.03,600344
2035-10-10,89.60,90.65,89.26,90.41,264514
2035-10-11,90.23,90.79,89.54,90.17,836425
2035-10-12,89.49,90.82,88.74,89.52,824472
2035-10-15,89.04,89.68,87.87,88.67,774813
2035-10-16,88.56,89.17,88.24,88.81,970638
2035-10-17,88.54,89.17,87.44,88.33,939530
2035-10-18,88.22,88.31,88.07,88.29,123935
2035-10-19,88.73,89.24,87.59,88.53,167278
2035-10-22,88.01,88.37,87.62,87.93,217702
2035-10-23,88.72,88.74,88.61,88.64,987333
2035-10-24,88.67,89.05,87.36,88.03,160826
2035-10-25,88.25,89.34,88.11,89.29,751369
2035-10-26,89.26,89.79,88.52,88.62,288168
2035-10-29,88.86,88.95,87.59,87.91,492620
2035-10-30,88.61,89.25,87.77,88.19,203154
2035-10-31,88.12,88.28,87.32,87.61,369955
2035-11-01,87.12,87.19,85.99,86.70,691969
2035-11-02,87.24,87.70,86.67,86.92,437811
2035-11-05,86.12,86.97,84.88,86.31,859051
2035-11-06,86.28,87.42,85.57,86.88,157551
2035-11-07,86.96,87.84,86.52,87.52,741440
2035-11-08,88.34,89.02,87.95,88.31,866434
2035-11-09,88.97,89.39,88.65,88.75,360399
2035-11-12,88.06,89.20,86.96,87.33,594305
2035-11-13,87.34,88.42,86.70,87.37,326892
2035-11-14,87.52,88.65,86.42,86.42,758040
2035-11-15,86.89,87.49,86.52,86.69,579466
2035-11-16,86.56,86.71,86.33,86.55,484699
2035-11-19,87.35,88.31,87.18,88.28,621717
2035-11-20,88.54,88.67,88.02,88.18,961246
2035-11-21,88.05,88.65,87.41,87.65,939828
2035-11-22,87.86,88.54,87.62,88.25,414157
2035-11-23,88.07,89.33,87.88,88.83,569841
2035-11-26,88.75,88.83,88.27,88.35,490818
2035-11-27,87.87,88.09,87.82,87.88,491849
2035-11-28,87.61,88.02,87.20,87.87,317848
2035-11-29,87.06,87.20,86.86,86.92,607953
2035-11-30,87.67,88.32,86.48,88.30,883335
2035-12-03,87.75,87.79,86.60,87.16,551765
2035-12-04,87.76,88.19,87.34,87.46,294928
2035-12-05,86.60,86.64,86.43,86.51,798695
2035-12-06,86.36,87.04,85.80,86.29,300315
2035-12-07,86.69,87.85,85.45,86.16,905012
2035-12-10,86.28,86.32,85.52,86.21,675098
2035-12-11,86.76,87.81,86.00,87.50,942281
2035-12-12,88.03,88.58,87.09,88.43,326616
2035-12-13,89.29,89.81,88.93,89.24,617065
2035-12-14,89.09,89.33,88.01,89.04,337881
2035-12-17,89.04,89.96,87.71,89.11,514918
2035-12-18,88.65,89.09,88.33,88.80,726893
2035-12-19,89.66,89.92,89.57,89.81,140430
2035-12-20,89.87,90.59,89.74,90.21,464395
2035-12-21,90.42,90.66,89.64,89.65,471795
2035-12-24,89.75,91.00,89.75,90.49,114841
2035-12-25,90.13,90.61,89.66,90.16,784144
2035-12-26,89.59,90.07,88.42,89.53,435726
2035-12-27,90.27,91.44,88.92,90.52,641119
2035-12-28,90.96,91.06,90.41,90.75,702638
2035-12-31,90.44,91.25,90.19,90.23,322270
2036-01-01,90.97,91.82,90.03,91.18,571632
2036-01-02,90.32,91.41,89.91,90.93,439367
2036-01-03,91.21,92.12,90.96,91.05,898255
2036-01-04,91.45,92.62,90.97,92.21,613210
2036-01-07,92.66,93.49,91.29,91.45,318502
2036-01-08,91.05,92.18,90.74,91.64,916195
2036-01-09,91.54,91.97,90.74,91.91,893485
2036-01-10,92.66,92.87,91.94,92.26,122994
2036-01-11,91.72,92.05,90.68,91.55,966791
2036-01-14,92.23,92.64,91.74,91.99,271543
2036-01-15,91.75,93.05,91.45,91.98,767067
2036-01-16,92.15,92.73,91.72,92.39,614245
2036-01-17,92.21,92.77,92.10,92.64,836595
2036-01-18,93.19,93.81,91.89,93.09,150020
2036-01-21,93.21,93.43,92.48,92.61,619447
2036-01-22,92.72,93.07,92.03,92.30,600267
2036-01-23,91.50,92.48,91.35,92.39,586877
2036-01-24,91.50,92.00,90.87,91.67,169274
2036-01-25,91.88,92.07,91.61,91.75,575708
2036-01-28,92.55,93.61,91.51,93.33,623192
2036-01-29,93.29,93.33,92.79,92.91,564441
2036-01-30,93.07,93.21,92.54,93.01,274904
2036-01-31,93.80,95.08,92.42,92.65,526505
2036-02-01,92.56,93.08,91.82,92.52,130263
2036-02-04,91.88,92.01,91.05,91.96,105418
2036-02-05,91.54,92.57,91.41,92.46,518064
2036-02-06,92.24,92.72,91.34,92.32,700011
2036-02-07,91.43,92.00,90.68,91.34,583031
2036-02-08,91.01,91.73,90.86,90.91,432028
2036-02-11,91.74,92.03,90.65,91.74,866879
2036-02-12,92.27,92.84,90.97,91.87,255801
2036-02-13,92.69,92.70,91.98,92.59,939598
2036-02-14,92.99,93.25,92.15,92.16,575937
2036-02-15,91.38,91.69,90.69,90.83,265970
2036-02-18,89.93,90.13,88.94,89.76,191413
2036-02-19,90.46,91.04,90.40,90.91,165684
2036-02-20,91.12,91.59,90.87,91.03,833536
2036-02-21,90.74,91.96,89.55,90.04,265481
2036-02-22,89.47,89.86,88.79,89.77,638100
2036-02-25,90.48,90.70,89.16,89.65,365470
2036-02-26,88.99,89.92,88.12,89.12,837813
2036-02-27,89.00,89.65,87.81,88.83,407488
2036-02-28,89.59,90.86,88.97,90.75,141364
2036-02-29,90.25,90.60,89.76,90.19,698152
2036-03-03,90.80,91.16,90.67,91.04,422768
2036-03-04,91.50,91.78,90.32,91.76,870043
2036-03-05,91.87,92.71,90.83,92.10,387175
2036-03-06,92.07,93.05,91.52,91.63,432384
2036-03-07,91.03,92.14,90.02,91.09,644238
2036-03-10,90.92,91.52,90.54,91.06,145786
2036-03-11,91.59,91.93,90.48,90.68,277653
2036-03-12,89.89,90.08,89.13,89.80,240430
2036-03-13,89.45,89.89,88.91,89.38,554481
2036-03-14,89.36,89.85,88.72,89.14,539838
2036-03-17,89.50,89.77,89.48,89.59,458524
2036-03-18,90.03,90.11,89.62,89.98,675475
2036-03-19,89.40,90.06,88.08,88.58,922094
2036-03-20,88.64,88.83,87.52,87.79,933711
2036-03-21,87.94,88.43,87.14,87.92,198441
2036-03-24,87.75,88.38,87.61,87.92,191820
2036-03-25,87.86,88.88,87.24,88.69,370327
2036-03-26,89.36,90.12,88.97,89.84,800181
2036-03-27,89.98,90.88,88.89,88.98,581714
2036-03-28,88.47,89.74,87.81,89.62,608653
2036-03-31,90.40,91.42,89.14,89.50,708690
2036-04-01,89.01,89.34,88.74,88.80,775034
2036-04-02,88.46,89.72,87.83,88.08,158045
2036-04-03,87.86,88.41,87.17,87.52,538825
2036-04-04,88.34,89.56,88.18,88.62,308615
2036-04-07,88.90,89.78,88.28,88.75,401768
2036-04-08,88.29,89.51,87.04,87.89,877541
2036-04-09,88.00,88.92,87.35,87.90,753888
2036-04-10,87.21,87.56,86.89,87.18,363322
2036-04-11,88.04,88.93,87.58,87.75,865937
2036-04-14,88.03,88.13,87.15,88.04,984375
2036-04-15,87.34,87.64,86.04,86.65,521017
2036-04-16,86.48,87.20,85.35,85.64,697416
2036-04-17,84.95,85.10,84.19,84.78,128713
2036-04-18,84.46,85.11,83.68,84.77,266414
2036-04-21,83.99,84.90,83.36,84.89,190108
2036-04-22,85.20,85.24,84.39,84.83,941334
2036-04-23,84.37,84.40,84.01,84.16,519422
2036-04-24,83.93,84.52,83.69,84.16,472102
2036-04-25,84.89,85.63,83.64,84.78,499405
2036-04-28,85.28,85.92,84.33,85.84,135739
2036-04-29,85.07,86.32,83.93,85.06,202280
2036-04-30,85.36,85.41,84.90,85.18,246356
2036-05-01,84.42,85.62,83.68,85.17,736342
2036-05-02,85.62,85.93,84.57,84.93,213730
2036-05-05,84.44,85.41,83.92,84.32,326481
2036-05-06,84.08,84.94,82.96,83.48,892812
2036-05-07,82.66,83.25,81.66,82.35,629517
2036-05-08,82.40,82.96,82.07,82.72,320017
2036-05-09,82.85,82.87,82.50,82.74,702234
2036-05-12,82.18,82.40,81.98,82.01,700950
2036-05-13,82.40,83.37,81.74,81.84,423639
2036-05-14,82.37,82.89,81.34,82.40,536378
2036-05-15,82.40,82.57,81.42,82.22,560019
2036-05-16,82.14,82.19,81.79,81.90,533662
2036-05-19,81.18,82.19,79.97,81.93,134754
2036-05-20,81.52,81.85,81.14,81.17,959102
2036-05-21,81.98,82.05,81.63,81.69,345018
2036-05-22,82.00,82.04,80.91,82.01,982019
2036-05-23,82.12,82.29,81.38,81.79,712655
2036-05-26,81.60,81.75,80.80,81.42,567360
2036-05-27,80.78,81.68,79.79,81.29,946533
2036-05-28,80.84,81.97,80.80,81.34,126591
2036-05-29,82.07,82.51,81.40,81.90,801109
2036-05-30,82.47,83.44,81.68,82.10,806971
2036-06-02,81.83,82.06,80.68,81.85,144664
2036-06-03,82.17,82.84,81.80,82.18,642177
2036-06-04,81.42,81.69,80.37,80.87,456398
2036-06-05,80.08,80.17,79.82,79.94,498014
2036-06-06,80.62,80.87,79.52,79.70,958524
2036-06-09,79.79,80.11,79.21,79.94,547459
2036-06-10,80.36,80.62,79.95,80.59,111341
2036-06-11,81.03,81.20,80.31,81.04,610346
2036-06-12,81.50,82.42,80.54,81.37,395978
2036-06-13,81.76,82.74,80.95,82.27,446507
2036-06-16,83.00,83.13,81.91,82.16,325450
2036-06-17,81.55,81.63,81.47,81.62,868623
2036-06-18,81.94,82.75,81.83,81.97,297224
2036-06-19,82.59,83.60,81.52,83.18,859237
2036-06-20,83.76,84.31,83.28,83.63,521038
2036-06-23,82.82,83.29,82.66,82.94,804046
2036-06-24,82.90,84.11,82.63,83.17,157739
2036-06-25,82.90,83.67,81.81,82.28,692547
2036-06-26,82.48,83.67,81.68,81.77,221906
2036-06-27,81.91,82.89,81.17,82.52,563730
2036-06-30,82.17,82.42,81.75,82.17,666343
2036-07-01,82.22,83.12,82.05,82.50,749444
2036-07-02,81.83,82.53,81.53,82.26,336674
2036-07-03,82.74,83.02,81.54,82.61,261013
2036-07-04,82.63,83.65,82.36,82.90,561907
2036-07-07,83.16,84.32,82.94,83.64,921963
2036-07-08,82.91,84.07,82.72,83.61,571629
2036-07-09,83.94,84.78,82.75,83.29,297849
2036-07-10,82.54,83.25,82.39,83.13,303761
2036-07-11,82.69,82.95,82.66,82.71,755629
2036-07-14,82.96,83.03,82.58,82.73,448518
2036-07-15,82.06,83.25,81.66,83.11,755939
2036-07-16,83.28,83.89,82.71,82.82,775260
2036-07-17,82.34,82.36,81.30,82.22,635336
2036-07-18,81.66,82.57,81.49,81.84,221845
2036-07-21,82.09,82.92,81.02,81.03,572437
2036-07-22,80.96,81.38,80.53,80.54,404986
2036-07-23,79.76,80.90,78.61,80.57,208649
2036-07-24,80.92,81.61,80.80,81.54,208156
2036-07-25,82.09,83.13,81.57,81.90,773825
2036-07-28,81.68,82.26,81.65,82.26,165706
2036-07-29,81.78,82.35,80.80,81.35,750926
2036-07-30,82.03,82.14,81.74,82.00,374215
2036-07-31,81.29,81.72,81.28,81.41,830123
2036-08-01,80.80,81.05,80.63,80.76,266170
2036-08-04,81.16,82.03,80.48,81.68,500036
2036-08-05,81.42,82.29,80.28,80.76,886358
2036-08-06,80.63,81.27,79.62,81.18,830095
2036-08-07,80.56,80.70,79.85,80.17,387745
2036-08-08,80.59,81.58,80.37,81.00,112873
2036-08-11,80.38,81.16,79.37,80.23,186165
2036-08-12,80.88,81.38,80.28,81.16,752277
2036-08-13,81.42,81.97,80.83,81.79,376585
2036-08-14,81.31,81.41,80.74,81.29,492842
2036-08-15,81.78,81.96,80.83,81.00,617166
2036-08-18,80.29,81.11,79.16,80.27,741833
2036-08-19,79.72,80.81,78.63,79.25,329608
2036-08-20,79.66,80.52,78.48,79.24,427628
2036-08-21,78.86,80.03,78.47,79.57,138137
2036-08-22,79.66,79.74,79.47,79.54,668277
2036-08-25,80.03,80.97,79.56,80.67,574859
2036-08-26,81.47,82.36,80.86,81.86,713682
2036-08-27,82.04,82.58,81.87,82.17,306410
2036-08-28,82.75,83.33,81.53,81.97,768010
2036-08-29,81.49,82.68,81.15,82.02,477580
2036-09-01,82.33,82.83,81.56,81.78,673037
2036-09-02,81.64,81.71,81.26,81.60,269527
2036-09-03,81.78,82.72,81.52,82.13,394741
2036-09-04,82.59,82.91,82.37,82.54,389532
2036-09-05,82.90,83.66,82.30,82.48,386163
2036-09-08,82.97,83.09,82.33,82.74,431469
2036-09-09,83.11,83.21,82.15,82.61,431247
2036-09-10,82.41,82.71,82.09,82.58,921108
2036-09-11,83.18,84.26,82.48,83.35,401052
2036-09-12,83.49,83.60,83.26,83.53,947872
2036-09-15,82.78,83.10,82.25,83.01,704865
2036-09-16,83.82,85.08,82.80,83.26,990541
2036-09-17,82.71,83.21,82.36,83.09,743667
2036-09-18,83.23,83.76,82.05,82.29,370269
2036-09-19,81.87,82.99,81.77,82.85,454816
2036-09-22,82.23,82.85,81.18,81.79,874568
2036-09-23,81.70,81.72,81.40,81.56,753174
2036-09-24,80.87,81.68,80.21,80.88,671644
2036-09-25,80.43,80.70,79.35,80.01,831490
2036-09-26,80.41,80.60,79.79,80.50,466008
2036-09-29,80.96,81.95,79.93,81.50,229485
2036-09-30,81.82,82.32,80.74,80.81,562070
2036-10-01,81.17,82.00,80.17,80.88,798110
2036-10-02,80.51,81.66,79.93,81.53,527148
2036-10-03,82.16,82.40,81.56,82.39,824057
2036-10-06,81.86,83.04,80.93,82.90,531769
2036-10-07,82.20,82.39,81.50,81.74,944069
2036-10-08,81.33,81.36,80.88,81.22,796910
2036-10-09,81.82,82.47,80.83,81.66,176452
2036-10-10,80.96,81.79,79.92,81.07,375022
2036-10-13,81.17,81.71,80.10,80.33,890668
2036-10-14,80.29,80.64,79.45,79.78,477067
2036-10-15,79.63,80.53,79.14,79.98,897344
2036-10-16,80.62,80.64,80.20,80.59,369195
2036-10-17,80.13,81.25,79.30,80.17,961068
2036-10-20,79.74,80.75,78.63,80.66,976762
2036-10-21,80.74,81.89,80.31,80.74,878942
2036-10-22,81.50,82.54,81.22,81.86,665461
2036-10-23,81.76,82.78,81.05,82.41,288019
2036-10-24,82.65,82.83,82.17,82.72,880826
2036-10-27,82.38,83.27,81.82,81.91,240133
2036-10-28,82.37,83.55,81.51,82.53,814736
2036-10-29,82.63,83.16,81.74,82.16,215757
2036-10-30,82.07,82.39,81.95,82.34,113954
2036-10-31,83.14,83.79,82.49,82.99,917302
2036-11-03,83.47,83.59,82.92,83.45,274550
2036-11-04,83.51,84.60,83.17,84.18,277459
2036-11-05,83.37,84.26,83.17,83.20,934652
2036-11-06,82.88,82.89,82.45,82.82,496889
2036-11-07,82.32,82.46,81.29,81.98,520611
2036-11-10,82.31,83.02,81.71,82.32,762273
2036-11-11,82.72,83.21,81.68,83.03,210067
2036-11-12,82.72,83.49,81.62,82.76,199877
2036-11-13,82.63,82.79,82.44,82.49,667717
2036-11-14,82.94,83.28,81.79,82.51,393733
2036-11-17,82.37,82.85,81.54,82.67,127821
2036-11-18,82.61,82.92,82.36,82.61,391886
2036-11-19,81.96,82.54,81.39,81.93,725387
2036-11-20,82.15,82.41,81.82,82.30,788033
2036-11-21,81.59,82.40,80.93,82.03,176396
2036-11-24,81.59,82.80,80.83,82.07,508943
2036-11-25,82.32,82.86,81.64,82.05,859191
2036-11-26,82.27,83.03,81.78,82.19,159262
2036-11-27,81.74,82.33,81.66,81.97,964495
2036-11-28,82.46,83.16,82.31,82.85,934056
2036-12-01,82.50,83.40,82.11,82.40,628405
2036-12-02,81.66,82.16,80.76,81.46,507652
2036-12-03,80.71,81.43,80.20,80.88,655389
2036-12-04,81.22,82.21,80.44,80.97,417909
2036-12-05,80.41,80.68,80.29,80.51,656952
2036-12-08,80.07,80.62,79.25,80.31,561421
2036-12-09,80.23,81.15,79.76,80.33,861941
2036-12-10,80.60,80.71,79.78,80.07,756813
2036-12-11,79.71,80.77,78.57,79.60,596210
2036-12-12,78.98,79.75,77.92,79.40,262307
2036-12-15,79.22,80.13,78.57,78.58,679330
2036-12-16,78.16,78.30,77.03,77.65,574644
2036-12-17,77.09,78.09,76.68,76.74,100312
2036-12-18,76.58,77.03,75.78,76.17,969237
2036-12-19,75.78,76.03,75.53,75.69,805041
2036-12-22,75.45,75.63,74.82,75.10,965170
2036-12-23,74.53,75.08,74.40,74.43,283421
2036-12-24,74.64,75.26,74.01,74.91,500584
2036-12-25,75.47,75.60,74.47,75.00,832934
2036-12-26,74.59,75.11,74.03,74.71,317352
2036-12-29,75.11,75.84,74.69,74.74,662170
2036-12-30,75.37,75.89,74.89,75.26,843753
2036-12-31,75.12,76.23,74.42,76.13,638052
2037-01-01,75.62,76.60,74.59,76.28,616976
2037-01-02,75.80,76.43,74.92,75.38,703200
2037-01-05,74.78,75.00,73.92,74.98,402199
2037-01-06,75.31,75.67,75.07,75.65,579392
2037-01-07,76.09,76.69,76.03,76.42,834708
2037-01-08,77.02,77.12,76.32,76.98,400362
2037-01-09,77.18,78.26,76.91,77.24,810688
2037-01-12,76.54,76.57,75.86,75.99,497196
2037-01-13,76.52,77.12,76.27,76.64,223054
2037-01-14,77.06,77.44,75.94,76.96,577375
2037-01-15,77.69,78.45,77.30,77.77,972548
2037-01-16,77.94,78.36,76.80,77.30,959720
2037-01-19,77.56,77.97,76.50,76.58,781591
2037-01-20,76.45,77.10,75.93,76.62,869813
2037-01-21,76.17,77.01,75.11,75.14,864279
2037-01-22,75.36,76.15,74.48,74.70,779050
2037-01-23,74.12,74.30,73.72,74.21,117388
2037-01-26,73.74,74.65,73.71,74.06,628642
2037-01-27,73.55,74.36,73.50,73.58,276630
2037-01-28,74.24,75.22,73.24,74.34,687514
2037-01-29,74.28,74.47,74.17,74.43,773844
2037-01-30,75.15,75.18,74.71,74.77,559553
2037-02-02,75.42,75.73,75.33,75.62,765229
2037-02-03,75.04,75.20,74.66,75.16,534122
2037-02-04,75.07,75.29,74.94,75.17,643392
2037-02-05,74.85,75.53,74.64,75.19,280629
2037-02-06,75.47,76.50,75.14,76.47,270090
2037-02-09,76.93,77.39,76.50,76.74,767336
2037-02-10,76.79,77.85,76.19,77.59,152557
2037-02-11,77.35,77.98,76.42,77.58,883342
2037-02-12,77.08,77.24,76.24,76.24,641512
2037-02-13,75.98,76.86,75.29,76.84,662869
2037-02-16,77.44,78.43,76.71,77.40,445540
2037-02-17,77.39,78.15,76.71,76.82,103827
2037-02-18,76.31,76.44,75.22,76.27,787008
2037-02-19,76.12,76.25,75.73,76.18,578133
2037-02-20,76.92,77.60,76.63,77.04,672361
2037-02-23,77.74,78.78,77.58,78.47,960985
2037-02-24,78.69,79.47,77.87,78.82,753007
2037-02-25,78.47,79.38,77.95,78.66,838570
2037-02-26,79.26,79.77,78.29,79.13,723995
2037-02-27,78.66,78.80,77.80,78.78,344718
2037-03-02,78.32,79.25,77.61,77.87,635286
2037-03-03,78.47,79.18,77.38,78.84,257851
2037-03-04,78.55,79.37,78.23,79.34,751320
2037-03-05,79.96,80.05,79.03,79.21,730767
2037-03-06,79.84,80.79,79.10,80.35,468079
2037-03-09,80.24,81.21,79.33,80.89,737425
2037-03-10,80.44,81.56,79.68,80.32,119363
2037-03-11,80.41,81.23,79.81,80.50,925282
2037-03-12,79.98,80.50,79.11,80.04,256679
2037-03-13,80.17,81.36,80.00,81.27,982353
2037-03-16,81.61,81.97,81.56,81.84,356873
2037-03-17,81.13,81.46,79.94,81.15,658815
2037-03-18,80.86,81.93,80.63,81.82,858811
2037-03-19,82.03,82.70,81.05,81.20,367035
2037-03-20,81.77,82.16,81.34,81.40,900816
2037-03-23,81.22,81.95,80.81,81.52,581183
2037-03-24,81.69,82.57,80.63,82.35,537260
2037-03-25,83.15,84.33,82.45,83.40,656362
2037-03-26,83.51,83.81,83.07,83.38,314013
2037-03-27,82.96,83.23,82.90,82.93,287088
2037-03-30,82.40,82.79,82.21,82.33,651966
2037-03-31,82.29,82.52,82.20,82.22,738113
2037-04-01,82.31,83.18,81.57,82.00,680824
2037-04-02,81.22,82.09,80.59,81.19,957694
2037-04-03,81.47,82.67,81.20,82.22,481889
2037-04-06,82.80,83.59,81.75,82.87,486373
2037-04-07,83.22,83.55,82.54,82.63,278586
2037-04-08,82.16,82.35,81.57,82.29,937382
2037-04-09,83.04,83.89,82.70,82.75,270818
2037-04-10,83.19,83.38,83.08,83.22,720410
2037-04-13,82.65,83.08,81.84,82.97,516590
2037-04-14,83.09,84.03,82.10,82.45,213279
2037-04-15,82.83,82.87,82.83,82.85,915900
2037-04-16,82.09,83.14,81.78,83.06,633520
2037-04-17,82.44,82.72,82.34,82.61,276511
2037-04-20,82.42,83.48,82.03,83.04,895057
2037-04-21,83.35,83.60,83.18,83.51,739928
2037-04-22,83.81,84.67,83.22,83.56,683194
2037-04-23,84.33,84.62,84.01,84.08,869207
2037-04-24,83.45,83.57,82.51,82.60,959480
2037-04-27,82.77,83.45,81.75,82.60,272540
2037-04-28,82.27,83.05,81.06,81.17,107500
2037-04-29,81.63,82.20,81.15,81.15,432046
2037-04-30,81.82,82.85,81.60,81.87,257797
2037-05-01,81.45,82.31,80.91,81.65,222410
2037-05-04,82.36,82.51,81.35,81.96,890148
2037-05-05,81.43,81.82,80.93,81.71,532655
2037-05-06,81.76,82.21,81.46,82.20,535310
2037-05-07,81.72,82.05,81.65,82.04,284246
2037-05-08,82.55,83.75,81.39,83.63,334512
2037-05-11,83.82,84.65,82.94,83.16,325348
2037-05-12,83.95,84.69,82.88,83.73,514180
2037-05-13,83.59,84.18,83.21,83.73,268333
2037-05-14,83.98,84.59,82.85,83.90,387253
2037-05-15,83.24,83.59,82.70,82.71,398611
2037-05-18,82.35,83.49,81.74,83.40,447322
2037-05-19,83.48,83.72,82.38,83.36,229434
2037-05-20,83.75,84.54,82.49,84.33,116558
2037-05-21,85.13,85.85,85.06,85.09,244214
2037-05-22,84.74,84.88,84.59,84.67,967216
2037-05-25,85.33,86.28,84.80,84.97,582029
2037-05-26,85.12,85.54,85.05,85.45,858798
2037-05-27,85.78,86.75,85.26,86.33,705904
2037-05-28,85.77,85.77,85.43,85.64,845394
2037-05-29,86.45,87.72,86.18,87.63,975562
2037-06-01,88.23,88.63,87.78,88.20,561191
2037-06-02,89.01,89.65,88.84,89.37,332462
2037-06-03,88.99,89.82,87.89,88.26,607668
2037-06-04,88.17,88.22,86.98,87.82,604064
2037-06-05,87.10,87.13,86.23,86.94,593134
2037-06-08,87.57,87.57,86.92,87.45,100949
2037-06-09,87.95,88.99,87.90,88.98,788197
2037-06-10,89.67,90.87,89.13,89.74,612778
2037-06-11,89.64,90.82,88.61,89.65,325388
2037-06-12,89.86,90.28,88.81,89.21,298743
2037-06-15,89.49,89.78,89.11,89.46,147408
2037-06-16,89.27,90.14,88.73,89.16,696088
2037-06-17,89.88,91.23,88.96,91.17,538224
2037-06-18,92.04,93.11,91.04,92.97,612829
2037-06-19,92.56,93.36,92.20,92.53,449409
2037-06-22,91.95,92.13,91.93,92.05,306488
2037-06-23,92.08,93.23,91.19,92.36,477560
2037-06-24,92.22,93.25,91.83,92.13,843395
2037-06-25,91.40,92.58,90.90,91.51,712476
2037-06-26,91.88,93.09,90.74,92.56,797159
2037-06-29,91.70,93.06,90.34,92.25,687600
2037-06-30,93.02,93.15,91.96,93.03,995601
2037-07-01,92.13,92.55,91.48,92.33,105006
2037-07-02,91.44,92.28,90.61,91.09,536446
2037-07-03,90.76,91.34,89.48,89.62,957559
2037-07-06,88.84,88.95,88.40,88.53,502032
2037-07-07,88.11,88.30,87.92,88.19,679851
2037-07-08,88.78,88.96,87.93,88.46,438760
2037-07-09,88.39,89.31,88.04,88.49,881082
2037-07-10,88.04,88.29,87.45,87.84,787038
2037-07-13,87.33,88.33,87.00,87.59,443529
2037-07-14,87.30,87.57,87.09,87.53,960848
2037-07-15,87.45,88.16,86.27,86.64,149836
2037-07-16,86.16,87.23,85.17,86.55,859778
2037-07-17,86.51,87.22,85.83,86.47,713270
2037-07-20,86.88,88.08,85.89,87.29,951073
2037-07-21,87.66,88.00,87.52,87.98,490171
2037-07-22,88.03,89.15,87.94,88.56,620484
2037-07-23,89.20,90.10,87.90,87.95,577695
2037-07-24,88.16,88.27,87.68,87.69,889069
2037-07-27,88.54,89.13,87.95,88.47,261381
2037-07-28,88.20,88.47,87.87,88.22,214711
2037-07-29,87.74,88.95,87.27,87.32,292321
2037-07-30,87.08,88.09,86.71,87.33,402486
2037-07-31,87.33,87.75,87.03,87.20,685909
2037-08-03,87.28,87.94,86.95,87.71,790880
2037-08-04,86.84,87.89,86.20,87.53,341119
2037-08-05,87.92,88.84,87.01,87.26,963127
2037-08-06,87.36,88.12,87.35,87.55,263290
2037-08-07,88.39,89.08,87.34,88.08,389845
2037-08-10,87.56,88.54,87.22,88.48,185799
2037-08-11,87.87,89.17,87.43,88.06,536910
2037-08-12,88.39,89.68,87.88,88.65,903887
2037-08-13,89.03,89.22,87.98,88.34,120456
2037-08-14,89.07,89.41,88.72,88.98,266150
2037-08-17,88.93,90.19,87.71,89.93,530270
2037-08-18,90.26,90.69,89.29,90.32,585621
2037-08-19,91.16,92.53,89.83,92.36,570477
2037-08-20,91.79,92.09,91.42,91.79,282757
2037-08-21,91.55,91.66,90.59,90.88,416560
2037-08-24,90.03,90.94,89.72,90.51,315677
2037-08-25,90.82,90.84,89.98,90.06,917936
2037-08-26,90.13,91.00,89.17,89.60,127901
2037-08-27,90.42,91.74,90.00,91.68,361063
2037-08-28,91.77,92.22,91.26,91.61,989738
2037-08-31,91.03,91.38,89.67,89.93,524942
2037-09-01,89.18,90.26,87.91,89.33,221249
2037-09-02,89.27,90.25,88.36,89.26,297069
2037-09-03,88.45,89.10,88.02,88.17,431991
2037-09-04,88.10,88.72,87.65,88.69,628883
2037-09-07,88.94,90.02,87.91,88.10,557004
2037-09-08,87.96,89.24,87.24,87.72,641186
2037-09-09,87.93,88.91,87.54,88.49,468631
2037-09-10,88.88,89.24,88.15,88.89,273064
2037-09-11,89.40,90.65,88.78,89.39,985051
2037-09-14,89.01,89.90,87.80,89.06,821375
2037-09-15,88.25,88.90,87.55,87.78,958006
2037-09-16,87.17,88.11,86.71,87.69,619387
2037-09-17,88.00,88.82,86.87,88.00,502155
2037-09-18,87.29,88.31,87.00,87.56,259757
2037-09-21,86.92,87.59,86.68,87.13,606991
2037-09-22,86.46,87.41,85.97,86.63,489356
2037-09-23,87.17,87.24,85.90,86.13,707608
2037-09-24,85.40,85.56,84.87,85.53,540834
2037-09-25,85.76,87.02,84.75,86.39,272864
2037-09-28,85.74,86.21,85.05,86.04,320469
2037-09-29,86.22,86.57,85.36,86.54,781642
2037-09-30,87.17,87.53,86.03,86.63,976582
2037-10-01,86.59,87.76,85.33,85.49,999536
2037-10-02,85.27,85.45,84.80,85.23,436252
2037-10-05,84.77,85.88,84.74,85.74,488852
2037-10-06,86.42,86.88,85.88,86.86,971605
2037-10-07,86.71,87.18,86.16,86.85,781716
2037-10-08,86.18,86.72,85.43,85.83,125773
2037-10-09,85.42,86.44,84.84,85.33,808811
2037-10-12,85.68,86.71,85.40,86.62,451742
2037-10-13,87.11,87.98,86.98,87.24,308055
2037-10-14,87.38,88.29,86.95,88.25,550567
2037-10-15,87.54,88.21,87.20,88.05,821568
2037-10-16,87.27,88.35,86.64,87.90,562490
2037-10-19,87.36,87.87,86.58,87.31,578683
2037-10-20,86.83,87.55,86.51,87.46,282768
2037-10-21,88.11,88.38,87.72,87.83,327788
2037-10-22,87.82,88.56,87.60,88.13,101754
2037-10-23,88.73,89.90,87.42,89.34,418540
2037-10-26,89.10,89.53,88.91,89.24,118168
2037-10-27,90.12,91.15,89.76,89.87,797456
2037-10-28,89.02,90.13,87.97,88.64,979486
2037-10-29,88.96,90.23,88.41,89.05,576936
2037-10-30,89.40,89.59,88.87,89.11,781427
2037-11-02,89.51,89.56,88.21,89.01,137112
2037-11-03,88.50,89.42,87.68,88.19,786590
2037-11-04,88.78,89.02,87.79,88.35,102193
2037-11-05,87.88,88.41,87.72,88.26,110911
2037-11-06,88.79,89.29,88.57,89.28,607761
2037-11-09,88.89,89.87,87.65,87.67,403116
2037-11-10,87.87,88.89,87.77,88.40,538159
2037-11-11,88.47,89.67,87.79,88.76,776608
2037-11-12,89.02,90.32,88.85,90.23,763082
2037-11-13,90.75,90.86,90.24,90.43,235858
2037-11-16,89.77,89.77,88.91,89.31,131323
2037-11-17,89.65,90.92,88.89,88.91,457051
2037-11-18,88.29,89.53,87.74,89.33,131080
2037-11-19,89.55,89.88,88.92,89.81,133687
2037-11-20,90.01,91.24,88.84,90.01,759100
2037-11-23,90.29,91.35,90.16,90.55,866025
2037-11-24,90.95,91.90,90.76,91.20,507776
2037-11-25,90.70,91.40,89.54,90.47,754037
2037-11-26,91.12,91.84,90.81,90.97,545516
2037-11-27,90.73,91.30,89.78,90.61,284113
2037-11-30,89.86,90.94,88.64,90.43,728405
2037-12-01,89.78,90.81,89.45,90.41,635742
2037-12-02,90.85,91.49,90.76,90.79,336210
2037-12-03,90.53,90.80,90.30,90.43,372449
2037-12-04,91.30,91.89,91.06,91.12,508745
2037-12-07,90.91,90.98,90.68,90.70,151188
2037-12-08,91.05,92.39,90.37,91.83,669678
2037-12-09,91.85,92.63,90.60,92.28,304161
2037-12-10,91.65,92.48,91.25,92.28,317335
2037-12-11,92.98,93.48,92.62,93.09,105872
2037-12-14,93.88,95.18,92.49,92.50,236941
2037-12-15,92.37,93.24,91.45,92.63,646649
2037-12-16,92.96,94.18,91.67,92.62,706555
2037-12-17,92.19,92.90,91.60,92.02,315022
2037-12-18,91.58,92.58,91.26,91.53,726927
2037-12-21,91.08,91.39,90.25,90.39,197214
2037-12-22,89.81,90.65,89.11,90.18,952548
2037-12-23,90.21,90.55,90.05,90.48,418409
2037-12-24,90.86,92.08,90.84,91.55,585743
2037-12-25,91.00,91.94,89.67,90.17,726222
2037-12-28,90.43,91.36,89.85,90.75,546181
2037-12-29,90.81,91.90,90.69,90.75,813854
2037-12-30,90.17,90.46,89.39,89.98,900241
2037-12-31,90.39,90.95,90.13,90.46,422549
2038-01-01,91.24,91.30,90.42,90.69,825598
2038-01-04,91.02,91.85,90.32,91.14,506281
2038-01-05,91.20,92.28,90.47,90.58,909855
2038-01-06,89.94,90.07,88.88,89.80,910899
2038-01-07,89.27,89.81,88.39,89.26,762582
2038-01-08,89.05,89.19,87.78,88.02,200461
2038-01-11,88.28,88.67,87.42,87.92,558279
2038-01-12,88.34,89.34,87.62,89.11,236424
2038-01-13,88.75,89.15,88.19,88.28,788483
2038-01-14,88.76,89.34,88.14,89.33,348002
2038-01-15,89.31,89.45,89.23,89.29,887940
2038-01-18,89.18,89.56,88.60,88.72,624250
2038-01-19,88.28,88.44,88.03,88.12,329877
2038-01-20,87.84,88.37,86.74,86.81,422753
2038-01-21,86.29,87.40,85.71,85.81,177755
2038-01-22,85.81,86.98,84.76,85.38,683891
2038-01-25,84.89,85.78,84.61,85.45,891598
2038-01-26,85.54,86.18,85.41,85.42,476661
2038-01-27,85.24,85.46,84.73,85.01,644316
2038-01-28,85.65,86.49,84.46,85.86,454790
2038-01-29,85.36,86.08,84.18,84.25,552540
2038-02-01,84.98,86.14,84.80,85.19,612884
2038-02-02,84.57,85.25,84.00,84.94,536836
2038-02-03,84.69,85.88,83.43,84.58,948891
2038-02-04,83.78,83.82,82.74,83.14,391143
2038-02-05,83.11,83.76,83.02,83.45,140211
2038-02-08,83.07,83.80,82.28,83.35,793451
2038-02-09,83.22,83.68,82.95,83.56,661212
2038-02-10,83.17,83.83,82.22,83.26,964567
2038-02-11,83.43,84.15,83.02,83.17,457719
2038-02-12,83.29,84.42,82.87,83.04,104089
2038-02-15,82.31,82.61,82.18,82.46,107649
2038-02-16,82.76,83.47,82.06,82.57,819411
2038-02-17,81.96,82.03,81.20,81.42,443352
2038-02-18,81.64,81.79,80.87,81.16,757530
2038-02-19,80.80,80.93,79.77,79.93,562907
2038-02-22,80.48,80.82,79.96,80.13,952236
2038-02-23,80.24,80.65,79.25,79.62,975999
2038-02-24,79.13,79.42,78.34,79.36,856435
2038-02-25,79.66,79.76,79.38,79.44,149718
2038-02-26,78.92,79.03,78.22,78.97,381209
2038-03-01,79.29,79.31,78.14,78.26,560591
2038-03-02,77.71,78.20,77.68,78.02,824329
2038-03-03,77.44,77.50,77.39,77.44,488592
2038-03-04,78.04,78.61,77.65,77.98,569139
2038-03-05,78.13,79.10,77.95,78.95,928749
2038-03-08,78.25,79.04,77.40,78.17,102840
2038-03-09,78.07,79.00,77.35,77.46,354268
2038-03-10,77.77,78.77,76.83,78.71,986338
2038-03-11,78.87,79.13,78.60,78.80,158587
2038-03-12,79.39,79.80,78.92,79.02,967120
2038-03-15,79.74,79.87,78.63,79.64,792461
2038-03-16,79.75,80.70,79.68,79.74,832128
2038-03-17,79.17,79.51,78.76,79.41,175063
2038-03-18,79.59,80.39,79.23,79.98,825860
2038-03-19,80.53,81.46,79.40,79.62,982456
2038-03-22,79.26,79.75,78.28,78.73,422887
2038-03-23,79.06,79.50,78.68,78.75,673032
2038-03-24,79.39,79.59,78.81,79.32,482489
2038-03-25,79.54,79.74,79.03,79.50,615188
2038-03-26,79.14,79.85,78.69,79.56,998168
2038-03-29,79.16,80.33,79.02,79.86,331463
2038-03-30,80.38,80.65,79.30,80.63,186884
2038-03-31,80.09,80.64,80.02,80.63,257358
2038-04-01,80.89,82.04,80.60,80.66,374951
2038-04-02,80.30,80.71,79.25,79.43,893762
2038-04-05,80.18,80.27,79.80,79.92,608452
2038-04-06,79.19,79.36,78.73,78.95,433438
2038-04-07,79.65,79.95,79.19,79.89,914097
2038-04-08,80.20,80.45,79.78,79.87,197740
2038-04-09,80.15,80.71,79.24,79.70,397661
2038-04-12,78.97,79.32,78.47,79.01,841848
2038-04-13,79.08,79.92,79.00,79.11,972547
2038-04-14,79.73,80.78,79.52,80.76,821100
2038-04-15,80.80,81.63,80.16,80.53,129765
2038-04-16,81.09,82.02,80.58,81.07,685055
2038-04-19,80.49,81.34,80.48,81.20,646168
2038-04-20,81.40,81.75,80.87,81.25,630963
2038-04-21,82.03,83.02,81.78,82.19,904839
2038-04-22,82.96,84.06,82.32,83.16,593984
2038-04-23,82.89,83.84,82.50,83.83,283336
2038-04-26,83.35,84.04,82.57,83.08,897076
2038-04-27,82.87,83.37,82.50,83.23,318900
2038-04-28,82.66,83.42,81.70,83.02,795664
2038-04-29,82.48,83.51,82.46,83.17,375176
2038-04-30,83.55,84.76,83.02,83.42,796308
2038-05-03,83.80,85.00,83.26,84.36,893397
2038-05-04,83.62,84.42,83.06,83.34,901230
2038-05-05,84.03,84.19,83.61,83.92,354153
2038-05-06,84.00,84.99,83.58,83.78,368047
2038-05-07,83.14,83.28,82.91,83.23,386514
2038-05-10,83.14,83.86,82.70,83.73,375359
2038-05-11,83.23,84.11,82.65,83.34,896927
2038-05-12,83.02,83.51,82.69,83.15,181453
2038-05-13,83.24,84.17,82.13,83.80,973393
2038-05-14,83.71,84.33,83.05,83.84,917347
2038-05-17,84.25,84.57,83.28,83.55,930691
2038-05-18,82.81,83.81,81.93,81.99,686347
2038-05-19,81.51,82.30,81.09,81.24,894219
2038-05-20,81.45,82.48,81.23,82.36,547241
2038-05-21,82.81,83.33,81.69,82.66,261808
2038-05-24,82.63,83.32,81.57,83.06,279439
2038-05-25,83.87,84.03,83.58,83.80,398534
2038-05-26,83.70,83.80,82.98,83.67,722301
2038-05-27,84.44,84.80,83.96,84.56,896920
2038-05-28,85.07,86.23,84.76,85.41,294456
2038-05-31,86.07,87.06,85.77,86.52,784970
2038-06-01,85.78,86.72,85.38,86.01,483816
2038-06-02,86.00,86.84,85.42,85.59,798364
2038-06-03,85.87,86.56,84.71,85.89,904284
2038-06-04,85.51,86.57,85.37,85.42,646642
2038-06-07,85.58,86.16,85.41,85.75,859504
2038-06-08,85.07,85.50,83.81,85.02,289050
2038-06-09,84.58,84.72,83.76,84.08,889125
2038-06-10,84.07,85.14,83.00,83.84,429987
2038-06-11,83.78,84.69,83.38,84.68,459120
2038-06-14,84.11,85.16,83.89,84.04,857684
2038-06-15,84.11,85.02,82.93,83.79,861782
2038-06-16,83.14,83.48,82.65,83.27,332232
2038-06-17,82.78,83.47,82.27,83.19,379436
2038-06-18,83.12,83.87,82.31,83.62,639857
2038-06-21,83.71,84.05,83.23,83.80,401463
2038-06-22,83.33,84.05,82.44,83.49,970246
2038-06-23,82.91,83.51,82.46,82.53,973600
2038-06-24,82.59,83.19,81.64,81.70,979133
2038-06-25,82.06,83.07,81.75,81.89,570640
2038-06-28,81.60,81.84,80.73,81.00,171210
2038-06-29,81.72,82.76,80.78,82.62,860874
2038-06-30,83.30,83.67,82.81,83.56,515957
2038-07-01,83.38,84.34,82.75,83.17,464387
2038-07-02,83.79,84.19,82.73,83.48,144441
2038-07-05,83.15,83.53,82.46,83.37,703069
2038-07-06,83.35,83.93,83.04,83.27,608626
2038-07-07,82.46,82.48,81.30,81.95,491862
2038-07-08,82.44,83.28,81.38,81.88,883466
2038-07-09,81.41,82.37,81.25,81.55,919324
2038-07-12,81.16,82.10,80.12,81.72,185043
2038-07-13,81.05,81.20,80.05,80.11,513187
2038-07-14,80.69,81.12,80.60,80.81,667474
2038-07-15,80.45,81.41,79.39,80.79,755722
2038-07-16,80.37,81.05,79.51,80.56,374660
2038-07-19,81.32,82.51,81.30,81.34,791665
2038-07-20,81.07,81.78,80.11,80.44,732199
2038-07-21,81.15,81.64,80.22,81.06,829752
2038-07-22,80.53,80.76,79.35,79.49,620156
2038-07-23,79.86,80.56,79.82,80.41,408851
2038-07-26,79.74,79.82,79.00,79.63,154122
2038-07-27,80.18,80.54,79.55,79.91,968438
2038-07-28,80.41,80.50,79.38,79.74,752231
2038-07-29,79.66,80.08,79.57,79.61,991840
2038-07-30,80.15,81.09,79.14,79.17,639083
2038-08-02,78.54,79.38,77.99,78.42,334432
2038-08-03,78.33,79.36,77.51,79.24,921166
2038-08-04,78.54,79.28,77.67,78.20,575938
2038-08-05,78.85,79.54,78.47,78.52,248256
2038-08-06,78.10,79.05,77.33,77.72,980926
2038-08-09,77.40,78.13,76.88,77.23,541211
2038-08-10,77.73,78.51,77.67,77.70,762628
2038-08-11,77.05,77.66,76.06,77.41,574429
2038-08-12,77.03,77.90,76.86,77.21,776702
2038-08-13,76.75,76.83,76.52,76.63,220327
2038-08-16,76.57,77.20,75.53,76.03,418988
2038-08-17,76.75,76.85,76.39,76.75,584693
2038-08-18,77.24,77.80,76.38,76.85,322606
2038-08-19,76.31,77.17,75.88,76.43,544992
2038-08-20,76.27,76.71,75.61,76.19,871892
2038-08-23,76.71,76.89,75.76,76.71,356651
2038-08-24,77.22,78.25,77.03,77.96,245525
2038-08-25,78.51,78.80,77.53,78.46,963436
2038-08-26,78.39,78.90,77.98,78.01,559536
2038-08-27,77.46,78.28,76.66,77.98,445144
2038-08-30,77.95,78.22,77.43,77.53,453871
2038-08-31,76.96,77.46,76.33,77.40,209586
2038-09-01,77.04,77.11,77.02,77.05,998316
2038-09-02,77.14,77.78,76.68,76.80,152741
2038-09-03,76.72,77.12,76.62,77.05,541669
2038-09-06,76.54,77.24,75.74,76.50,310382
2038-09-07,76.98,77.04,76.68,76.71,984726
2038-09-08,76.45,76.56,75.58,76.27,127648
2038-09-09,77.01,77.89,76.88,77.02,403196
2038-09-10,77.75,78.23,76.87,78.22,281685
2038-09-13,78.84,79.44,77.74,77.87,988139
2038-09-14,78.26,79.19,77.22,78.72,724709
2038-09-15,78.68,78.91,77.94,78.82,514873
2038-09-16,79.45,80.44,78.97,79.58,927734
2038-09-17,79.23,80.26,78.76,79.54,285890
2038-09-20,80.13,81.21,79.32,81.14,592638
2038-09-21,81.91,82.92,81.21,81.51,139557
2038-09-22,81.72,81.85,81.46,81.81,284289
2038-09-23,81.08,82.26,80.62,82.22,819958
2038-09-24,82.36,82.38,82.24,82.25,896260
2038-09-27,82.09,82.93,81.25,82.77,596187
2038-09-28,82.21,83.00,81.01,82.68,419525
2038-09-29,81.87,83.00,81.45,81.50,749497
2038-09-30,81.51,81.73,80.42,81.14,303348
2038-10-01,81.00,81.57,80.50,81.08,484244
2038-10-04,81.77,82.81,81.03,81.11,278611
2038-10-05,80.37,81.31,79.26,80.98,552559
2038-10-06,81.17,81.41,80.77,80.94,696203
2038-10-07,81.19,82.08,80.95,81.78,347747
2038-10-08,81.59,81.90,80.39,80.45,858304
2038-10-11,80.64,81.64,79.50,81.35,569685
2038-10-12,81.58,82.44,80.89,81.74,721532
2038-10-13,81.52,82.54,81.45,82.39,856329
2038-10-14,81.91,82.38,80.99,82.15,455748
2038-10-15,81.84,81.93,81.07,81.59,283541
2038-10-18,81.24,82.02,80.06,80.32,210005
2038-10-19,79.97,81.11,79.68,80.35,351056
2038-10-20,80.27,81.11,79.35,79.36,509269
2038-10-21,78.83,78.85,77.67,78.68,523291
2038-10-22,78.62,79.22,78.54,78.67,137296
2038-10-25,79.21,79.56,78.39,78.74,322585
2038-10-26,78.47,78.54,78.19,78.37,660529
2038-10-27,79.05,80.15,78.33,78.53,727925
2038-10-28,79.19,80.34,78.42,78.79,175632
2038-10-29,79.48,80.49,78.49,78.67,634371
2038-11-01,79.42,80.32,78.32,78.42,973972
2038-11-02,78.40,79.04,77.86,78.93,272987
2038-11-03,79.45,79.79,78.61,78.70,357158
2038-11-04,78.38,79.01,78.14,78.37,647613
2038-11-05,78.44,79.57,77.64,78.82,469427
2038-11-08,79.48,80.51,79.12,80.40,691967
2038-11-09,80.66,81.52,80.27,81.40,625321
2038-11-10,81.75,82.10,81.51,81.72,762019
2038-11-11,81.64,82.02,80.50,81.80,841439
2038-11-12,81.86,82.05,80.77,80.99,246714
2038-11-15,81.70,82.25,81.05,82.07,592774
2038-11-16,81.64,82.39,81.52,82.35,365403
2038-11-17,81.83,82.83,81.33,82.71,275118
2038-11-18,82.75,82.94,81.74,81.77,294240
2038-11-19,81.40,81.59,80.84,81.59,810779
2038-11-22,81.25,81.95,80.60,80.76,280766
2038-11-23,80.41,81.19,80.23,80.55,259232
2038-11-24,80.32,80.68,80.18,80.39,852545
2038-11-25,79.88,80.94,79.56,80.17,196685
2038-11-26,80.23,81.37,79.17,79.41,684702
2038-11-29,79.94,80.43,79.12,79.87,225443
2038-11-30,79.27,80.13,79.15,79.46,248719
2038-12-01,79.56,80.00,78.46,79.65,754274
2038-12-02,80.22,80.40,79.83,80.15,478924
2038-12-03,79.96,80.69,79.53,80.08,466238
2038-12-06,79.41,79.43,78.71,78.79,172804
2038-12-07,78.98,79.56,78.39,79.39,553611
2038-12-08,79.59,80.00,79.09,79.11,408868
2038-12-09,78.55,78.65,78.07,78.50,215036
2038-12-10,77.86,78.68,77.29,77.84,779941
2038-12-13,78.58,79.48,77.57,77.70,810080
2038-12-14,77.22,77.65,76.58,77.09,146139
2038-12-15,76.83,77.98,76.78,77.60,554626
2038-12-16,77.24,78.25,76.88,77.31,522647
2038-12-17,77.04,78.13,76.89,77.05,840409
2038-12-20,77.58,78.16,77.07,77.49,430051
2038-12-21,77.68,77.77,77.24,77.43,176149
2038-12-22,77.30,77.52,77.07,77.19,590460
2038-12-23,77.24,78.10,76.29,77.38,621638
2038-12-24,76.77,77.68,76.21,76.52,189034
2038-12-27,76.24,77.13,75.38,76.59,210298
2038-12-28,76.77,77.79,76.55,77.30,802909
2038-12-29,76.83,77.95,76.67,77.27,447463
2038-12-30,78.03,79.07,77.21,78.29,377842
2038-12-31,78.74,79.16,78.43,78.75,218558
2039-01-03,78.22,78.41,77.27,77.27,501583
2039-01-04,77.84,78.60,77.67,78.43,446638
2039-01-05,78.30,78.86,77.25,77.72,483889
2039-01-06,77.66,78.76,77.01,77.84,542834
2039-01-07,78.16,78.51,77.83,78.47,497848
2039-01-10,77.92,78.71,77.69,78.66,552923
2039-01-11,78.86,79.83,78.12,79.54,537687
2039-01-12,79.80,80.02,79.39,79.97,925013
2039-01-13,79.76,80.70,79.73,80.37,347413
2039-01-14,80.66,81.57,80.05,80.59,981594
2039-01-17,80.06,80.53,79.12,79.40,153674
2039-01-18,79.42,79.91,79.42,79.42,139377
2039-01-19,79.99,80.50,79.03,79.96,700485
2039-01-20,80.53,81.49,79.41,80.56,400612
2039-01-21,80.09,81.28,79.75,80.55,985749
2039-01-24,79.95,80.53,79.54,79.82,476706
2039-01-25,79.08,79.97,78.43,79.81,860045
2039-01-26,80.54,80.80,80.52,80.64,892572
2039-01-27,80.12,80.70,79.23,80.40,647566
2039-01-28,80.13,80.79,79.01,80.62,837881
2039-01-31,80.04,80.61,79.14,79.45,678185
2039-02-01,79.73,80.16,78.90,79.63,475917
2039-02-02,78.98,79.98,77.98,79.77,734966
2039-02-03,79.55,80.09,79.27,79.46,204267
2039-02-04,79.67,80.03,78.61,79.00,806214
2039-02-07,79.50,79.78,78.86,79.33,434144
2039-02-08,79.44,79.98,78.85,79.27,268188
2039-02-09,79.09,79.75,78.33,78.70,486538
2039-02-10,79.15,79.69,78.78,79.66,130906
2039-02-11,79.85,80.33,79.02,80.01,374560
2039-02-14,79.57,80.73,79.18,79.70,998943
2039-02-15,79.43,79.68,78.49,78.94,541112
2039-02-16,79.15,80.03,78.10,79.04,385145
2039-02-17,79.11,80.22,78.43,78.47,253685
2039-02-18,77.94,79.05,76.79,78.02,351421
2039-02-21,77.30,78.28,76.61,78.15,578212
2039-02-22,78.10,79.12,77.13,79.04,628638
2039-02-23,78.93,79.32,78.17,78.72,243411
2039-02-24,79.04,80.03,78.45,78.65,683708
2039-02-25,78.86,79.66,78.63,79.27,453069
2039-02-28,79.56,79.65,78.90,79.33,321032
2039-03-01,78.66,79.83,77.56,77.91,690965
2039-03-02,77.24,77.91,76.29,77.53,841544
2039-03-03,76.87,77.23,76.67,76.98,359791
2039-03-04,77.54,78.15,76.59,77.22,219777
2039-03-07,77.39,78.10,76.92,77.85,650046
2039-03-08,77.59,78.21,76.91,78.02,826547
2039-03-09,77.63,77.72,77.44,77.66,937204
2039-03-10,77.01,77.89,76.40,77.05,811657
2039-03-11,76.90,77.28,76.13,76.95,439510
2039-03-14,77.39,78.03,77.01,77.01,220403
2039-03-15,77.35,77.37,76.29,77.32,591533
2039-03-16,76.87,77.64,76.58,76.88,351543
2039-03-17,76.71,76.94,76.24,76.81,825324
2039-03-18,77.07,77.69,76.55,76.84,416116
2039-03-21,76.92,77.67,75.96,77.55,245902
2039-03-22,77.41,78.17,76.71,77.92,340582
2039-03-23,77.24,77.45,76.12,77.30,926930
2039-03-24,76.65,77.14,76.55,77.08,830408
2039-03-25,76.87,77.44,76.78,77.33,895084
2039-03-28,77.07,77.66,76.11,76.29,970736
2039-03-29,75.83,76.55,75.45,75.87,254840
2039-03-30,76.23,76.90,75.21,75.90,500843
2039-03-31,75.69,76.11,75.57,75.90,830951
2039-04-01,76.10,76.84,75.61,76.80,759086
2039-04-04,77.03,78.00,75.92,76.24,386846
2039-04-05,75.91,76.24,74.98,76.16,140804
2039-04-06,76.24,76.51,75.57,75.60,417383
2039-04-07,75.86,76.63,74.77,76.63,454029
2039-04-08,77.04,77.27,76.53,77.10,462693
2039-04-11,77.81,78.48,77.19,78.29,245102
2039-04-12,77.65,78.12,77.54,77.76,390875
2039-04-13,77.08,77.40,76.36,76.89,460779
2039-04-14,77.36,78.21,76.68,77.83,162041
2039-04-15,78.09,78.48,77.14,78.47,863750
2039-04-18,78.74,79.25,78.03,78.69,718063
2039-04-19,78.57,79.58,78.07,79.29,199911
2039-04-20,79.63,79.74,78.91,79.43,329859
2039-04-21,78.92,79.73,77.82,78.02,274688
2039-04-22,78.57,79.07,77.53,77.90,222215
2039-04-25,78.01,78.40,77.00,77.28,106180
2039-04-26,77.29,78.42,76.41,77.99,674574
2039-04-27,77.40,77.43,76.87,77.12,993212
2039-04-28,77.74,78.41,77.63,78.36,755342
2039-04-29,77.70,78.71,76.60,78.08,316713
2039-05-02,77.91,78.12,77.12,77.89,681684
2039-05-03,77.13,78.01,76.15,77.84,488934
2039-05-04,78.22,78.67,78.02,78.45,876657
2039-05-05,78.46,79.37,77.54,77.65,316744
2039-05-06,76.88,77.20,75.86,77.08,449155
2039-05-09,76.96,77.87,76.43,76.88,830449
2039-05-10,77.02,77.80,76.65,76.76,224702
2039-05-11,77.39,78.21,76.49,76.78,674897
2039-05-12,77.31,78.38,76.87,77.16,371711
2039-05-13,77.08,77.59,76.41,77.22,259332
2039-05-16,77.32,78.02,76.63,77.97,351552
2039-05-17,78.35,79.33,77.21,77.37,270991
2039-05-18,77.46,78.34,77.36,78.32,911445
2039-05-19,78.43,79.59,77.50,78.64,376844
2039-05-20,78.28,79.13,77.99,78.86,826420
2039-05-23,79.49,79.91,79.17,79.29,922338
2039-05-24,80.04,81.18,78.87,80.24,631783
2039-05-25,79.62,80.11,79.01,79.59,818792
2039-05-26,79.02,79.06,78.08,78.54,284539
2039-05-27,77.99,78.02,77.58,77.90,481812
2039-05-30,78.15,78.62,77.93,78.01,689125
2039-05-31,78.77,79.52,78.53,78.63,701770
2039-06-01,78.69,78.85,78.14,78.77,308096
2039-06-02,78.06,78.22,77.87,77.94,935572
2039-06-03,77.50,78.15,77.24,78.04,728816
2039-06-06,77.32,78.34,77.09,77.58,330910
2039-06-07,76.83,77.71,76.22,76.89,392476
2039-06-08,77.38,78.40,76.58,77.90,627577
2039-06-09,77.45,78.42,76.50,78.03,655829
2039-06-10,77.74,77.84,77.70,77.81,703525
2039-06-13,77.13,77.46,76.46,76.83,161775
2039-06-14,77.27,77.52,76.48,76.89,542879
2039-06-15,77.18,77.79,76.76,76.76,802404
2039-06-16,76.06,76.79,75.51,75.79,192772
2039-06-17,76.01,76.91,75.53,75.73,761422
2039-06-20,75.14,75.67,74.28,74.38,104657
2039-06-21,73.77,74.24,73.67,74.16,584381
2039-06-22,74.45,75.18,73.48,74.68,202103
2039-06-23,74.83,75.74,74.54,74.76,396162
2039-06-24,74.93,75.98,74.43,75.37,223219
2039-06-27,76.08,77.11,75.61,75.76,658415
2039-06-28,75.49,76.22,75.19,75.79,642678
2039-06-29,75.73,76.04,75.68,75.80,565487
2039-06-30,75.90,76.90,75.07,76.09,558537
2039-07-01,75.65,76.28,75.22,75.88,583592
2039-07-04,75.49,76.05,75.24,76.02,726581
2039-07-05,75.82,76.90,75.41,76.48,543342
2039-07-06,76.18,77.06,75.79,76.39,280129
2039-07-07,76.18,76.91,75.82,76.85,328009
2039-07-08,76.81,76.87,76.33,76.64,342445
2039-07-11,76.50,76.82,76.12,76.78,397427
2039-07-12,76.04,76.20,75.00,75.46,376090
2039-07-13,75.10,75.80,74.43,74.83,454922
2039-07-14,75.06,75.58,74.64,74.93,615813
2039-07-15,74.95,75.91,73.94,74.00,306982
2039-07-18,73.55,74.01,73.12,73.82,558029
2039-07-19,74.09,75.07,74.06,74.29,704428
2039-07-20,73.68,74.62,73.23,74.45,699781
2039-07-21,74.74,74.86,73.93,74.30,274310
2039-07-22,74.25,75.00,74.18,74.46,765448
2039-07-25,74.64,75.14,74.23,74.86,308228
2039-07-26,75.34,76.33,75.29,75.63,258756
2039-07-27,75.60,76.10,75.58,75.73,399000
2039-07-28,76.46,77.29,75.87,77.01,266349
2039-07-29,77.56,77.62,77.55,77.60,998432
2039-08-01,76.89,77.96,76.63,76.92,474824
2039-08-02,76.31,76.68,75.45,76.23,964119
2039-08-03,75.66,75.83,74.86,75.83,341716
2039-08-04,75.89,76.13,75.33,75.88,196082
2039-08-05,75.25,76.29,74.18,75.42,508219
2039-08-08,74.87,75.21,73.96,74.68,822956
2039-08-09,75.27,76.27,74.17,75.92,344809
2039-08-10,76.27,76.46,75.57,75.62,161972
2039-08-11,76.35,77.24,75.35,75.83,216730
2039-08-12,75.73,76.68,75.10,75.13,923104
2039-08-15,74.62,74.95,74.00,74.74,878832
2039-08-16,75.04,75.85,74.10,74.84,770012
2039-08-17,74.41,75.14,73.76,75.07,817066
2039-08-18,75.20,75.85,75.10,75.65,712725
2039-08-19,75.29,75.82,74.35,74.73,148937
2039-08-22,74.58,75.05,73.87,74.43,555459
2039-08-23,74.23,74.35,73.48,73.67,691337
2039-08-24,73.58,74.55,72.67,73.75,506413
2039-08-25,73.06,73.60,72.01,72.52,496604
2039-08-26,73.17,73.56,72.95,73.34,407139
2039-08-29,73.80,74.62,73.73,74.27,670929
2039-08-30,73.99,74.47,73.71,73.86,382143
2039-08-31,74.03,74.80,73.94,74.71,443697
2039-09-01,74.72,75.64,74.00,74.95,546935
2039-09-02,75.21,75.85,74.91,75.07,584212
2039-09-05,75.22,75.30,74.79,74.84,760017
2039-09-06,74.17,74.46,73.94,74.42,892787
2039-09-07,74.38,74.42,74.06,74.31,822900
2039-09-08,74.73,75.06,74.42,74.85,789236
2039-09-09,74.36,75.32,74.21,74.70,502414
2039-09-12,74.15,74.68,73.42,74.48,939263
2039-09-13,75.08,75.70,73.95,75.08,878514
2039-09-14,75.14,76.18,74.58,75.91,862714
2039-09-15,75.73,75.86,74.61,75.67,222291
2039-09-16,75.09,75.26,74.24,75.17,902475
2039-09-19,75.18,75.37,74.47,75.31,314782
2039-09-20,74.60,75.41,73.77,74.71,830535
2039-09-21,74.53,75.58,73.79,73.97,914600
2039-09-22,74.14,74.27,74.00,74.15,922825
2039-09-23,74.08,74.56,74.02,74.03,818348
2039-09-26,74.40,75.51,74.15,74.37,142529
2039-09-27,74.31,74.43,73.53,74.03,910127
2039-09-28,74.47,75.10,73.62,74.21,503184
2039-09-29,74.04,74.14,72.97,73.70,643604
2039-09-30,73.27,73.69,72.79,73.29,256730
2039-10-03,74.02,74.36,73.70,73.99,776677
2039-10-04,73.73,74.35,73.44,73.48,450603
2039-10-05,72.94,73.27,72.09,72.48,424687
2039-10-06,71.93,72.70,71.85,72.53,904088
2039-10-07,72.16,72.97,71.58,72.34,314199
2039-10-10,71.74,72.51,71.41,71.93,183617
2039-10-11,71.32,71.55,70.55,71.34,500898
2039-10-12,71.62,71.88,71.46,71.60,374546
2039-10-13,72.13,72.37,71.33,71.88,459316
2039-10-14,71.46,72.06,70.53,71.71,819102
2039-10-17,71.62,71.92,70.97,71.38,880242
2039-10-18,70.94,71.25,70.25,71.24,854527
2039-10-19,71.87,71.94,71.62,71.66,575062
2039-10-20,72.15,73.09,71.16,72.70,917773
2039-10-21,72.76,73.72,72.75,72.86,855338
2039-10-24,73.38,74.09,72.53,73.66,894571
2039-10-25,73.10,73.82,72.64,73.13,574165
2039-10-26,73.10,73.39,72.78,73.16,896673
2039-10-27,72.54,72.67,72.20,72.22,466872
2039-10-28,71.80,72.77,71.77,72.25,427008
2039-10-31,71.75,72.10,71.20,71.90,412954
2039-11-01,72.34,72.48,71.47,71.58,935551
2039-11-02,71.65,72.13,71.29,71.76,248574
2039-11-03,72.38,73.14,71.49,72.07,500617
2039-11-04,72.37,72.86,71.45,72.37,294166
2039-11-07,71.80,72.61,71.33,72.35,284515
2039-11-08,72.04,72.93,71.17,72.81,901032
2039-11-09,73.02,73.65,72.97,73.56,429480
2039-11-10,73.03,73.83,72.70,73.05,181556
2039-11-11,73.49,74.38,72.57,73.69,636848
2039-11-14,74.10,74.41,73.92,73.97,213993
2039-11-15,73.29,74.01,72.48,73.31,386412
2039-11-16,73.64,74.67,73.01,74.29,215803
2039-11-17,74.98,75.04,74.29,74.38,713691
2039-11-18,74.06,74.60,73.56,74.46,674913
2039-11-21,74.67,75.59,74.53,75.40,649400
2039-11-22,75.89,76.96,75.84,76.87,608783
2039-11-23,76.42,77.20,75.42,75.67,821856
2039-11-24,75.08,75.23,74.65,75.17,653718
2039-11-25,74.47,74.69,74.27,74.47,461477
2039-11-28,74.92,75.61,74.18,75.45,801540
2039-11-29,75.16,75.29,74.70,75.29,331030
2039-11-30,74.55,75.42,73.74,74.42,694866
2039-12-01,74.67,75.36,74.29,74.98,846815
2039-12-02,74.87,75.75,74.32,75.54,994557
2039-12-05,75.60,76.62,75.57,75.71,278101
2039-12-06,76.15,76.33,76.10,76.32,143836
2039-12-07,75.79,76.67,75.15,76.00,465427
2039-12-08,76.61,77.26,76.07,76.58,382391
2039-12-09,76.60,76.99,75.81,76.09,620804
2039-12-12,76.33,76.96,76.10,76.67,280170
2039-12-13,77.15,78.26,77.08,77.98,137909
2039-12-14,78.59,79.34,78.07,79.10,850556
2039-12-15,78.72,79.54,78.67,79.47,507129
2039-12-16,79.23,79.81,78.89,79.57,479629
2039-12-19,79.14,79.37,78.42,78.89,268775
2039-12-20,79.04,79.92,78.61,78.90,299883
2039-12-21,79.36,79.39,78.81,78.87,280883
2039-12-22,78.39,78.80,77.74,78.09,632254
2039-12-23,77.45,78.23,77.30,77.33,920219
2039-12-26,76.81,77.93,76.31,76.85,424760
2039-12-27,76.84,77.99,76.07,76.73,288500
2039-12-28,77.46,77.49,77.14,77.19,235208
2039-12-29,76.45,76.81,76.01,76.77,622130
2039-12-30,77.36,77.56,76.58,76.69,750334
2040-01-02,77.22,78.10,77.20,77.66,342159
2040-01-03,77.50,78.37,77.41,78.29,396900
2040-01-04,77.65,78.21,77.21,77.49,471543
2040-01-05,77.79,78.85,77.22,77.95,982018
2040-01-06,77.96,78.02,76.94,77.72,800726
2040-01-09,77.51,78.58,76.47,78.34,882975
2040-01-10,78.98,79.72,77.87,78.09,220379
2040-01-11,77.31,78.47,76.19,76.31,188644
2040-01-12,76.09,77.22,75.00,77.18,963583
2040-01-13,77.95,78.63,77.47,78.35,202768
2040-01-16,77.76,78.10,76.65,77.35,686144
2040-01-17,77.27,78.11,76.48,77.19,722693
2040-01-18,77.81,77.83,76.79,77.21,687572
2040-01-19,76.68,77.00,76.67,76.80,324317
2040-01-20,76.79,77.21,75.92,76.77,892664
2040-01-23,76.53,77.17,76.43,76.65,186699
2040-01-24,77.22,77.97,76.59,77.67,159328
2040-01-25,77.23,78.06,76.41,77.38,629997
2040-01-26,77.67,78.49,76.80,77.15,839761
2040-01-27,77.57,77.66,77.35,77.38,716921
2040-01-30,78.08,79.22,77.59,78.79,325791
2040-01-31,79.30,79.44,79.25,79.26,102352
2040-02-01,78.61,78.96,77.48,77.69,793481
2040-02-02,77.86,78.22,77.07,77.42,768206
2040-02-03,77.36,77.75,77.33,77.60,578492
2040-02-06,77.13,77.98,76.12,77.13,944107
2040-02-07,76.83,77.60,76.43,76.58,847920
2040-02-08,75.88,76.31,75.57,75.93,604158
2040-02-09,76.07,77.16,75.38,75.41,194873
2040-02-10,75.32,76.24,75.18,75.24,117646
2040-02-13,75.15,75.26,75.06,75.10,911533
2040-02-14,74.45,74.54,74.33,74.38,271876
2040-02-15,74.73,74.75,74.11,74.51,497833
2040-02-16,74.54,74.78,74.07,74.10,336912
2040-02-17,74.66,75.28,73.75,74.16,864628
2040-02-20,74.65,74.96,73.91,74.18,534428
2040-02-21,73.59,74.61,73.39,73.55,242620
2040-02-22,73.69,74.16,73.02,73.06,581265
2040-02-23,72.87,73.39,72.09,72.36,305755
2040-02-24,72.92,73.38,72.57,72.72,553236
2040-02-27,72.09,72.45,71.12,72.05,881364
2040-02-28,72.07,72.59,71.60,71.87,920979
2040-02-29,72.27,73.28,71.43,71.72,612825
2040-03-01,71.94,72.29,71.50,71.69,365325
2040-03-02,71.62,71.71,71.57,71.68,887386
2040-03-05,71.39,72.44,70.85,71.58,553110
2040-03-06,71.54,71.70,70.83,71.62,657865
2040-03-07,72.32,72.43,71.94,72.18,224667
2040-03-08,71.57,72.03,71.29,72.01,720348
2040-03-09,71.83,72.63,71.24,72.20,368027
2040-03-12,72.09,72.65,71.94,72.40,247326
2040-03-13,72.84,73.10,71.97,72.66,974948
2040-03-14,72.72,73.65,71.64,73.34,201975
2040-03-15,72.81,73.85,71.73,72.94,819648
2040-03-16,72.84,73.72,72.42,72.72,630049
2040-03-19,72.26,73.14,71.30,72.19,693072
2040-03-20,71.68,72.22,71.08,71.15,325899
2040-03-21,71.79,72.11,71.58,71.78,161652
2040-03-22,71.86,72.30,71.30,71.39,697651
2040-03-23,71.19,71.30,70.63,70.64,989424
2040-03-26,70.64,71.25,70.23,70.82,656924
2040-03-27,70.96,71.46,70.63,70.99,944781
2040-03-28,71.14,71.28,70.13,70.81,429033
2040-03-29,70.43,70.52,69.69,70.11,525671
2040-03-30,70.47,70.88,69.62,70.03,265424
2040-04-02,69.78,70.45,69.34,70.03,313216
2040-04-03,70.14,70.47,69.18,70.17,748654
2040-04-04,70.15,70.75,69.11,70.32,968410
2040-04-05,70.64,70.99,70.05,70.06,391511
2040-04-06,70.07,71.08,69.69,70.55,468286
2040-04-09,70.34,70.52,69.37,70.40,694150
2040-04-10,69.75,70.73,69.11,69.52,219135
2040-04-11,68.98,69.99,68.87,69.62,629888
2040-04-12,70.12,70.23,70.07,70.16,376621
2040-04-13,70.47,71.48,70.01,70.10,974183
2040-04-16,70.23,70.25,70.00,70.20,227958
2040-04-17,70.04,70.96,69.46,69.95,900086
2040-04-18,69.87,70.64,69.83,69.96,327729
2040-04-19,69.47,70.38,68.88,69.58,402297
2040-04-20,69.96,70.04,69.71,69.96,258113
2040-04-23,69.50,70.52,68.89,70.23,758783
2040-04-24,70.44,70.74,69.41,70.01,866207
2040-04-25,70.29,70.69,69.77,70.27,838741
2040-04-26,70.21,70.56,69.59,70.50,167922
2040-04-27,70.54,71.00,69.78,70.57,933205
2040-04-30,70.88,71.27,70.79,71.12,810099
2040-05-01,70.54,71.33,70.42,70.57,408166
2040-05-02,70.10,70.57,69.47,70.16,822433
2040-05-03,70.13,70.39,69.47,70.30,201149
2040-05-04,70.30,70.82,69.67,70.64,201695
2040-05-07,70.82,71.72,70.38,71.29,406753
2040-05-08,71.17,72.21,70.97,71.85,937142
2040-05-09,72.00,72.92,71.23,72.33,826087
2040-05-10,72.96,73.04,72.06,72.59,445853
2040-05-11,73.15,73.98,72.41,73.53,780593
2040-05-14,73.91,74.42,73.61,73.75,612552
2040-05-15,73.72,73.82,72.81,73.77,663975
2040-05-16,74.03,74.97,73.27,74.44,610606
2040-05-17,73.87,74.79,73.17,74.14,801268
2040-05-18,73.85,74.13,73.32,73.75,278753
2040-05-21,74.06,74.32,73.73,73.83,883313
2040-05-22,74.34,74.43,74.12,74.26,400341
2040-05-23,73.60,74.34,72.97,73.54,122895
2040-05-24,73.57,73.98,73.49,73.57,739252
2040-05-25,73.36,74.14,72.48,74.10,873318
2040-05-28,73.42,74.04,72.82,73.77,170881
2040-05-29,74.51,75.28,74.39,74.89,421078
2040-05-30,74.90,75.21,74.50,74.55,603460
2040-05-31,74.59,74.63,74.08,74.20,660595
2040-06-01,74.85,75.42,74.85,75.08,392651
2040-06-04,75.47,76.44,74.78,75.24,734895
2040-06-05,75.24,75.46,74.79,74.97,319338
2040-06-06,74.72,75.46,73.95,74.77,201936
2040-06-07,74.65,75.72,73.59,74.24,398348
2040-06-08,74.29,74.39,74.20,74.28,797804
2040-06-11,73.85,74.68,73.60,74.46,387388
2040-06-12,74.36,74.65,73.35,73.63,396412
2040-06-13,74.30,74.82,73.62,73.63,266665
2040-06-14,73.53,73.93,72.80,73.51,517072
2040-06-15,72.80,73.37,72.43,72.60,809677
2040-06-18,72.38,73.41,72.05,72.46,781070
2040-06-19,72.81,72.97,72.74,72.79,923092
2040-06-20,73.32,73.39,72.51,73.08,558180
2040-06-21,72.60,73.61,72.51,73.08,732616
2040-06-22,72.66,73.04,71.70,71.82,808882
2040-06-25,72.40,73.47,71.84,71.98,861173
2040-06-26,71.45,72.38,70.83,70.95,646374
2040-06-27,70.25,70.81,70.15,70.33,227706
2040-06-28,70.41,71.41,70.25,70.31,223641
2040-06-29,70.46,71.12,70.01,70.99,240997
2040-07-02,70.75,70.96,70.48,70.93,706744
2040-07-03,71.03,71.79,70.29,71.66,835773
2040-07-04,72.16,72.57,71.22,72.02,803084
2040-07-05,71.66,72.29,71.21,72.09,994428
2040-07-06,72.52,72.56,72.17,72.23,851739
2040-07-09,72.12,73.19,71.85,73.11,938700
2040-07-10,72.70,72.90,71.78,72.88,113157
2040-07-11,73.51,73.81,72.77,73.79,220377
2040-07-12,74.22,74.86,73.57,74.53,398620
2040-07-13,74.42,75.46,73.84,75.04,521409
2040-07-16,74.59,75.40,73.68,74.18,562110
2040-07-17,74.43,74.80,74.25,74.26,479809
2040-07-18,74.77,75.29,74.71,75.03,495833
2040-07-19,74.85,75.13,74.37,74.73,193473
2040-07-20,75.32,75.62,75.22,75.24,848012
2040-07-23,74.67,75.34,74.01,74.38,761858
2040-07-24,74.48,74.80,73.66,74.79,174064
2040-07-25,75.46,76.58,74.95,76.42,693912
2040-07-26,75.81,76.07,74.88,75.84,801290
2040-07-27,76.47,77.22,75.70,77.09,651375
2040-07-30,76.33,77.36,75.61,75.69,682117
2040-07-31,75.53,76.39,74.92,76.29,979930
2040-08-01,76.72,77.43,75.60,76.67,410681
2040-08-02,76.86,77.29,75.96,76.49,865239
2040-08-03,76.41,77.46,76.16,76.93,802786
2040-08-06,76.97,77.58,76.38,76.90,937348
2040-08-07,77.65,78.55,77.29,77.94,647913
2040-08-08,77.67,78.31,76.76,77.06,653367
2040-08-09,76.92,77.53,76.78,77.14,846185
2040-08-10,77.19,77.44,77.03,77.40,925054
2040-08-13,76.79,77.56,76.04,77.22,607676
2040-08-14,76.89,77.85,76.36,76.38,818511
2040-08-15,76.18,76.93,75.15,76.39,703722
2040-08-16,75.76,76.70,75.22,75.80,124663
2040-08-17,75.83,76.11,74.87,75.10,451577
2040-08-20,74.36,75.07,73.88,74.80,740529
2040-08-21,74.70,75.28,74.54,74.55,920674
2040-08-22,74.15,75.00,73.85,74.04,503315
2040-08-23,73.97,74.00,73.02,73.48,741430
2040-08-24,74.18,74.58,73.53,73.58,888682
2040-08-27,73.70,73.93,73.04,73.74,107536
2040-08-28,73.36,73.61,72.42,73.16,581398
2040-08-29,72.65,73.03,72.53,72.94,402370
2040-08-30,73.28,74.10,72.80,73.92,160245
2040-08-31,73.59,73.79,73.50,73.79,863814
2040-09-03,73.98,74.06,73.86,73.94,313736
2040-09-04,73.81,74.12,72.95,73.51,458367
2040-09-05,73.66,74.75,72.86,73.03,689052
2040-09-06,72.97,73.02,72.76,72.88,587187
2040-09-07,72.73,73.73,71.80,71.86,768262
2040-09-10,71.80,71.81,71.62,71.78,218339
2040-09-11,71.09,71.69,70.14,70.64,299568
2040-09-12,70.25,70.59,69.41,70.40,142672
2040-09-13,71.01,71.37,70.77,70.83,429515
2040-09-14,70.13,70.79,70.13,70.74,921955
2040-09-17,70.36,71.06,69.46,69.89,319112
2040-09-18,69.71,69.93,68.76,68.91,789492
2040-09-19,68.53,68.90,68.13,68.43,206366
2040-09-20,67.76,68.12,67.21,67.35,224044
2040-09-21,66.97,67.48,66.27,66.46,993450
2040-09-24,66.92,67.68,66.88,67.38,395223
2040-09-25,67.35,68.01,67.07,67.32,618059
2040-09-26,66.71,66.73,66.38,66.42,201915
2040-09-27,65.89,66.86,65.16,66.33,477912
2040-09-28,66.58,66.60,65.82,66.57,168264
2040-10-01,66.69,66.99,66.47,66.73,381694
2040-10-02,66.57,66.68,65.83,66.30,786217
2040-10-03,66.14,66.71,65.85,66.26,295668
2040-10-04,66.49,67.32,66.15,66.67,908737
2040-10-05,66.02,66.49,65.32,66.39,432019
2040-10-08,65.97,66.53,65.08,65.96,129758
2040-10-09,66.19,67.02,65.30,66.53,302876
2040-10-10,66.51,67.45,65.84,65.88,166590
2040-10-11,65.35,66.31,65.35,66.28,530283
2040-10-12,66.53,67.10,66.23,66.64,418925
2040-10-15,66.94,67.85,66.36,67.64,322239
2040-10-16,67.33,67.56,66.86,67.28,690760
2040-10-17,67.00,67.33,66.14,66.67,322361
2040-10-18,67.13,68.08,66.55,67.95,817072
2040-10-19,67.43,67.56,66.92,67.37,801025
2040-10-22,67.39,67.75,66.72,67.45,229656
2040-10-23,67.79,68.77,67.30,67.69,827613
2040-10-24,68.23,69.04,67.91,68.26,264384
2040-10-25,68.12,68.14,67.56,67.81,818235
2040-10-26,67.58,68.19,66.99,67.32,680775
2040-10-29,66.96,67.35,66.02,66.78,745781
2040-10-30,66.59,67.38,65.68,66.46,359261
2040-10-31,66.09,66.39,65.59,66.28,875136
2040-11-01,66.44,66.83,66.41,66.76,767828
2040-11-02,66.38,66.44,66.07,66.32,370858
2040-11-05,66.56,67.35,65.88,66.73,669208
2040-11-06,66.84,67.37,66.31,66.94,415271
2040-11-07,66.30,66.41,65.79,66.17,200784
2040-11-08,66.72,67.62,65.78,67.14,131631
2040-11-09,67.44,67.61,67.40,67.53,676373
2040-11-12,67.39,67.67,67.16,67.20,295407
2040-11-13,67.54,68.13,67.06,67.83,672610
2040-11-14,67.29,67.47,66.57,67.22,562344
2040-11-15,66.67,67.28,66.30,66.72,713720
2040-11-16,66.93,66.95,66.58,66.81,601686
2040-11-19,67.14,68.01,66.18,66.28,918182
2040-11-20,65.64,65.83,64.99,65.54,783008
2040-11-21,65.47,66.21,64.96,65.91,363119
2040-11-22,66.45,67.20,66.02,66.73,356292
2040-11-23,66.39,66.88,66.26,66.68,703024
2040-11-26,66.83,67.70,66.61,66.81,748958
2040-11-27,66.90,67.06,66.62,66.78,840941
2040-11-28,66.44,66.83,65.89,66.42,204732
2040-11-29,66.36,67.32,65.41,65.98,803841
2040-11-30,65.97,66.36,65.57,66.10,892693
2040-12-03,66.55,66.98,66.18,66.88,857791
2040-12-04,66.52,66.98,65.89,66.43,890875
2040-12-05,66.38,66.56,65.70,66.48,187222
2040-12-06,66.47,67.09,65.55,66.67,685732
2040-12-07,66.79,67.37,65.93,66.03,359589
2040-12-10,65.59,66.07,65.21,65.60,140549
2040-12-11,66.00,66.72,65.18,66.07,477610
2040-12-12,65.89,66.03,65.20,65.71,459631
2040-12-13,65.51,65.99,65.21,65.40,208269
2040-12-14,65.83,66.18,65.71,65.87,829366
2040-12-17,65.89,66.09,64.92,65.06,288690
2040-12-18,65.21,65.29,64.47,65.02,192498
2040-12-19,64.45,65.07,63.52,64.72,921108
2040-12-20,64.91,65.83,64.81,65.01,851962
2040-12-21,64.37,64.77,63.60,64.42,629459
2040-12-24,64.05,64.64,63.27,63.89,346121
2040-12-25,64.44,65.16,63.54,64.96,623846
2040-12-26,65.21,65.69,64.97,65.53,638359
2040-12-27,64.99,65.95,64.83,65.50,512102
2040-12-28,65.47,65.50,65.34,65.35,627087
2040-12-31,65.07,65.51,64.67,65.01,354220
2041-01-01,65.58,65.78,65.14,65.33,434605
2041-01-02,64.97,65.08,64.84,64.93,435147
2041-01-03,64.69,65.21,64.57,64.64,950314
2041-01-04,64.99,65.03,64.67,64.74,585470
2041-01-07,64.71,65.02,64.32,64.55,888309
2041-01-08,64.98,65.20,64.90,64.94,644779
2041-01-09,64.32,65.02,63.97,64.65,337856
2041-01-10,64.76,65.02,63.96,64.92,497969
2041-01-11,65.01,65.55,64.77,65.31,706570
2041-01-14,64.70,65.10,63.96,64.45,763399
2041-01-15,65.08,65.20,64.21,64.57,942952
2041-01-16,64.01,64.05,63.38,63.48,269559
2041-01-17,63.15,63.40,62.47,63.03,650202
2041-01-18,62.42,62.68,61.95,62.61,939797
2041-01-21,62.50,63.18,62.32,62.32,564329
2041-01-22,62.85,63.60,62.35,62.89,825320
2041-01-23,62.94,63.09,62.60,63.09,316294
2041-01-24,62.97,63.39,62.72,62.84,719196
2041-01-25,63.01,63.52,62.80,62.86,625907
2041-01-28,62.32,62.84,61.49,61.71,900758
2041-01-29,61.21,62.11,60.86,61.84,369067
2041-01-30,61.45,62.01,60.64,61.97,248032
2041-01-31,61.87,62.11,61.43,61.73,780314
2041-02-01,61.13,61.44,61.09,61.13,586787
2041-02-04,60.88,61.37,60.16,61.13,244315
2041-02-05,61.11,61.37,60.23,60.65,331004
2041-02-06,61.23,62.06,61.02,61.58,984256
2041-02-07,61.97,62.68,61.05,61.80,882020
2041-02-08,61.91,62.76,61.42,61.93,889148
2041-02-11,62.34,63.24,61.41,62.96,210144
2041-02-12,62.49,62.89,61.69,62.57,525606
2041-02-13,63.05,63.83,62.76,62.88,855347
2041-02-14,63.12,63.56,62.67,63.01,204217
2041-02-15,62.91,63.43,62.61,63.37,798084
2041-02-18,63.01,63.53,62.10,62.91,997609
2041-02-19,63.03,63.91,62.70,63.20,235423
2041-02-20,62.89,63.51,62.57,63.24,463061
2041-02-21,63.81,63.89,63.14,63.36,917095
2041-02-22,63.96,64.84,63.13,63.31,318441
2041-02-25,63.86,64.37,63.41,63.91,849650
2041-02-26,63.54,64.40,63.49,63.81,514090
2041-02-27,64.06,64.71,63.57,64.66,476175
2041-02-28,64.87,65.37,64.41,64.60,917265
2041-03-01,64.99,65.36,64.92,64.99,331734
2041-03-04,64.65,65.22,64.55,64.73,416186
2041-03-05,64.98,65.84,64.56,65.24,471628
2041-03-06,65.80,65.92,65.29,65.56,592200
2041-03-07,65.39,66.06,64.73,66.00,933376
2041-03-08,66.59,67.57,66.30,66.55,763693
2041-03-11,66.47,66.99,66.15,66.92,272748
2041-03-12,66.53,67.13,66.43,67.00,219219
2041-03-13,66.57,67.15,65.68,65.78,191592
2041-03-14,65.25,65.59,64.82,65.24,401652
2041-03-15,65.55,65.79,65.42,65.73,908009
2041-03-18,65.38,65.99,65.08,65.88,965873
2041-03-19,66.22,66.57,65.31,66.40,222294
2041-03-20,66.47,67.14,66.26,66.78,906090
2041-03-21,67.27,68.20,67.24,67.53,829719
2041-03-22,68.06,68.53,67.92,68.35,265808
2041-03-25,67.72,68.37,67.67,67.78,836465
2041-03-26,67.66,68.61,66.92,68.12,197694
2041-03-27,68.25,68.28,67.67,68.09,751164
2041-03-28,68.12,69.06,67.75,68.32,772363
2041-03-29,67.71,68.33,66.70,67.70,192573
2041-04-01,67.54,68.06,66.97,67.36,640801
2041-04-02,67.91,67.96,67.38,67.40,678538
2041-04-03,67.22,67.63,66.25,66.41,449968
2041-04-04,65.96,66.37,65.28,65.83,452861
2041-04-05,65.87,66.07,65.78,65.80,931351
2041-04-08,66.41,66.81,65.70,65.81,502652
2041-04-09,65.49,66.42,64.60,65.70,577074
2041-04-10,66.29,67.02,66.20,66.39,251217
2041-04-11,66.32,66.57,66.30,66.39,900751
2041-04-12,66.85,67.61,66.49,67.60,241426
2041-04-15,66.99,67.29,66.22,67.25,135674
2041-04-16,67.71,67.96,67.02,67.08,193583
2041-04-17,66.58,67.58,65.89,66.03,222485
2041-04-18,66.15,66.61,65.19,65.93,104185
2041-04-19,65.76,66.12,64.94,65.69,935516
2041-04-22,65.85,66.14,65.61,65.95,621000
2041-04-23,65.83,66.36,65.20,66.22,621461
2041-04-24,66.05,66.15,65.55,65.82,851980
2041-04-25,65.29,65.97,65.04,65.15,708463
2041-04-26,65.50,66.37,65.16,65.68,346057
2041-04-29,65.24,66.01,64.60,65.34,673755
2041-04-30,65.60,66.05,65.56,65.91,640715
2041-05-01,66.04,66.19,65.07,65.30,955195
2041-05-02,64.97,65.12,64.17,64.73,768369
2041-05-03,64.84,65.62,64.13,64.14,702293
2041-05-06,63.73,64.63,63.36,64.17,260808
2041-05-07,63.70,64.52,62.82,63.47,467456
2041-05-08,63.14,63.48,62.69,62.76,649147
2041-05-09,63.08,63.87,62.16,63.85,937280
2041-05-10,63.43,63.76,62.69,63.47,171579
2041-05-13,63.97,64.31,63.37,64.26,882995
2041-05-14,64.51,64.74,64.40,64.69,523961
2041-05-15,64.92,65.73,64.22,65.60,175466
2041-05-16,65.50,66.43,64.78,66.17,753674
2041-05-17,66.29,67.02,65.38,66.11,270174
2041-05-20,65.71,66.31,64.73,65.34,148463
2041-05-21,65.70,66.44,65.44,66.27,919694
2041-05-22,66.54,66.82,66.42,66.72,580348
2041-05-23,66.76,67.31,66.20,66.81,146824
2041-05-24,67.21,67.33,67.02,67.11,928360
2041-05-27,67.65,67.89,66.76,67.31,117164
2041-05-28,67.76,67.83,66.84,67.22,229149
2041-05-29,67.01,67.01,66.61,66.78,754628
2041-05-30,66.58,67.14,65.72,66.39,476486
2041-05-31,66.15,66.68,65.21,65.95,592252
2041-06-03,66.14,67.09,66.03,66.84,949592
2041-06-04,66.32,67.01,65.64,66.80,231838
2041-06-05,66.84,67.47,66.16,67.06,975697
2041-06-06,66.56,66.92,65.85,66.86,217623
2041-06-07,67.20,68.00,66.26,66.40,849961
2041-06-10,66.29,66.91,65.35,65.47,926417
2041-06-11,65.38,65.65,65.31,65.37,893593
2041-06-12,65.63,66.49,64.99,65.32,543972
2041-06-13,65.29,65.33,64.39,65.31,940800
2041-06-14,65.27,65.65,64.71,65.21,226880
2041-06-17,65.70,65.77,65.45,65.75,607989
2041-06-18,65.46,65.67,65.44,65.50,104876
2041-06-19,65.06,65.74,64.10,64.32,497705
2041-06-20,64.20,64.76,64.13,64.34,424253
2041-06-21,64.17,64.43,63.64,64.01,755021
2041-06-24,64.26,65.02,63.71,64.33,214743
2041-06-25,64.40,65.17,63.58,63.59,591320
2041-06-26,63.82,64.33,63.69,63.92,158757
2041-06-27,63.79,64.12,63.52,64.08,646876
2041-06-28,64.36,64.93,63.46,64.76,358093
2041-07-01,64.43,64.56,63.79,64.22,647925
2041-07-02,63.81,64.12,63.69,63.98,234032
2041-07-03,64.54,64.78,63.90,64.74,964104
2041-07-04,64.62,65.04,63.74,64.98,231450
2041-07-05,65.17,65.49,64.74,65.08,240171
2041-07-08,65.26,65.94,64.65,65.78,677680
2041-07-09,66.17,66.75,65.30,65.40,981491
2041-07-10,65.60,65.91,65.07,65.89,357027
2041-07-11,65.92,66.13,65.91,66.08,394269
2041-07-12,65.99,66.70,65.18,65.46,429259
2041-07-15,65.25,65.44,65.09,65.42,588187
2041-07-16,64.93,65.78,64.54,64.98,552944
2041-07-17,64.55,65.41,64.45,64.49,318221
2041-07-18,64.31,64.38,64.05,64.26,146659
2041-07-19,63.72,64.57,63.61,63.92,310700
2041-07-22,64.03,64.55,63.20,64.43,975299
2041-07-23,64.31,65.09,64.10,64.87,330331
2041-07-24,64.48,64.96,63.95,64.74,866584
2041-07-25,64.81,65.09,64.37,64.38,993386
2041-07-26,64.35,65.01,64.23,64.27,559858
2041-07-29,64.69,65.02,64.48,64.57,923072
2041-07-30,64.77,65.61,64.07,64.35,907377
2041-07-31,64.16,65.05,63.23,63.36,809884
2041-08-01,63.92,64.83,63.67,64.53,290593
2041-08-02,64.98,65.73,64.71,65.23,773134
2041-08-05,65.12,65.88,64.35,65.15,897168
2041-08-06,65.60,65.81,64.76,65.31,792993
2041-08-07,64.72,65.21,64.44,64.75,470521
2041-08-08,64.40,64.74,64.24,64.55,438539
2041-08-09,64.92,65.43,64.42,64.78,186763
2041-08-12,64.19,64.37,63.27,64.05,721886
2041-08-13,64.22,64.28,63.41,64.00,197312
2041-08-14,63.80,63.82,63.35,63.36,400961
2041-08-15,63.67,63.75,63.32,63.62,346900
2041-08-16,63.06,63.68,62.61,62.78,640413
2041-08-19,63.29,63.81,63.00,63.24,814986
2041-08-20,63.64,63.89,63.06,63.75,720658
2041-08-21,63.34,63.75,62.85,62.91,531449
2041-08-22,63.43,64.17,62.71,63.59,177321
2041-08-23,63.39,63.97,62.64,63.22,166790
2041-08-26,63.54,63.87,62.67,63.10,508879
2041-08-27,63.11,64.04,62.23,63.95,170352
2041-08-28,63.87,64.54,63.45,63.58,248604
2041-08-29,63.29,63.85,62.94,63.53,723840
2041-08-30,63.83,64.65,63.26,64.38,839003
2041-09-02,64.76,65.20,63.81,63.93,690581
2041-09-03,64.27,65.00,63.50,64.79,120714
2041-09-04,64.34,65.20,63.42,64.50,884010
2041-09-05,64.98,65.82,64.57,65.75,711414
2041-09-06,65.92,65.95,65.59,65.89,563869
2041-09-09,66.52,67.25,66.38,66.58,256309
2041-09-10,67.21,67.41,66.33,66.36,707676
2041-09-11,66.87,67.36,66.82,66.97,621411
2041-09-12,66.51,67.43,66.28,67.30,971255
2041-09-13,66.78,67.64,65.80,67.47,272745
2041-09-16,66.92,67.88,66.79,66.82,640018
2041-09-17,66.59,67.07,66.23,66.91,819768
2041-09-18,66.86,67.11,66.01,66.12,564010
2041-09-19,66.26,66.61,66.23,66.48,206028
2041-09-20,67.12,68.12,67.03,67.44,834916
2041-09-23,67.07,67.60,66.20,66.82,914576
2041-09-24,66.72,67.69,66.64,67.58,521353
2041-09-25,67.38,67.39,66.86,67.29,994514
2041-09-26,67.19,68.17,66.30,67.92,950731
2041-09-27,67.36,67.87,66.93,67.29,929617
2041-09-30,66.91,66.92,66.46,66.61,609817
2041-10-01,66.72,67.37,66.55,67.11,411246
2041-10-02,66.45,67.30,65.69,65.75,878744
2041-10-03,66.05,66.82,65.82,66.04,550060
2041-10-04,66.58,67.22,66.12,66.71,159414
2041-10-07,67.13,67.68,66.20,66.68,514875
2041-10-08,66.31,67.24,65.77,65.84,836619
2041-10-09,65.80,66.71,65.19,65.33,786209
2041-10-10,65.94,66.10,65.80,65.92,165827
2041-10-11,66.00,66.42,65.37,66.06,115464
2041-10-14,65.85,66.18,65.66,65.73,168074
2041-10-15,65.35,66.21,65.24,65.98,620365
2041-10-16,66.10,66.84,65.91,66.50,468351
2041-10-17,66.80,67.29,66.65,67.16,847842
2041-10-18,66.87,67.47,66.74,66.96,960544
2041-10-21,67.20,68.15,66.78,67.52,661659
2041-10-22,67.86,68.20,66.86,67.00,968246
2041-10-23,66.63,66.64,65.98,66.39,632550
2041-10-24,66.54,67.04,65.64,66.05,572020
2041-10-25,66.02,66.67,65.59,65.89,917026
2041-10-28,65.25,66.15,64.44,65.44,126251
2041-10-29,66.05,66.56,65.26,66.40,643623
2041-10-30,66.33,66.44,65.68,66.30,908780
2041-10-31,66.07,66.88,65.77,66.69,551219
2041-11-01,66.84,67.77,66.16,66.24,106457
2041-11-04,65.73,66.68,65.53,66.68,793438
2041-11-05,67.17,67.72,67.12,67.64,547741
2041-11-06,68.14,68.83,67.39,68.57,362262
2041-11-07,68.83,69.07,68.30,69.01,861407
2041-11-08,69.43,69.75,68.57,69.26,924902
2041-11-11,68.60,69.25,68.55,68.63,623724
2041-11-12,68.78,69.64,68.57,69.18,736919
2041-11-13,69.26,69.84,68.62,69.31,515137
2041-11-14,69.37,70.00,69.21,69.94,714006
2041-11-15,70.20,70.56,69.85,69.88,239354
2041-11-18,69.51,69.72,68.84,68.94,924543
2041-11-19,68.52,69.03,67.90,68.52,997190
2041-11-20,68.92,69.95,68.13,68.21,318839
2041-11-21,67.68,67.94,67.26,67.86,915554
2041-11-22,67.86,68.69,67.75,67.89,270571
2041-11-25,68.13,68.83,67.49,67.81,887963
2041-11-26,68.44,69.14,68.15,68.56,740781
2041-11-27,68.30,68.58,67.54,68.49,397514
2041-11-28,68.49,68.52,68.23,68.49,836433
2041-11-29,68.05,68.90,67.47,67.63,895969
2041-12-02,67.56,67.86,66.69,67.43,613672
2041-12-03,67.73,68.31,67.29,68.15,680054
2041-12-04,68.28,68.99,67.73,68.43,285798
2041-12-05,68.74,69.49,68.72,69.15,847952
2041-12-06,68.77,68.97,67.81,68.52,813069
2041-12-09,68.88,68.98,67.99,68.01,847480
2041-12-10,67.78,68.46,67.25,67.74,210055
2041-12-11,67.38,67.94,66.45,67.62,957557
2041-12-12,67.35,68.02,66.77,67.43,219293
2041-12-13,66.95,67.36,66.86,67.14,575928
2041-12-16,66.69,67.54,66.34,66.76,744603
2041-12-17,67.36,68.17,66.83,67.59,506974
2041-12-18,67.05,67.65,66.63,67.42,649856
2041-12-19,68.00,68.21,67.95,68.03,123133
2041-12-20,67.63,68.01,67.11,67.64,536605
2041-12-23,67.79,68.28,67.10,67.81,407257
2041-12-24,68.17,68.95,67.85,67.95,164438
2041-12-25,67.70,67.89,67.42,67.82,982308
2041-12-26,68.14,68.26,68.13,68.22,373028
2041-12-27,67.98,68.47,67.86,68.38,762372
2041-12-30,68.40,68.99,68.25,68.87,874807
2041-12-31,68.37,68.75,68.28,68.37,469067
2042-01-01,67.73,68.55,67.11,68.09,209734
2042-01-02,67.58,68.49,66.78,67.30,819099
2042-01-03,66.91,67.44,66.65,66.76,533668
2042-01-06,66.31,66.41,65.71,66.19,786298
2042-01-07,66.26,66.86,66.05,66.22,779672
2042-01-08,65.74,65.88,65.25,65.29,703704
2042-01-09,65.57,65.72,64.72,65.20,770502
2042-01-10,64.72,65.31,64.03,64.58,519964
2042-01-13,64.77,65.39,64.47,64.97,102058
2042-01-14,65.59,66.07,65.59,65.95,877517
2042-01-15,66.24,67.16,65.56,66.66,341375
2042-01-16,66.41,67.07,66.13,66.88,884022
2042-01-17,66.54,66.58,65.87,66.56,942694
2042-01-20,66.72,67.28,66.21,67.18,722840
2042-01-21,67.00,67.44,66.93,67.20,411988
2042-01-22,67.37,67.77,67.16,67.37,789814
2042-01-23,66.88,67.16,66.12,67.08,335956
2042-01-24,66.70,67.61,66.27,67.58,873791
2042-01-27,67.11,67.93,66.71,66.74,615469
2042-01-28,66.42,66.95,65.99,66.27,884358
2042-01-29,66.42,67.20,65.81,66.27,443630
2042-01-30,66.66,67.09,66.15,66.97,715198
2042-01-31,67.05,67.44,66.51,67.17,905150
2042-02-03,66.71,66.81,66.39,66.62,433614
2042-02-04,66.12,66.50,66.04,66.40,165942
2042-02-05,66.39,66.83,66.01,66.41,205244
2042-02-06,66.01,66.55,65.93,66.13,398309
2042-02-07,65.59,66.22,64.88,65.57,941200
2042-02-10,65.95,65.98,65.64,65.88,455367
2042-02-11,65.78,66.12,64.99,65.65,833683
2042-02-12,65.21,65.41,64.66,65.39,943774
2042-02-13,64.92,65.08,64.46,65.06,874809
2042-02-14,65.58,65.88,65.18,65.61,760943
2042-02-17,65.36,66.30,64.66,66.26,871098
2042-02-18,65.68,66.33,65.51,65.77,293442
2042-02-19,65.94,66.87,65.25,66.38,960987
2042-02-20,66.45,67.24,66.33,66.94,720478
2042-02-21,66.53,67.07,65.65,66.42,236816
2042-02-24,66.67,67.40,66.45,66.49,934608
2042-02-25,66.80,67.25,66.04,66.79,396963
2042-02-26,67.27,67.39,66.64,67.14,698654
2042-02-27,67.68,67.87,66.67,67.40,819294
2042-02-28,67.92,68.62,67.67,67.77,613588
2042-03-03,67.95,67.99,67.05,67.94,869270
2042-03-04,67.86,68.42,67.74,67.90,977486
2042-03-05,68.27,69.17,67.84,69.09,640124
2042-03-06,68.86,69.13,68.37,68.92,227372
2042-03-07,68.49,68.78,68.03,68.15,596667
2042-03-10,68.75,68.75,68.69,68.71,343366
2042-03-11,68.22,68.55,67.43,68.35,370750
2042-03-12,68.70,69.19,68.36,68.76,438276
2042-03-13,68.56,68.99,67.93,68.63,219454
2042-03-14,69.19,69.47,68.81,69.25,526583
2042-03-17,68.61,69.18,68.25,68.61,584942
2042-03-18,68.97,69.26,68.30,68.98,107799
2042-03-19,68.38,69.19,67.49,68.36,377354
2042-03-20,67.81,68.37,67.48,67.64,492550
2042-03-21,67.03,67.27,66.14,67.26,606153
2042-03-24,66.84,67.53,66.75,67.40,513328
2042-03-25,66.99,67.66,66.64,66.67,528003
2042-03-26,67.03,67.89,66.44,67.16,878682
2042-03-27,67.76,67.81,67.56,67.64,814676
2042-03-28,67.30,67.65,66.72,66.93,265686
2042-03-31,67.57,68.35,67.49,67.58,666276
2042-04-01,67.09,67.89,66.91,67.51,621470
2042-04-02,67.02,67.54,66.67,67.42,948000
2042-04-03,67.84,68.42,67.77,68.32,312519
2042-04-04,68.45,68.82,67.76,68.41,268317
2042-04-07,69.09,69.36,68.52,69.22,664530
2042-04-08,69.81,70.03,69.73,69.92,409273
2042-04-09,69.29,69.70,68.48,68.54,889457
2042-04-10,68.90,69.75,67.92,68.50,208298
2042-04-11,67.92,67.98,67.32,67.82,283518
2042-04-14,67.66,67.98,66.80,67.37,567419
2042-04-15,67.52,68.43,67.26,68.19,704247
2042-04-16,68.20,68.43,68.06,68.15,115127
2042-04-17,68.15,68.21,67.28,67.98,177783
2042-04-18,67.40,67.74,67.27,67.50,781126
2042-04-21,68.01,68.84,67.81,68.00,206592
2042-04-22,67.80,68.44,66.97,67.00,894849
2042-04-23,66.44,67.29,65.98,66.80,464724
2042-04-24,67.06,67.68,66.41,67.59,257313
2042-04-25,67.47,67.69,66.93,66.98,530630
2042-04-28,67.29,68.22,66.99,67.04,689437
2042-04-29,66.68,66.72,66.09,66.34,371554
2042-04-30,65.74,66.54,65.67,66.50,143273
2042-05-01,66.82,67.16,66.74,67.02,481967
2042-05-02,67.60,67.74,67.47,67.63,825534
2042-05-05,68.07,68.19,67.22,68.01,800785
2042-05-06,68.04,68.69,67.31,67.83,391591
2042-05-07,68.38,69.18,67.80,68.78,163014
2042-05-08,68.91,69.07,68.06,68.98,809285
2042-05-09,69.36,69.86,69.23,69.37,124781
2042-05-12,69.57,70.47,68.58,68.81,862347
2042-05-13,68.18,68.57,67.25,68.51,461069
2042-05-14,68.99,69.62,68.57,69.06,582493
2042-05-15,69.62,69.97,68.87,69.08,934308
2042-05-16,69.21,69.91,68.78,69.28,835598
2042-05-19,68.94,69.95,68.00,68.94,467191
2042-05-20,68.98,69.36,68.69,69.05,232219
2042-05-21,68.67,69.16,68.28,68.32,857731
2042-05-22,68.66,68.99,68.38,68.42,633795
2042-05-23,68.61,69.40,67.69,67.97,276213
2042-05-26,67.34,67.74,67.04,67.05,746809
2042-05-27,66.74,67.66,66.74,67.16,624341
2042-05-28,67.28,67.43,66.65,66.69,252487
2042-05-29,66.93,67.30,66.66,67.24,375186
2042-05-30,67.18,68.13,66.47,66.97,346611
2042-06-02,67.61,68.39,66.75,67.39,332578
2042-06-03,67.61,67.79,67.35,67.41,541527
2042-06-04,67.47,68.35,66.92,67.04,917012
2042-06-05,67.48,68.04,66.88,67.24,373552
2042-06-06,66.83,67.60,66.63,66.94,986868
2042-06-09,66.35,66.87,65.60,66.60,578172
2042-06-10,67.22,67.72,66.86,67.05,875383
2042-06-11,66.88,67.39,66.76,67.26,300576
2042-06-12,66.96,67.45,66.10,66.97,880972
2042-06-13,67.19,67.30,66.57,67.04,335330
2042-06-16,67.49,68.21,66.61,67.04,265966
2042-06-17,67.61,68.30,67.38,67.48,891006
2042-06-18,68.05,68.56,67.60,68.07,738247
2042-06-19,67.42,68.34,66.74,67.52,541705
2042-06-20,67.62,68.50,66.77,67.33,311772
2042-06-23,67.77,68.51,67.34,68.21,676403
2042-06-24,68.04,68.71,67.17,67.79,957219
2042-06-25,68.13,68.37,67.26,67.63,384570
2042-06-26,67.50,68.03,67.50,67.68,556738
2042-06-27,68.22,68.98,67.48,67.87,105148
2042-06-30,68.11,68.38,67.27,67.78,139376
2042-07-01,68.02,68.77,67.64,67.84,773223
2042-07-02,67.43,67.69,66.75,67.40,715538
2042-07-03,67.15,67.91,67.14,67.54,520361
2042-07-04,66.99,67.00,66.48,66.79,745594
2042-07-07,67.19,67.42,66.48,66.74,273397
2042-07-08,66.22,66.83,66.02,66.65,384228
2042-07-09,67.07,67.19,66.54,66.61,336646
2042-07-10,66.10,66.53,65.43,66.36,132203
2042-07-11,66.48,66.94,66.03,66.50,446149
2042-07-14,67.09,67.53,66.84,67.09,449548
2042-07-15,66.93,67.13,66.73,66.90,374398
2042-07-16,66.67,67.42,66.65,67.28,998000
2042-07-17,67.39,67.81,67.12,67.31,832868
2042-07-18,67.61,68.36,66.98,67.31,140757
2042-07-21,67.22,67.65,66.78,67.63,284829
2042-07-22,68.07,68.10,67.87,67.97,412305
2042-07-23,67.73,68.41,67.51,68.37,255078
2042-07-24,67.95,68.46,67.67,68.13,229263
2042-07-25,68.47,68.90,68.33,68.64,665754
2042-07-28,68.15,69.01,68.04,68.52,294905
2042-07-29,68.20,68.54,68.06,68.22,307157
2042-07-30,68.07,68.77,67.44,68.63,449388
2042-07-31,68.27,69.01,68.24,68.26,900348
2042-08-01,67.82,68.04,66.97,67.64,558609
2042-08-04,67.30,68.30,67.09,67.68,700177
2042-08-05,68.07,68.45,67.39,68.31,676629
2042-08-06,68.12,68.22,67.90,68.17,376675
2042-08-07,68.44,68.72,67.70,68.48,977137
2042-08-08,67.98,68.13,67.60,68.04,656642
2042-08-11,67.45,67.51,66.58,67.04,325236
2042-08-12,66.45,66.80,66.45,66.80,500814
2042-08-13,66.53,66.58,66.19,66.55,435771
2042-08-14,66.01,66.91,65.47,66.02,353540
2042-08-15,66.24,67.14,65.86,65.99,535410
2042-08-18,65.54,65.86,64.75,65.51,329803
2042-08-19,65.84,65.92,65.81,65.86,521705
2042-08-20,65.21,65.50,64.52,64.66,997181
2042-08-21,65.19,65.69,64.95,65.16,633664
2042-08-22,65.36,66.20,65.11,65.58,957988
2042-08-25,65.87,66.08,65.65,65.90,735708
2042-08-26,65.71,66.53,65.63,66.48,198566
2042-08-27,66.61,67.55,65.92,66.89,682055
2042-08-28,66.32,66.74,65.43,66.36,648344
2042-08-29,65.97,66.69,65.66,66.54,872336
2042-09-01,66.96,67.89,66.76,67.85,957879
2042-09-02,68.02,68.89,67.35,67.83,907565
2042-09-03,68.02,68.08,67.34,67.48,936336
2042-09-04,68.08,68.12,67.74,68.08,620388
2042-09-05,68.75,69.17,67.95,68.35,632949
2042-09-08,67.74,68.51,67.18,68.05,335367
2042-09-09,68.51,69.45,67.65,67.82,518149
2042-09-10,68.03,68.75,67.06,68.64,258566
2042-09-11,68.83,69.44,68.25,69.11,883493
2042-09-12,69.80,70.00,69.16,69.38,422030
2042-09-15,69.24,69.66,68.45,68.82,880039
2042-09-16,68.19,68.88,67.19,68.34,411164
2042-09-17,68.08,68.26,67.96,68.10,137777
2042-09-18,68.27,68.83,68.15,68.48,193286
2042-09-19,68.65,68.93,67.93,68.51,532836
2042-09-22,68.61,68.77,67.96,68.49,192485
2042-09-23,68.74,69.13,68.62,68.78,599862
2042-09-24,68.39,69.00,68.35,68.97,368519
2042-09-25,69.09,69.18,68.23,68.88,122062
2042-09-26,69.22,70.21,68.43,69.40,798168
2042-09-29,70.03,70.74,69.98,70.69,493485
2042-09-30,70.55,71.32,69.93,70.07,106305
2042-10-01,70.57,71.22,69.91,70.61,662808
2042-10-02,70.47,71.49,70.45,71.02,679021
2042-10-03,70.35,70.96,70.09,70.48,776060
2042-10-06,70.11,70.55,69.98,70.35,956198
2042-10-07,70.62,71.56,69.85,70.32,481758
2042-10-08,69.76,70.17,68.85,69.25,286830
2042-10-09,69.88,70.28,69.28,69.56,783223
2042-10-10,70.11,70.52,69.50,70.46,898762
2042-10-13,70.18,70.98,69.28,69.42,653224
2042-10-14,69.54,70.12,68.60,69.04,730100
2042-10-15,69.52,69.96,69.01,69.83,122746
2042-10-16,70.26,70.85,70.06,70.17,119236
2042-10-17,69.69,69.76,69.42,69.54,444706
2042-10-20,69.64,70.08,68.95,69.49,309810
2042-10-21,69.64,69.79,69.24,69.30,750034
2042-10-22,68.86,68.95,68.54,68.88,163562
2042-10-23,68.86,69.14,68.61,68.72,627330
2042-10-24,69.05,70.01,68.12,69.13,511167
2042-10-27,69.09,69.34,68.64,69.14,994347
2042-10-28,69.64,69.67,69.14,69.27,725759
2042-10-29,69.37,69.87,69.24,69.62,753711
2042-10-30,69.41,70.20,68.52,69.03,818769
2042-10-31,69.01,69.63,68.69,69.05,140522
2042-11-03,68.95,69.00,68.82,68.99,109792
2042-11-04,68.79,69.48,67.84,68.03,459470
2042-11-05,67.91,68.53,67.39,68.29,656047
2042-11-06,67.71,68.05,67.30,68.02,613901
2042-11-07,68.25,69.17,67.99,68.92,953017
2042-11-10,68.75,69.14,68.51,68.94,711619
2042-11-11,68.52,68.61,67.56,67.66,167610
2042-11-12,67.72,67.99,67.05,67.49,992845
2042-11-13,67.57,68.08,66.86,67.37,487921
2042-11-14,67.36,68.01,66.95,67.04,151451
2042-11-17,67.42,67.47,67.31,67.39,260583
2042-11-18,67.82,68.16,67.38,67.38,357792
2042-11-19,67.24,67.72,66.38,67.23,694847
2042-11-20,67.77,68.60,66.77,67.61,612172
2042-11-21,68.03,68.14,67.70,68.09,797572
2042-11-24,68.68,68.93,67.66,68.57,925116
2042-11-25,68.91,69.92,68.16,68.46,497460
2042-11-26,68.38,68.49,67.62,67.91,492123
2042-11-27,67.69,68.22,67.15,68.11,672007
2042-11-28,68.35,68.82,68.15,68.52,482008
2042-12-01,68.68,68.74,68.36,68.50,168766
2042-12-02,68.87,69.05,68.01,68.78,230089
2042-12-03,68.33,68.76,67.85,68.66,669143
2042-12-04,69.21,69.50,68.95,69.49,947755
2042-12-05,69.72,70.54,68.98,69.98,529670
2042-12-08,70.40,71.11,69.83,71.01,381558
2042-12-09,71.06,71.67,70.20,70.92,407787
2042-12-10,70.48,70.93,70.12,70.54,402397
2042-12-11,70.88,71.55,70.67,71.06,168643
2042-12-12,71.37,72.32,71.06,71.42,917987
2042-12-15,71.64,72.65,71.56,71.88,899176
2042-12-16,71.97,73.02,71.62,71.96,487095
2042-12-17,72.36,72.39,71.47,71.95,945443
2042-12-18,72.48,72.99,71.39,71.92,508779
2042-12-19,71.56,71.68,71.54,71.66,373572
2042-12-22,70.99,72.00,70.49,70.68,823664
2042-12-23,70.64,71.22,70.48,70.65,101661
2042-12-24,71.17,72.20,70.21,71.61,256278
2042-12-25,70.99,71.65,70.56,71.56,625246
2042-12-26,71.79,71.95,70.89,71.64,553879
2042-12-29,71.26,71.39,71.08,71.17,935359
2042-12-30,71.49,71.89,70.47,71.26,119683
2042-12-31,71.12,71.56,70.62,71.16,874347
2043-01-01,71.83,72.13,70.90,70.94,624801
2043-01-02,71.11,71.20,71.11,71.12,626934
2043-01-05,70.91,71.57,70.60,70.77,207666
2043-01-06,71.01,71.37,70.52,70.56,304723
2043-01-07,71.14,71.77,70.34,70.60,720579
2043-01-08,70.60,71.43,70.52,70.96,690609
2043-01-09,70.96,71.44,70.59,70.93,396859
2043-01-12,70.47,71.31,69.57,69.83,738690
2043-01-13,69.43,69.88,69.03,69.63,566884
2043-01-14,69.00,69.63,68.30,69.02,569053
2043-01-15,69.41,70.32,68.69,70.32,472358
2043-01-16,70.34,70.46,69.48,70.24,146116
2043-01-19,70.68,70.90,69.67,69.96,132971
2043-01-20,69.37,70.31,68.88,69.19,149929
2043-01-21,69.50,70.17,69.19,69.25,599824
2043-01-22,68.79,69.43,67.96,69.36,505328
2043-01-23,68.85,69.05,68.21,68.26,604666
2043-01-26,68.56,68.99,68.33,68.85,618955
2043-01-27,69.38,70.03,69.19,69.63,120863
2043-01-28,70.29,71.00,70.25,70.34,592172
2043-01-29,70.50,71.51,69.88,71.11,243203
2043-01-30,71.51,71.91,70.85,71.59,244322
2043-02-02,72.20,72.57,71.27,72.30,975615
2043-02-03,71.86,72.35,71.23,71.61,982645
2043-02-04,72.16,72.88,71.11,71.91,874905
2043-02-05,72.38,73.20,72.24,72.31,378594
2043-02-06,72.46,73.48,71.80,73.19,568880
2043-02-09,73.80,74.84,72.97,73.42,749541
2043-02-10,72.99,73.25,72.22,72.75,471118
2043-02-11,72.21,72.61,71.56,72.04,254072
2043-02-12,72.10,72.35,71.58,71.94,915928
2043-02-13,71.64,72.66,71.11,72.48,862925
2043-02-16,72.23,72.97,71.28,72.05,647557
2043-02-17,71.94,72.22,71.64,72.20,308645
2043-02-18,72.44,72.69,72.10,72.49,301135
2043-02-19,72.26,72.58,72.01,72.21,889823
2043-02-20,71.93,72.35,71.19,71.53,661996
2043-02-23,70.89,71.89,70.86,71.80,518444
2043-02-24,72.30,72.95,71.91,72.29,708033
2043-02-25,72.15,72.92,71.51,72.26,547854
2043-02-26,72.13,72.67,71.16,72.54,207355
2043-02-27,72.35,72.85,71.62,72.01,254875
2043-03-02,72.56,72.95,71.88,72.59,868544
2043-03-03,73.08,73.75,72.12,72.35,689968
2043-03-04,72.15,73.02,71.20,71.75,881263
2043-03-05,71.98,72.61,71.82,72.32,897061
2043-03-06,71.73,71.80,71.06,71.56,793836
2043-03-09,71.02,71.06,70.55,70.99,108620
2043-03-10,71.09,71.96,70.29,70.40,796672
2043-03-11,70.84,71.01,70.54,70.61,693321
2043-03-12,71.23,71.98,70.54,71.50,593874
2043-03-13,71.70,72.51,70.97,72.09,666930
2043-03-16,72.29,72.58,71.24,72.48,885107
2043-03-17,72.71,73.64,72.64,73.34,547885
2043-03-18,73.92,74.40,73.15,73.79,438894
2043-03-19,74.36,75.37,73.68,75.26,124114
2043-03-20,75.94,76.26,75.88,76.06,315848
2043-03-23,76.02,76.13,75.08,75.40,571929
2043-03-24,75.89,76.39,74.83,75.90,868837
2043-03-25,75.84,75.93,74.81,75.75,938500
2043-03-26,75.95,76.38,75.80,75.99,669541
2043-03-27,76.30,76.83,75.99,76.62,455961
2043-03-30,77.22,78.23,76.61,77.32,925001
2043-03-31,77.32,77.41,76.92,76.98,726651
2043-04-01,77.47,77.65,77.03,77.51,450045
2043-04-02,77.43,77.63,77.05,77.44,843124
2043-04-03,78.02,79.14,77.38,77.98,269219
2043-04-06,77.50,77.68,76.49,77.37,569335
2043-04-07,77.36,78.42,76.84,77.19,220826
2043-04-08,76.58,76.87,75.90,76.26,854560
2043-04-09,75.59,76.41,75.01,75.23,157092
2043-04-10,75.46,75.79,75.05,75.41,972604
2043-04-13,74.98,75.98,74.92,75.74,909973
2043-04-14,76.20,76.27,75.24,75.88,899832
2043-04-15,75.13,75.31,75.01,75.07,441817
2043-04-16,74.85,75.52,73.95,74.14,984382
2043-04-17,73.64,73.93,73.23,73.65,707695
2043-04-20,73.09,73.44,72.78,73.37,632999
2043-04-21,72.98,73.51,72.17,72.55,425348
2043-04-22,73.01,73.69,72.94,73.07,369547
2043-04-23,72.46,72.70,71.44,72.70,234503
2043-04-24,73.42,73.85,73.05,73.34,483885
2043-04-27,73.09,73.98,72.62,73.42,599758
2043-04-28,73.82,74.72,73.59,74.54,672834
2043-04-29,75.13,75.45,74.90,75.31,180694
2043-04-30,74.79,75.74,74.72,75.63,803947
2043-05-01,74.92,75.06,74.35,74.39,501078
2043-05-04,73.84,74.43,73.15,73.34,407274
2043-05-05,73.43,74.17,72.34,72.53,363715
2043-05-06,72.07,72.36,71.70,72.28,831305
2043-05-07,72.54,73.54,71.98,73.53,547161
2043-05-08,72.86,73.00,72.69,72.78,275250
2043-05-11,73.47,74.49,73.46,74.43,642524
2043-05-12,74.21,74.47,73.93,74.34,326619
2043-05-13,74.75,74.97,74.39,74.51,884648
2043-05-14,74.09,74.84,73.61,74.20,283173
2043-05-15,73.76,73.93,73.59,73.70,162799
2043-05-18,73.65,74.56,72.67,74.14,579255
2043-05-19,73.99,74.33,72.97,72.98,899880
2043-05-20,72.92,72.93,72.65,72.80,502209
2043-05-21,72.24,72.85,71.42,72.29,229951
2043-05-22,71.82,72.31,71.73,71.92,802823
2043-05-25,71.41,72.03,71.17,71.85,166022
2043-05-26,71.66,72.45,71.04,71.12,641862
2043-05-27,70.74,70.86,70.27,70.79,192633
2043-05-28,70.19,70.89,70.09,70.26,856137
2043-05-29,70.09,70.70,69.92,70.48,928551
2043-06-01,70.45,71.29,69.70,70.70,968875
2043-06-02,70.23,71.26,69.82,71.01,841620
2043-06-03,71.06,71.83,70.69,71.59,463765
2043-06-04,71.47,72.43,71.34,72.31,757113
2043-06-05,72.50,73.22,71.86,72.63,246825
2043-06-08,71.95,72.67,71.19,72.15,399271
2043-06-09,72.46,72.47,71.93,72.19,508882
2043-06-10,71.52,72.31,70.84,71.14,941877
2043-06-11,70.92,71.78,70.16,71.22,218201
2043-06-12,71.16,71.96,70.26,71.10,924336
2043-06-15,70.47,71.20,69.69,70.47,548270
2043-06-16,71.01,71.18,70.99,71.10,154890
2043-06-17,71.16,71.69,71.00,71.50,482764
2043-06-18,71.12,71.28,70.60,71.20,141462
2043-06-19,71.81,72.24,71.43,71.69,863943
2043-06-22,71.04,71.29,70.32,70.53,659134
2043-06-23,70.61,71.52,70.17,70.40,797193
2043-06-24,70.75,71.36,70.01,70.85,232584
2043-06-25,71.14,71.52,70.15,70.15,566720
2043-06-26,70.63,71.45,70.22,71.24,609077
2043-06-29,71.07,71.39,70.79,71.09,425828
2043-06-30,71.61,72.62,71.57,72.57,771301
2043-07-01,73.00,74.07,72.42,73.37,734537
2043-07-02,72.83,73.45,72.45,73.40,792029
2043-07-03,72.91,73.37,72.80,73.32,265566
2043-07-06,73.00,73.13,72.24,72.34,787785
2043-07-07,72.54,72.99,71.74,72.36,293286
2043-07-08,73.00,73.80,72.32,73.43,321079
2043-07-09,73.50,73.96,72.52,73.82,158463
2043-07-10,73.66,74.56,72.73,72.97,842904
2043-07-13,72.28,73.15,72.11,72.44,929000
2043-07-14,72.05,72.05,71.72,71.76,161566
2043-07-15,71.96,72.19,71.25,71.53,660834
2043-07-16,72.09,72.23,71.56,71.96,135412
2043-07-17,71.59,72.53,70.86,71.90,472317
2043-07-20,71.44,71.97,70.59,70.98,338392
2043-07-21,70.82,71.06,69.98,70.59,945094
2043-07-22,70.74,71.11,70.40,70.82,282849
2043-07-23,71.18,71.60,70.16,70.59,805920
2043-07-24,70.80,71.25,70.28,70.35,421647
2043-07-27,69.74,70.47,68.96,69.33,210689
2043-07-28,69.71,70.22,68.76,69.40,155202
2043-07-29,69.72,70.46,69.69,69.91,200970
2043-07-30,69.53,69.91,69.04,69.57,612623
2043-07-31,68.91,69.49,68.48,68.66,228083
2043-08-03,68.62,69.42,68.27,69.15,737989
2043-08-04,69.76,70.40,69.74,70.31,254361
2043-08-05,69.95,70.37,69.30,69.96,767388
2043-08-06,70.46,70.52,70.23,70.23,582273
2043-08-07,70.46,71.03,70.13,70.51,903554
2043-08-10,71.16,71.79,71.10,71.65,111701
2043-08-11,71.51,72.40,70.83,71.99,126775
2043-08-12,72.62,73.60,72.16,72.72,281833
2043-08-13,72.51,73.31,71.88,73.30,232346
2043-08-14,73.82,74.79,73.49,74.49,487653
2043-08-17,74.64,75.12,74.54,74.97,333448
2043-08-18,74.95,76.00,74.59,74.74,538666
2043-08-19,74.73,74.98,74.16,74.93,672319
2043-08-20,75.24,75.84,74.32,75.41,990323
2043-08-21,75.22,75.40,74.12,74.78,117023
2043-08-24,75.08,75.57,74.98,75.23,786928
2043-08-25,75.41,75.46,75.14,75.17,272106
2043-08-26,75.72,76.78,74.92,75.93,266950
2043-08-27,75.55,75.58,74.47,75.23,276619
2043-08-28,75.73,75.86,75.01,75.60,852399
2043-08-31,76.24,77.01,75.77,76.14,451380
2043-09-01,75.73,75.88,74.74,75.65,851217
2043-09-02,76.34,77.48,76.05,77.41,628593
2043-09-03,76.95,77.55,75.87,75.94,765980
2043-09-04,75.75,75.83,74.64,75.60,415624
2043-09-07,75.61,75.81,74.69,75.50,206705
2043-09-08,75.78,76.73,75.58,75.62,993904
2043-09-09,75.99,76.57,75.48,76.28,895911
2043-09-10,76.69,77.76,75.95,76.03,213835
2043-09-11,76.74,77.61,75.66,76.24,207278
2043-09-14,76.05,76.90,75.37,76.61,458104
2043-09-15,77.25,77.50,76.78,77.02,378179
2043-09-16,76.48,76.54,76.27,76.27,239081
2043-09-17,75.90,76.43,75.75,75.81,276815
2043-09-18,76.54,76.85,75.78,76.42,597669
2043-09-21,76.28,76.88,75.87,76.53,453253
2043-09-22,75.84,76.37,74.95,76.14,106383
2043-09-23,76.71,76.89,75.67,76.00,600118
2043-09-24,76.32,77.40,76.15,77.39,448262
2043-09-25,78.16,78.64,78.09,78.52,962822
2043-09-28,78.16,78.25,77.98,78.06,123725
2043-09-29,78.65,78.75,77.55,78.65,700006
2043-09-30,79.34,79.86,78.93,78.98,460100
2043-10-01,78.58,78.99,78.08,78.84,366329
2043-10-02,78.32,79.01,77.17,78.79,549517
2043-10-05,79.28,80.20,79.15,79.52,813320
2043-10-06,79.47,79.85,79.00,79.27,245834
2043-10-07,78.63,79.52,78.24,78.70,697106
2043-10-08,77.99,78.15,77.03,77.05,203776
2043-10-09,76.66,77.54,76.15,77.54,865219
2043-10-12,78.12,78.37,78.05,78.33,385791
2043-10-13,78.85,79.77,77.89,79.17,894711
2043-10-14,78.60,79.30,78.04,79.14,519687
2043-10-15,78.58,79.50,77.72,79.40,539680
2043-10-16,80.14,81.19,79.57,80.04,760167
2043-10-19,80.83,81.27,80.78,81.20,859071
2043-10-20,80.50,80.92,79.41,79.79,898205
2043-10-21,79.60,79.80,79.49,79.68,740548
2043-10-22,79.85,80.81,79.44,80.14,304234
2043-10-23,80.39,81.36,80.26,80.28,949996
2043-10-26,79.83,80.03,79.27,79.36,596096
2043-10-27,79.84,81.01,78.66,80.35,314961
2043-10-28,79.84,80.59,78.84,79.87,932463
2043-10-29,80.41,81.32,79.66,81.09,285197
2043-10-30,81.23,81.63,80.49,80.90,947858
2043-11-02,80.77,81.95,80.61,81.73,617742
2043-11-03,81.45,81.90,80.65,81.84,560432
2043-11-04,81.50,82.36,81.36,82.05,210261
2043-11-05,81.40,82.47,81.30,81.35,457156
2043-11-06,80.95,81.50,79.89,80.66,142210
2043-11-09,79.90,80.69,79.20,80.33,353263
2043-11-10,79.77,80.16,78.93,79.34,736194
2043-11-11,79.82,79.97,79.48,79.76,374172
2043-11-12,80.05,81.07,79.87,79.90,846831
2043-11-13,79.12,79.71,78.90,79.53,145727
2043-11-16,79.93,80.99,78.95,79.16,834202
2043-11-17,78.78,78.79,77.73,78.13,194234
2043-11-18,77.91,78.16,77.63,77.99,603627
2043-11-19,77.27,77.28,76.89,76.96,401967
2043-11-20,77.59,78.43,77.01,77.93,354370
2043-11-23,77.26,77.84,76.25,77.75,285624
2043-11-24,78.25,78.98,77.45,78.46,198689
2043-11-25,77.73,78.64,77.23,77.91,998709
2043-11-26,77.42,78.41,77.07,77.45,703942
2043-11-27,77.63,77.96,77.63,77.67,816778
2043-11-30,78.16,79.14,77.87,78.39,586833
2043-12-01,77.69,78.51,77.23,77.71,556922
2043-12-02,77.90,77.92,76.75,76.84,242977
2043-12-03,76.57,77.28,75.82,76.42,653808
2043-12-04,76.03,76.73,75.46,75.97,249896
2043-12-07,75.60,76.49,74.48,76.01,321435
2043-12-08,76.04,76.93,75.21,75.64,482575
2043-12-09,75.12,75.78,74.60,75.76,461875
2043-12-10,75.39,76.35,75.03,76.31,260160
2043-12-11,76.81,77.43,76.21,76.70,407080
2043-12-14,76.74,77.05,75.82,75.84,977643
2043-12-15,76.20,76.37,76.17,76.22,762810
2043-12-16,76.11,76.68,75.27,76.41,602884
2043-12-17,76.56,76.77,76.14,76.43,909584
2043-12-18,75.91,76.02,75.69,75.91,820920
2043-12-21,75.73,76.31,74.83,75.77,169719
2043-12-22,75.33,75.53,74.92,74.95,630583
2043-12-23,75.19,75.93,74.27,75.84,401897
2043-12-24,76.53,77.24,76.29,76.93,969778
2043-12-25,76.29,76.87,76.27,76.42,983126
2043-12-28,76.97,77.98,75.91,77.13,714472
2043-12-29,76.70,77.60,76.57,77.09,721005
2043-12-30,77.23,77.26,76.63,76.74,411223
2043-12-31,76.84,77.59,76.49,76.77,122237
2044-01-01,77.50,78.44,77.09,77.73,897383
2044-01-04,77.65,78.25,77.63,78.02,279737
2044-01-05,78.74,78.91,78.63,78.69,745881
2044-01-06,79.23,80.14,79.14,79.18,609804
2044-01-07,79.47,80.32,79.10,80.23,512649
2044-01-08,80.30,80.99,79.69,80.11,650106
2044-01-11,79.36,80.49,78.62,79.24,624119
2044-01-12,79.69,79.79,79.56,79.57,750953
2044-01-13,79.36,79.66,78.32,79.06,915156
2044-01-14,79.56,79.57,78.96,79.01,809898
2044-01-15,79.71,79.85,79.08,79.82,494344
2044-01-18,79.83,80.08,79.47,79.81,250301
2044-01-19,80.34,80.56,80.34,80.46,377641
2044-01-20,79.92,80.50,79.18,79.74,600865
2044-01-21,80.30,81.38,79.46,81.29,430074
2044-01-22,81.55,81.63,81.31,81.46,469507
2044-01-25,80.65,81.15,80.49,81.03,446281
2044-01-26,80.40,80.70,79.55,80.38,722473
2044-01-27,80.44,81.08,80.32,80.97,288491
2044-01-28,81.30,82.40,80.09,80.51,777729
2044-01-29,80.54,80.56,80.52,80.54,553602
2044-02-01,80.00,80.21,79.36,79.53,818312
2044-02-02,78.76,79.93,78.10,79.08,310536
2044-02-03,78.32,79.17,78.24,78.33,363804
2044-02-04,77.75,78.90,77.53,78.39,732856
2044-02-05,77.76,78.17,77.35,77.96,511688
2044-02-08,77.56,77.59,76.60,76.67,362063
2044-02-09,77.33,77.55,77.14,77.38,956026
2044-02-10,76.87,77.40,75.78,75.81,893108
2044-02-11,76.08,76.54,74.96,76.47,986179
2044-02-12,76.06,76.26,75.41,75.80,550444
2044-02-15,75.64,76.16,75.40,75.66,399450
2044-02-16,75.39,75.63,74.72,74.81,688203
2044-02-17,74.55,75.01,73.77,74.89,861599
2044-02-18,75.59,76.61,75.41,75.81,899391
2044-02-19,76.49,76.89,75.56,76.32,784406
2044-02-22,76.26,77.06,75.42,76.11,790622
2044-02-23,75.45,75.85,74.74,74.77,554215
2044-02-24,75.38,75.82,75.36,75.69,642270
2044-02-25,76.07,76.61,75.41,76.08,799084
2044-02-26,75.35,75.55,75.31,75.42,975369
2044-02-29,76.08,76.62,75.02,76.42,831958
2044-03-01,76.92,77.93,76.57,77.14,579879
2044-03-02,77.89,78.26,76.96,77.80,512975
2044-03-03,78.01,79.10,76.92,77.94,242818
2044-03-04,78.04,78.50,77.97,78.29,312242
2044-03-07,78.82,79.45,78.63,78.93,554501
2044-03-08,78.22,79.17,77.47,78.90,540607
2044-03-09,78.43,79.31,77.28,79.03,380275
2044-03-10,78.42,78.61,77.84,78.29,852439
2044-03-11,78.06,78.68,77.52,78.53,739576
2044-03-14,78.26,78.43,77.11,77.78,370957
2044-03-15,77.26,77.44,76.65,76.66,939349
2044-03-16,76.98,76.99,76.13,76.92,559118
2044-03-17,76.52,76.92,75.72,75.77,702949
2044-03-18,75.64,76.58,75.24,76.48,646040
2044-03-21,77.05,77.34,76.92,77.12,636583
2044-03-22,77.09,77.26,76.73,76.86,367342
2044-03-23,77.61,77.98,76.69,77.86,862268
2044-03-24,77.71,78.45,77.64,77.68,394697
2044-03-25,78.15,78.63,77.19,77.75,623092
2044-03-28,77.54,78.17,77.51,78.11,678812
2044-03-29,78.26,79.07,78.18,78.29,133710
2044-03-30,78.25,79.25,77.38,78.96,757700
2044-03-31,78.70,78.73,77.69,78.28,784057
2044-04-01,78.33,79.31,77.86,78.51,420917
2044-04-04,77.86,78.78,77.15,78.55,136893
2044-04-05,78.82,79.63,78.13,79.27,284109
2044-04-06,79.11,79.90,79.02,79.53,885130
2044-04-07,79.94,81.06,79.93,80.07,924147
2044-04-08,80.64,81.73,80.16,80.87,272933
2044-04-11,81.00,81.76,80.65,81.46,861061
2044-04-12,80.84,81.34,80.22,80.51,474678
2044-04-13,80.63,81.47,80.22,80.45,291336
2044-04-14,80.48,80.66,79.36,79.91,663821
2044-04-15,79.17,79.49,78.68,79.09,993087
2044-04-18,78.85,79.83,78.78,79.14,948444
2044-04-19,79.79,80.36,78.76,79.25,583045
2044-04-20,79.79,80.14,79.38,80.02,559513
2044-04-21,80.73,81.71,80.42,80.82,250323
2044-04-22,80.12,80.12,79.90,80.05,903160
2044-04-25,79.35,79.55,78.95,79.43,368669
2044-04-26,79.23,80.19,78.20,79.23,621637
2044-04-27,79.92,80.28,79.53,80.09,662433
2044-04-28,79.39,80.32,78.86,80.16,803679
2044-04-29,79.44,79.64,79.06,79.29,108552
2044-05-02,79.37,79.55,78.28,79.21,129432
2044-05-03,79.99,80.03,79.75,79.93,122192
2044-05-04,80.20,81.24,79.61,81.09,467623
2044-05-05,80.43,80.90,80.33,80.89,849066
2044-05-06,80.73,81.44,80.05,81.25,118871
2044-05-09,81.67,82.64,80.99,81.25,944719
2044-05-10,81.25,82.23,80.81,81.68,665034
2044-05-11,81.48,81.49,80.57,81.31,575623
2044-05-12,81.79,82.17,81.65,81.83,622745
2044-05-13,81.91,82.76,81.78,82.16,839713
2044-05-16,82.31,83.19,82.21,82.71,747868
2044-05-17,82.31,83.04,81.35,81.93,774481
2044-05-18,81.44,82.17,80.98,81.67,868770
2044-05-19,82.21,82.56,81.52,81.69,801054
2044-05-20,81.11,81.22,80.58,81.13,293212
2044-05-23,80.87,81.68,80.56,80.68,908667
2044-05-24,81.47,82.37,81.35,81.48,309976
2044-05-25,81.99,82.06,81.22,81.54,615735
2044-05-26,81.69,81.78,81.32,81.49,972658
2044-05-27,80.89,81.74,79.82,79.92,430057
2044-05-30,79.96,80.53,79.19,79.70,130235
2044-05-31,80.48,81.59,80.45,81.51,165957
2044-06-01,81.51,82.07,80.93,81.17,260265
2044-06-02,80.76,81.39,80.14,81.06,276548
2044-06-03,81.75,81.99,81.47,81.76,353306
2044-06-06,81.40,82.14,81.25,81.29,636595
2044-06-07,81.15,82.05,80.79,81.78,129688
2044-06-08,81.94,82.00,81.49,81.49,851591
2044-06-09,81.74,81.75,81.34,81.60,509512
2044-06-10,81.32,81.65,81.32,81.40,266497
2044-06-13,80.84,81.52,80.35,81.04,384691
2044-06-14,80.47,81.52,80.37,81.18,235783
2044-06-15,81.76,82.43,81.28,81.73,270068
2044-06-16,81.60,81.70,80.80,81.55,877718
2044-06-17,82.25,83.23,81.55,82.21,672665
2044-06-20,82.22,83.20,81.28,81.56,810855
2044-06-21,81.05,81.08,80.33,80.66,979858
2044-06-22,80.84,81.42,79.87,80.45,557015
2044-06-23,80.85,81.85,80.42,81.63,414739
2044-06-24,81.46,82.31,80.51,82.28,444088
2044-06-27,82.38,82.71,81.52,81.92,718633
2044-06-28,81.24,82.36,81.14,81.54,558720
2044-06-29,82.13,82.88,81.59,81.83,341964
2044-06-30,81.51,82.52,80.31,80.68,947198
2044-07-01,80.80,81.75,79.70,80.77,282596
2044-07-04,81.20,81.58,80.09,80.57,716630
2044-07-05,80.03,80.58,79.00,79.75,296511
2044-07-06,79.59,80.46,78.97,80.26,174942
2044-07-07,80.54,80.63,80.53,80.60,685541
2044-07-08,79.97,80.03,79.53,79.55,645939
2044-07-11,79.15,79.91,78.35,78.46,191254
2044-07-12,78.42,78.85,77.58,78.79,947696
2044-07-13,78.70,78.85,77.93,78.44,806653
2044-07-14,78.97,79.88,77.82,79.56,891039
2044-07-15,80.10,80.42,79.49,79.52,233101
2044-07-18,78.88,79.89,78.54,78.72,797052
2044-07-19,79.20,79.80,78.92,79.52,395780
2044-07-20,79.14,80.02,78.38,79.97,562865
2044-07-21,80.63,81.75,80.32,81.15,989671
2044-07-22,80.50,81.04,79.65,80.58,789656
2044-07-25,81.19,81.99,80.58,81.30,679068
2044-07-26,80.57,81.63,79.85,80.38,830362
2044-07-27,81.15,81.79,81.04,81.35,219656
2044-07-28,80.89,82.00,80.12,81.19,632309
2044-07-29,80.93,81.50,80.40,81.41,722698
2044-08-01,81.51,82.46,81.11,81.58,114326
2044-08-02,81.35,81.97,80.99,81.94,784983
2044-08-03,82.67,83.82,82.37,83.13,100042
2044-08-04,83.49,84.47,82.29,83.97,942390
2044-08-05,83.96,84.60,83.75,83.78,859029
2044-08-08,83.85,84.11,82.72,82.83,803617
2044-08-09,83.01,83.15,82.33,82.48,342118
2044-08-10,83.26,84.32,82.86,83.44,817935
2044-08-11,84.00,84.61,83.71,83.93,961098
2044-08-12,84.26,84.38,83.81,84.30,222739
2044-08-15,84.44,84.65,83.29,83.37,418073
2044-08-16,82.84,83.70,82.60,82.98,820080
2044-08-17,82.83,83.77,82.16,82.51,633897
2044-08-18,83.09,84.18,82.06,82.70,685066
2044-08-19,82.48,82.97,81.84,81.96,124635
2044-08-22,81.79,81.98,81.47,81.86,205276
2044-08-23,81.84,82.40,81.15,81.89,370924
2044-08-24,81.13,82.33,80.96,81.43,381899
2044-08-25,81.13,81.20,80.69,80.85,978832
2044-08-26,80.67,81.07,80.64,80.77,942498
2044-08-29,80.28,80.58,79.74,80.49,528988
2044-08-30,79.81,80.99,79.05,79.60,559285
2044-08-31,79.28,79.50,78.99,79.02,587232
2044-09-01,78.98,79.28,77.91,78.77,398927
2044-09-02,79.56,80.29,79.02,79.35,156132
2044-09-05,79.46,80.29,78.29,79.62,637052
2044-09-06,80.35,81.29,79.38,80.89,748116
2044-09-07,80.20,80.31,79.58,80.01,623442
2044-09-08,79.43,80.32,78.72,79.98,557682
2044-09-09,79.40,79.41,78.46,78.87,572270
2044-09-12,79.17,79.72,78.10,78.80,190378
2044-09-13,78.27,78.67,78.18,78.64,957723
2044-09-14,79.15,80.28,78.29,78.75,154664
2044-09-15,77.97,78.33,77.21,77.95,131945
2044-09-16,78.05,78.67,77.14,78.64,572806
2044-09-19,78.31,78.89,77.82,78.21,439139
2044-09-20,78.93,79.85,78.36,79.27,294519
2044-09-21,79.42,79.54,78.47,79.18,809751
2044-09-22,79.02,80.09,78.21,79.11,340938
2044-09-23,78.75,78.86,78.33,78.50,871003
2044-09-26,78.64,78.77,77.60,77.61,589641
2044-09-27,77.63,78.06,77.43,77.75,846961
2044-09-28,78.10,78.39,77.43,77.70,632352
2044-09-29,78.28,78.91,77.29,78.85,813754
2044-09-30,78.14,78.46,77.54,77.81,693744
2044-10-03,78.05,78.79,77.74,77.93,224683
2044-10-04,77.50,78.07,76.66,77.77,810256
2044-10-05,77.98,78.85,77.43,78.35,600948
2044-10-06,78.66,78.95,78.55,78.74,943533
2044-10-07,78.27,78.33,77.62,77.98,765392
2044-10-10,77.80,78.67,77.35,77.95,285126
2044-10-11,78.03,78.44,77.60,78.16,986201
2044-10-12,78.52,79.20,78.05,78.73,663638
2044-10-13,78.44,78.78,78.25,78.40,914758
2044-10-14,78.11,78.57,77.08,77.18,310244
2044-10-17,77.63,78.70,77.37,77.64,626115
2044-10-18,77.28,77.45,76.83,77.04,110824
2044-10-19,76.45,76.84,75.91,76.21,954610
2044-10-20,75.96,76.04,75.55,76.01,462455
2044-10-21,75.35,75.63,74.95,75.46,915341
2044-10-24,74.93,75.05,74.73,74.88,762273
2044-10-25,75.44,76.25,74.51,75.78,645576
2044-10-26,76.39,77.03,75.67,76.54,330070
2044-10-27,76.41,77.46,76.02,77.45,636175
2044-10-28,77.97,78.07,77.04,77.87,751482
2044-10-31,78.11,78.12,77.91,78.10,623577
2044-11-01,78.52,79.47,77.81,79.07,680706
2044-11-02,79.75,79.98,79.33,79.83,192679
2044-11-03,80.41,81.05,79.83,80.83,935776
2044-11-04,80.90,81.54,79.85,81.03,217250
2044-11-07,81.57,81.83,80.95,81.43,685372
2044-11-08,81.96,82.62,81.22,81.77,683342
2044-11-09,82.16,82.52,81.64,82.32,373677
2044-11-10,81.68,82.39,81.27,81.56,139193
2044-11-11,80.79,81.81,79.82,80.02,460516
2044-11-14,80.73,81.46,80.51,80.55,707708
2044-11-15,80.92,81.28,80.04,80.55,938184
2044-11-16,80.07,80.52,79.02,79.42,580130
2044-11-17,79.20,79.82,79.12,79.27,949684
2044-11-18,78.63,79.42,77.97,79.10,177564
2044-11-21,78.89,79.97,78.44,78.99,495402
2044-11-22,78.38,78.74,77.58,77.69,604738
2044-11-23,77.97,78.75,77.28,77.83,383387
2044-11-24,77.64,78.15,76.96,77.92,981376
2044-11-25,78.10,79.02,77.77,78.43,791102
2044-11-28,79.18,79.59,78.23,78.94,789533
2044-11-29,79.41,80.13,79.24,79.66,114436
2044-11-30,80.06,80.09,79.63,79.64,197542
2044-12-01,79.11,80.25,79.07,80.08,524050
2044-12-02,79.66,80.04,78.53,78.63,637704
2044-12-05,78.20,78.82,77.96,78.16,273757
2044-12-06,77.90,78.51,76.92,77.09,810849
2044-12-07,76.38,76.42,76.12,76.38,919058
2044-12-08,75.97,76.18,75.34,75.75,973376
2044-12-09,75.03,75.66,75.01,75.41,147178
2044-12-12,75.44,75.80,74.46,74.69,896924
2044-12-13,74.10,75.00,73.36,73.96,768323
2044-12-14,73.47,73.87,72.69,73.52,714132
2044-12-15,72.79,72.92,71.88,72.31,577313
2044-12-16,71.64,72.53,71.43,71.47,409562
2044-12-19,71.21,71.86,70.63,71.02,916120
2044-12-20,70.64,71.05,69.92,70.67,635775
2044-12-21,71.17,72.14,70.35,70.48,160787
2044-12-22,71.00,71.85,70.77,71.55,621231
2044-12-23,72.21,72.35,71.77,72.10,983499
2044-12-26,72.08,72.86,71.63,72.06,720117
2044-12-27,71.40,71.99,70.42,71.05,232426
2044-12-28,70.73,71.22,69.72,70.37,236512
2044-12-29,70.70,71.23,70.38,71.20,558232
2044-12-30,71.78,71.98,71.00,71.45,936207
2045-01-02,71.72,72.44,71.47,72.23,715043
2045-01-03,71.59,72.59,71.27,72.57,355815
2045-01-04,72.35,72.98,71.47,71.54,558993
2045-01-05,71.38,71.65,70.93,71.61,153360
2045-01-06,71.92,72.03,71.45,71.91,622993
2045-01-09,72.09,72.46,71.57,72.41,526219
2045-01-10,72.46,72.86,71.71,72.63,412582
2045-01-11,72.47,73.03,72.10,72.37,298917
2045-01-12,72.83,73.35,72.48,73.01,762143
2045-01-13,72.40,72.64,72.24,72.44,892300
2045-01-16,72.70,72.83,71.90,71.93,148417
2045-01-17,71.55,72.17,71.16,71.49,786464
2045-01-18,71.34,71.54,70.46,71.06,219889
2045-01-19,71.37,72.03,70.66,71.15,855421
2045-01-20,71.76,72.73,71.39,72.55,740671
2045-01-23,72.54,73.55,71.71,72.79,359533
2045-01-24,72.78,73.65,72.20,72.96,947339
2045-01-25,73.00,73.03,72.45,73.01,157965
2045-01-26,73.11,73.28,72.57,72.82,179941
2045-01-27,72.73,72.79,72.24,72.44,746898
2045-01-30,72.38,72.40,72.24,72.35,899458
2045-01-31,72.82,73.19,72.59,73.02,479910
2045-02-01,72.54,72.56,72.51,72.52,861210
2045-02-02,72.09,72.95,71.76,72.34,814022
2045-02-03,72.02,72.12,71.82,71.90,360553
2045-02-06,72.28,72.60,71.44,72.06,300867
2045-02-07,72.74,72.75,72.40,72.68,996227
2045-02-08,72.67,73.21,71.95,72.24,743985
2045-02-09,72.95,73.55,72.67,73.45,852080
2045-02-10,72.98,73.82,72.52,73.26,872685
2045-02-13,72.91,73.81,72.75,72.77,434515
2045-02-14,72.72,73.77,72.69,73.49,912863
2045-02-15,73.40,74.23,72.95,73.84,251108
2045-02-16,73.99,74.52,73.65,73.91,638539
2045-02-17,73.98,74.96,73.43,73.53,945785
2045-02-20,73.43,73.79,73.35,73.42,929171
2045-02-21,73.41,74.26,73.33,73.64,577842
2045-02-22,74.36,75.22,74.35,74.86,281745
2045-02-23,75.11,75.26,74.29,74.97,684861
2045-02-24,74.82,74.82,73.82,74.46,903311
2045-02-27,73.91,74.81,73.80,74.69,227906
2045-02-28,75.28,76.19,74.69,76.17,676434
2045-03-01,75.89,76.14,75.53,75.96,206480
2045-03-02,75.85,76.09,74.96,75.77,946501
2045-03-03,75.84,75.97,75.71,75.87,542962
2045-03-06,76.47,76.95,76.21,76.60,148449
2045-03-07,77.36,78.12,77.16,78.04,740040
2045-03-08,78.25,78.84,77.21,78.18,962901
2045-03-09,78.09,78.60,77.22,77.56,994313
2045-03-10,77.99,78.22,77.96,78.14,108656
2045-03-13,77.64,78.04,76.67,77.54,863179
2045-03-14,77.50,77.70,76.95,77.37,997149
2045-03-15,77.98,78.74,76.91,78.46,364690
2045-03-16,78.11,78.72,77.41,77.88,402942
2045-03-17,78.17,79.31,78.06,78.87,490579
2045-03-20,78.30,79.03,77.42,78.77,927480
2045-03-21,78.46,78.98,78.12,78.70,383032
2045-03-22,78.77,78.94,78.75,78.78,433640
2045-03-23,78.53,78.81,78.16,78.68,501620
2045-03-24,78.41,79.20,77.25,78.16,317390
2045-03-27,78.08,78.57,77.17,77.47,276658
2045-03-28,77.13,78.13,76.14,77.16,562651
2045-03-29,77.67,78.37,76.92,77.57,845144
2045-03-30,77.31,77.86,76.71,77.38,498286
2045-03-31,76.94,77.22,76.12,77.20,810947
2045-04-03,76.91,77.73,76.62,76.84,671180
2045-04-04,76.52,77.34,76.44,77.02,909431
2045-04-05,77.76,78.06,76.64,77.27,733470
2045-04-06,76.60,76.76,75.89,76.48,293253
2045-04-07,76.51,76.76,75.49,75.56,421358
2045-04-10,75.43,76.50,74.82,75.25,744463
2045-04-11,74.54,75.18,74.01,74.04,903871
2045-04-12,73.42,74.17,72.63,73.85,272430
2045-04-13,73.46,74.25,72.39,73.34,232520
2045-04-14,72.75,73.06,71.72,72.89,528476
2045-04-17,72.68,73.25,72.17,72.89,851039
2045-04-18,73.34,73.52,73.33,73.39,327056
2045-04-19,73.68,74.71,73.65,74.59,429159
2045-04-20,75.01,75.29,74.08,74.18,790016
2045-04-21,73.62,73.91,72.84,73.71,414499
2045-04-24,74.27,74.59,73.18,74.12,301229
2045-04-25,74.20,74.92,73.72,74.26,561087
2045-04-26,73.80,74.45,73.39,73.43,499549
2045-04-27,72.99,73.66,72.13,72.77,349332
2045-04-28,73.33,74.14,73.25,73.35,121193
2045-05-01,73.79,74.53,73.06,73.17,344220
2045-05-02,73.40,74.28,72.85,73.44,571909
2045-05-03,72.76,73.79,72.60,73.00,831200
2045-05-04,73.66,73.99,73.51,73.63,460069
2045-05-05,74.13,74.86,73.96,74.01,319008
2045-05-08,73.93,74.76,73.16,73.73,698715
2045-05-09,73.00,73.41,72.56,72.64,992052
2045-05-10,72.28,72.41,71.43,71.80,902379
2045-05-11,71.81,72.76,71.30,71.62,806718
2045-05-12,71.82,72.46,71.13,72.17,354238
2045-05-15,71.84,72.80,71.52,72.08,491012
2045-05-16,71.66,71.92,70.70,70.73,642052
2045-05-17,71.27,72.07,70.42,71.29,336662
2045-05-18,70.57,71.63,70.41,70.91,915486
2045-05-19,70.91,71.82,70.85,71.67,617229
2045-05-22,71.15,71.77,70.87,70.87,335100
2045-05-23,70.29,70.57,69.72,69.94,147030
2045-05-24,69.89,70.02,69.83,69.85,216122
2045-05-25,69.73,70.47,68.80,69.23,535941
2045-05-26,69.05,69.25,68.67,68.97,184978
2045-05-29,69.59,70.02,69.13,69.26,298501
2045-05-30,68.87,69.39,68.78,69.32,550994
2045-05-31,69.45,69.58,69.08,69.17,307730
2045-06-01,68.52,69.02,67.77,68.73,523687
2045-06-02,68.85,69.80,68.70,69.09,790063
2045-06-05,69.34,70.11,68.83,69.22,119245
2045-06-06,69.52,70.01,69.20,69.60,163156
2045-06-07,69.63,69.80,69.56,69.58,862156
2045-06-08,69.42,70.23,68.81,68.92,970469
2045-06-09,68.85,69.09,68.03,68.73,841549
2045-06-12,69.01,69.33,68.80,69.14,864315
2045-06-13,68.91,69.67,68.12,68.40,840792
2045-06-14,68.56,68.68,67.56,68.02,415118
2045-06-15,67.79,68.65,66.83,67.69,551250
2045-06-16,68.21,68.96,67.69,68.47,816377
2045-06-19,68.19,69.00,67.20,67.46,901679
2045-06-20,67.42,67.74,66.49,67.12,579146
2045-06-21,67.13,67.29,66.73,66.75,873338
2045-06-22,66.37,66.83,65.88,66.44,333027
2045-06-23,66.68,67.59,65.70,65.83,876340
2045-06-26,66.47,66.90,66.19,66.59,719490
2045-06-27,66.77,67.29,65.96,67.00,272474
2045-06-28,66.90,67.25,66.57,67.01,507328
2045-06-29,67.30,68.08,66.85,66.98,602584
2045-06-30,67.23,67.62,66.54,67.04,207000
2045-07-03,66.90,67.81,66.34,67.08,290800
2045-07-04,66.50,67.42,65.99,67.01,780188
2045-07-05,67.02,67.67,66.14,66.32,873844
2045-07-06,66.86,67.25,66.32,67.24,126246
2045-07-07,67.79,68.13,67.21,68.08,601812
2045-07-10,67.75,68.08,67.03,67.96,655211
2045-07-11,68.17,68.97,67.22,68.97,589513
2045-07-12,68.78,69.67,68.59,69.39,339247
2045-07-13,69.60,69.79,68.65,69.19,113953
2045-07-14,69.31,69.76,69.04,69.32,975157
2045-07-17,69.79,70.02,68.95,69.21,118774
2045-07-18,69.00,69.48,68.58,68.59,994751
2045-07-19,69.09,69.66,68.60,69.36,798330
2045-07-20,69.23,69.31,68.41,69.04,888731
2045-07-21,69.31,70.20,68.80,68.95,232782
2045-07-24,68.97,69.25,68.01,68.68,567333
2045-07-25,68.25,68.38,68.03,68.15,509544
2045-07-26,68.74,69.03,67.83,68.50,412621
2045-07-27,68.22,68.93,67.51,68.84,941409
2045-07-28,68.45,69.36,68.11,68.53,303696
2045-07-31,68.68,68.87,67.71,68.83,248786
2045-08-01,68.86,69.30,68.78,68.93,704490
2045-08-02,69.03,69.21,68.95,69.08,176589
2045-08-03,69.54,70.58,69.11,69.37,832656
2045-08-04,69.22,69.67,68.26,69.22,752146
2045-08-07,69.65,69.93,68.94,69.03,306050
2045-08-08,69.51,69.75,68.52,68.64,335570
2045-08-09,68.81,68.87,68.23,68.69,543509
2045-08-10,68.44,69.41,67.77,68.27,158147
2045-08-11,68.35,68.77,67.85,68.57,564773
2045-08-14,68.22,68.47,67.50,67.65,849109
2045-08-15,67.21,67.49,66.56,67.06,667163
2045-08-16,66.62,66.68,66.25,66.60,179302
2045-08-17,66.75,66.97,66.50,66.52,619658
2045-08-18,66.67,66.91,66.31,66.55,186364
2045-08-21,66.70,66.86,66.58,66.73,448612
2045-08-22,67.21,68.09,66.34,66.69,829923
2045-08-23,66.12,66.98,65.48,66.43,210649
2045-08-24,65.90,66.31,65.38,66.24,444834
2045-08-25,66.77,66.98,66.37,66.63,829528
2045-08-28,66.82,67.15,66.10,66.32,250490
2045-08-29,66.72,67.22,66.54,66.70,468245
2045-08-30,66.19,66.79,65.41,66.32,298811
2045-08-31,66.60,67.47,65.97,67.36,849737
2045-09-01,66.95,67.06,66.89,66.90,990904
2045-09-04,67.56,68.49,67.50,67.93,942572
2045-09-05,67.77,67.80,67.71,67.80,226775
2045-09-06,68.23,69.18,67.78,68.99,332453
2045-09-07,69.58,70.30,68.89,69.90,226650
2045-09-08,70.00,70.88,69.02,70.21,831236
2045-09-11,69.83,70.62,69.58,69.81,201122
2045-09-12,70.37,70.42,69.44,70.37,452000
2045-09-13,70.41,70.92,69.92,70.52,976678
2045-09-14,70.44,71.41,70.06,70.36,858090
2045-09-15,70.58,71.13,70.18,71.11,466614
2045-09-18,71.43,72.09,70.99,71.17,864890
2045-09-19,71.02,71.45,70.45,71.25,703177
2045-09-20,71.91,72.02,70.90,70.96,573010
2045-09-21,71.42,71.83,71.17,71.81,146665
2045-09-22,71.56,72.60,70.64,70.70,582336
2045-09-25,70.01,70.61,69.54,69.55,790328
2045-09-26,70.21,70.40,69.31,70.32,162435
2045-09-27,69.71,70.61,69.16,69.68,549264
2045-09-28,69.39,70.11,68.44,68.58,356319
2045-09-29,69.04,69.41,68.47,68.51,672828
2045-10-02,68.54,69.52,67.85,68.02,817876
2045-10-03,67.68,67.74,67.56,67.65,806970
2045-10-04,67.51,68.34,66.52,67.77,955110
2045-10-05,68.39,69.34,68.21,68.60,794635
2045-10-06,68.39,69.06,67.46,68.69,595407
2045-10-09,68.45,68.74,68.31,68.59,473182
2045-10-10,68.31,68.32,68.27,68.29,985994
2045-10-11,68.32,68.80,68.27,68.79,338884
2045-10-12,68.69,69.17,67.96,68.87,227106
2045-10-13,68.43,68.47,67.55,68.20,914105
2045-10-16,68.45,68.71,67.51,67.58,335755
2045-10-17,68.05,69.00,68.00,68.74,237395
2045-10-18,68.60,68.94,68.21,68.28,207968
2045-10-19,68.13,68.39,67.53,67.76,811974
2045-10-20,67.55,68.22,66.60,67.94,108220
2045-10-23,68.05,68.95,68.00,68.22,317276
2045-10-24,68.10,68.90,67.81,68.04,463083
2045-10-25,68.13,68.13,67.81,67.98,818089
2045-10-26,68.56,68.79,67.73,67.79,124266
2045-10-27,67.24,68.14,66.48,67.07,159842
2045-10-30,66.41,67.17,66.01,66.93,630583
2045-10-31,67.13,67.22,66.43,67.19,547817
2045-11-01,67.82,68.13,67.34,68.03,535266
2045-11-02,68.02,68.11,67.56,67.77,424705
2045-11-03,67.38,67.50,66.53,66.97,370405
2045-11-06,67.17,67.95,67.01,67.79,986482
2045-11-07,67.78,68.29,67.49,68.22,489913
2045-11-08,68.83,69.32,68.69,69.03,105432
2045-11-09,69.01,69.79,68.69,69.21,444720
2045-11-10,69.10,69.33,68.26,68.48,707864
2045-11-13,69.12,69.49,69.11,69.16,693834
2045-11-14,68.53,69.41,68.36,69.29,590482
2045-11-15,69.60,70.35,68.76,69.17,766613
2045-11-16,68.65,69.17,68.20,68.85,638662
2045-11-17,68.42,68.45,68.40,68.43,547532
2045-11-20,68.57,69.37,68.15,68.55,627630
2045-11-21,67.91,68.22,67.60,67.93,745388
2045-11-22,67.49,67.55,67.46,67.46,728543
2045-11-23,67.76,67.80,66.89,67.38,366544
2045-11-24,67.09,67.48,66.76,66.90,843793
2045-11-27,66.78,67.29,66.14,66.29,641462
2045-11-28,66.21,67.17,65.92,66.90,172524
2045-11-29,66.69,67.19,66.24,66.86,328219
2045-11-30,66.51,66.66,65.54,66.34,614765
2045-12-01,65.93,66.32,65.37,65.64,556435
2045-12-04,66.23,66.42,65.95,66.00,528059
2045-12-05,66.19,66.75,65.82,66.70,721319
2045-12-06,66.57,66.73,66.01,66.13,515341
2045-12-07,66.07,66.49,66.00,66.26,345558
2045-12-08,66.46,67.17,66.40,66.90,249879
2045-12-11,66.41,67.19,65.55,65.81,608176
2045-12-12,65.20,66.05,65.08,65.24,349560
2045-12-13,64.58,64.88,64.29,64.30,623536
2045-12-14,64.91,65.26,64.10,65.21,953546
2045-12-15,65.61,66.21,65.02,65.75,786052
2045-12-18,65.64,65.69,65.61,65.66,313647
2045-12-19,65.50,66.21,65.16,65.96,687256
2045-12-20,66.11,66.78,65.22,66.37,479751
2045-12-21,66.32,66.90,66.19,66.68,584628
2045-12-22,66.29,67.07,65.34,66.49,206718
2045-12-25,66.34,66.88,65.91,66.11,586402
2045-12-26,66.11,66.64,65.81,66.31,322889
2045-12-27,66.47,67.26,66.01,67.04,201366
2045-12-28,67.67,68.56,67.08,67.60,985485
2045-12-29,67.87,68.05,67.84,68.03,830842
2046-01-01,68.03,68.77,67.37,67.64,602788
2046-01-02,68.32,68.92,67.33,68.25,498058
2046-01-03,68.31,68.48,67.90,67.98,587608
2046-01-04,68.01,68.72,67.98,68.48,938669
2046-01-05,68.69,68.86,67.88,68.43,123561
2046-01-08,68.21,68.81,67.78,68.60,174133
2046-01-09,68.49,68.75,68.12,68.52,583705
2046-01-10,68.98,69.44,68.76,68.85,416113
2046-01-11,69.53,69.84,69.28,69.66,912196
2046-01-12,69.70,70.49,68.65,69.48,471824
2046-01-15,69.28,70.31,69.03,69.55,589249
2046-01-16,69.86,70.51,69.20,70.06,400076
2046-01-17,69.74,70.59,68.89,69.38,729324
2046-01-18,69.59,69.99,68.83,68.92,373955
2046-01-19,68.84,69.16,68.54,68.86,823285
2046-01-22,68.45,69.28,68.07,68.45,745805
2046-01-23,67.94,68.25,67.32,67.98,379637
2046-01-24,67.85,68.32,67.14,67.59,987407
2046-01-25,67.37,67.71,66.73,67.16,569846
2046-01-26,66.56,66.74,65.70,65.84,788349
2046-01-29,65.25,65.70,64.47,64.84,824953
2046-01-30,65.01,65.30,64.67,65.23,311138
2046-01-31,65.47,65.51,65.39,65.49,924172
2046-02-01,65.67,66.48,64.73,64.89,416117
2046-02-02,65.29,65.83,64.48,65.55,499397
2046-02-05,66.11,67.01,65.69,66.27,547043
2046-02-06,65.61,66.48,65.60,66.25,668301
2046-02-07,66.47,67.19,65.99,67.06,636430
2046-02-08,67.66,67.94,67.45,67.89,927838
2046-02-09,68.50,69.27,68.40,68.50,346905
2046-02-12,68.90,68.91,68.40,68.74,322813
2046-02-13,68.28,68.53,67.26,67.51,781511
2046-02-14,67.45,68.14,66.52,66.83,300144
2046-02-15,67.49,67.95,67.48,67.94,542778
2046-02-16,68.15,68.31,67.58,67.98,236280
2046-02-19,67.76,68.42,67.48,67.99,381338
2046-02-20,67.71,67.85,66.89,67.21,213005
2046-02-21,67.13,67.47,66.46,67.40,483563
2046-02-22,67.87,68.32,66.93,67.75,728442
2046-02-23,67.38,68.29,67.22,67.31,256303
2046-02-26,67.36,67.70,66.90,66.91,498274
2046-02-27,66.65,67.54,66.13,66.42,894313
2046-02-28,66.15,66.66,65.55,66.02,670988
2046-03-01,65.54,66.35,64.90,65.76,954159
2046-03-02,66.25,67.24,65.82,66.20,559486
2046-03-05,66.22,66.51,66.13,66.31,373783
2046-03-06,66.77,67.26,66.13,66.50,512849
2046-03-07,67.05,67.97,66.22,67.36,756476
2046-03-08,66.92,67.79,66.17,67.55,430111
2046-03-09,67.21,67.92,66.79,67.29,993904
2046-03-12,67.70,68.34,67.41,68.32,392590
2046-03-13,68.67,69.20,68.52,68.74,300845
2046-03-14,69.11,69.21,69.09,69.16,905205
2046-03-15,69.61,70.20,68.86,70.13,284978
2046-03-16,69.67,69.86,69.24,69.29,674894
2046-03-19,69.48,70.44,68.50,69.75,149925
2046-03-20,69.75,69.76,69.56,69.56,279874
2046-03-21,69.76,69.91,69.43,69.44,412603
2046-03-22,69.22,70.26,68.67,69.01,284656
2046-03-23,68.61,69.04,68.29,69.03,464611
2046-03-26,69.57,70.49,69.05,70.14,509157
2046-03-27,70.07,70.77,70.02,70.65,517371
2046-03-28,70.32,71.35,69.40,71.17,219678
2046-03-29,70.54,71.48,70.50,71.43,684221
2046-03-30,71.01,71.11,70.82,71.01,658831
2046-04-02,71.55,72.11,71.48,71.99,509416
2046-04-03,72.33,72.57,72.08,72.14,198259
2046-04-04,72.25,73.27,71.56,72.56,872865
2046-04-05,73.09,73.17,73.03,73.07,489948
2046-04-06,72.84,73.32,72.06,72.64,323768
2046-04-09,72.75,73.81,71.81,72.45,194038
2046-04-10,73.06,73.17,72.99,73.16,534649
2046-04-11,72.48,72.82,72.37,72.58,288470
2046-04-12,72.60,73.18,72.57,72.84,962340
2046-04-13,72.22,72.72,72.05,72.63,420882
2046-04-16,72.95,73.13,72.31,73.01,994418
2046-04-17,73.63,74.08,72.73,73.81,775191
2046-04-18,74.27,74.64,73.65,74.49,124674
2046-04-19,74.53,74.62,73.93,74.40,463036
2046-04-20,74.80,74.88,74.73,74.79,453012
2046-04-23,75.12,75.34,74.75,75.21,219649
2046-04-24,74.90,75.31,74.34,74.37,246410
2046-04-25,74.85,75.58,73.97,74.34,125759
2046-04-26,74.11,75.02,73.11,74.90,223940
2046-04-27,75.57,76.36,74.51,75.31,425335
2046-04-30,74.78,75.17,73.67,74.05,888641
2046-05-01,74.03,74.51,73.73,74.47,480016
2046-05-02,74.11,75.10,73.26,74.07,780965
2046-05-03,74.33,75.23,73.33,73.69,999938
2046-05-04,73.87,74.61,73.33,73.68,500571
2046-05-07,74.41,74.73,73.79,73.94,753695
2046-05-08,74.60,74.99,74.37,74.58,666959
2046-05-09,74.98,75.33,74.90,74.91,187190
2046-05-10,74.69,75.02,73.59,74.32,921884
2046-05-11,73.69,73.79,72.66,72.97,648742
2046-05-14,72.57,72.66,71.49,72.65,184421
2046-05-15,72.53,73.08,72.08,72.11,368439
2046-05-16,72.14,73.18,71.98,72.94,663118
2046-05-17,73.53,73.65,72.96,73.26,174258
2046-05-18,73.80,74.75,73.02,73.04,304403
2046-05-21,73.37,74.05,72.76,73.40,350852
2046-05-22,72.95,73.83,72.15,73.52,587665
2046-05-23,73.94,74.58,73.44,73.77,672249
2046-05-24,74.08,75.07,73.56,73.65,457375
2046-05-25,73.46,74.18,73.40,73.82,200158
2046-05-28,74.39,75.44,74.00,75.16,692947
2046-05-29,75.47,76.45,75.46,75.86,506735
2046-05-30,75.27,75.78,75.07,75.75,217449
2046-05-31,75.79,76.83,75.41,76.26,756592
2046-06-01,76.20,76.70,75.42,76.52,606778
2046-06-04,76.80,76.82,76.66,76.80,346567
2046-06-05,77.43,78.09,77.32,78.04,241922
2046-06-06,78.61,79.26,78.58,78.59,269396
2046-06-07,78.89,79.85,78.08,78.54,588081
2046-06-08,78.24,78.75,77.88,77.89,229211
2046-06-11,77.68,78.37,77.45,78.06,925686
2046-06-12,78.22,78.73,77.98,78.10,714002
2046-06-13,77.37,78.00,76.84,77.87,917372
2046-06-14,77.23,77.84,76.34,77.30,535228
2046-06-15,77.87,78.29,77.12,77.81,879611
2046-06-18,78.55,78.60,78.37,78.48,984693
2046-06-19,78.09,78.79,77.35,78.31,573328
2046-06-20,77.73,78.37,77.43,78.35,868384
2046-06-21,78.40,78.62,77.68,78.12,202173
2046-06-22,77.73,78.85,77.72,78.29,255844
2046-06-25,78.20,79.31,77.76,78.96,590342
2046-06-26,79.07,79.16,78.69,78.80,495619
2046-06-27,78.35,79.48,78.02,78.15,452904
2046-06-28,78.80,79.13,78.57,79.07,822491
2046-06-29,78.34,79.20,78.26,79.15,488785
2046-07-02,79.15,80.30,79.08,79.69,972152
2046-07-03,79.83,80.75,79.79,80.01,908056
2046-07-04,79.95,80.97,78.89,80.05,756289
2046-07-05,80.45,81.03,79.34,79.94,934320
2046-07-06,80.30,80.46,79.43,79.97,209260
2046-07-09,80.15,81.05,79.32,79.79,412259
2046-07-10,80.23,80.50,79.15,79.78,578460
2046-07-11,79.32,80.19,78.91,79.10,522130
2046-07-12,78.59,78.74,77.67,78.12,440430
2046-07-13,78.43,79.22,77.45,77.61,577265
2046-07-16,77.33,78.06,76.27,77.90,800374
2046-07-17,77.70,77.93,76.57,77.19,962604
2046-07-18,76.82,77.80,76.61,77.00,794592
2046-07-19,76.69,77.66,76.62,76.71,981005
2046-07-20,76.05,76.52,75.83,76.49,467951
2046-07-23,76.60,77.64,76.19,76.96,593822
2046-07-24,77.61,77.86,76.64,76.90,343196
2046-07-25,77.48,78.48,77.21,77.27,400943
2046-07-26,77.22,77.79,76.30,76.70,160920
2046-07-27,76.65,77.28,76.59,76.88,915170
2046-07-30,76.49,77.35,75.66,76.79,156065
2046-07-31,77.01,77.11,76.61,76.73,219724
2046-08-01,76.88,77.21,76.64,76.68,878374
2046-08-02,76.70,76.93,76.14,76.82,482103
2046-08-03,77.57,78.27,77.33,77.71,824544
2046-08-06,77.92,78.46,76.84,77.47,944946
2046-08-07,77.36,78.18,76.41,76.78,302161
2046-08-08,76.55,76.76,76.16,76.24,968454
2046-08-09,76.73,77.35,76.43,76.46,550137
2046-08-10,77.07,77.83,76.46,77.29,771684
2046-08-13,77.73,78.00,77.70,77.83,510758
2046-08-14,78.00,78.21,77.29,77.53,512211
2046-08-15,77.13,77.49,76.27,76.65,330907
2046-08-16,77.38,78.08,76.98,77.06,691353
2046-08-17,76.92,76.99,76.30,76.32,273181
2046-08-20,76.72,77.21,75.59,76.70,940296
2046-08-21,76.99,78.04,76.68,77.25,669255
2046-08-22,77.15,77.58,76.12,76.38,922935
2046-08-23,76.10,76.44,75.35,75.46,581185
2046-08-24,75.18,75.90,74.34,74.70,787526
2046-08-27,75.16,75.32,74.94,75.29,986027
2046-08-28,75.50,75.55,74.83,75.01,929289
2046-08-29,75.06,75.71,74.05,74.43,828781
2046-08-30,74.68,75.20,74.19,74.67,657242
2046-08-31,75.12,75.53,74.05,74.33,857634
2046-09-03,74.58,75.64,74.40,75.23,512954
2046-09-04,75.38,75.77,75.25,75.44,568513
2046-09-05,74.87,75.46,73.89,75.12,678999
2046-09-06,75.75,76.15,75.51,75.69,906538
2046-09-07,76.10,76.12,75.47,75.70,725299
2046-09-10,75.85,76.38,75.64,76.26,549814
2046-09-11,75.54,75.69,75.00,75.04,627108
2046-09-12,74.91,75.56,74.33,75.11,843210
2046-09-13,74.77,75.27,74.15,74.95,265079
2046-09-14,75.06,75.79,74.60,74.74,379701
2046-09-17,74.80,74.81,73.68,73.69,300257
2046-09-18,73.49,74.50,72.93,74.37,156552
2046-09-19,74.89,75.90,74.06,74.42,331230
2046-09-20,74.23,74.65,73.22,73.58,765430
2046-09-21,73.58,74.55,72.67,73.19,974764
2046-09-24,72.85,73.83,72.06,72.42,571581
2046-09-25,72.38,73.45,71.86,72.92,275762
2046-09-26,73.42,73.75,73.12,73.36,609795
2046-09-27,72.89,72.94,71.90,72.60,846322
2046-09-28,72.86,73.36,71.83,72.75,935391
2046-10-01,73.00,73.71,72.27,72.90,157873
2046-10-02,72.65,72.98,72.18,72.92,479969
2046-10-03,73.18,73.68,72.09,72.81,619802
2046-10-04,73.01,74.10,72.72,73.34,837030
2046-10-05,73.44,73.61,73.41,73.45,758595
2046-10-08,73.05,73.12,72.67,73.06,664535
2046-10-09,72.50,72.98,72.06,72.68,738075
2046-10-10,72.46,72.81,71.47,72.11,895229
2046-10-11,72.25,73.16,71.99,72.80,107441
2046-10-12,72.94,73.47,72.17,72.56,750219
2046-10-15,72.67,73.46,72.25,72.76,609942
2046-10-16,73.38,74.38,72.55,74.31,616135
2046-10-17,73.85,74.80,73.84,73.91,928594
2046-10-18,73.22,73.49,72.31,73.29,809855
2046-10-19,73.51,73.77,72.43,73.34,249068
2046-10-22,73.70,74.45,73.42,74.43,338782
2046-10-23,74.10,74.39,73.38,74.04,233328
2046-10-24,73.88,74.13,72.99,73.19,194830
2046-10-25,72.57,73.12,72.20,72.36,202275
2046-10-26,71.99,72.11,71.48,71.66,841960
2046-10-29,71.65,71.74,70.83,70.88,617352
2046-10-30,70.82,71.80,69.76,70.73,410064
2046-10-31,70.25,70.99,69.68,69.81,221919
2046-11-01,69.67,70.25,69.28,69.95,246581
2046-11-02,70.01,70.63,69.73,70.46,212833
2046-11-05,70.44,70.50,70.24,70.43,864391
2046-11-06,70.88,71.24,70.59,70.74,866365
2046-11-07,70.99,71.74,70.25,71.12,898235
2046-11-08,71.63,71.95,71.43,71.63,420382
2046-11-09,71.74,72.64,71.30,72.50,794869
2046-11-12,72.45,73.04,71.64,72.59,177694
2046-11-13,72.88,73.16,72.77,72.92,502997
2046-11-14,73.02,73.09,72.93,73.07,752172
2046-11-15,72.87,73.43,72.17,72.33,887146
2046-11-16,71.81,72.07,71.66,72.06,634658
2046-11-19,71.71,71.87,71.00,71.84,810785
2046-11-20,72.29,72.97,71.71,72.67,282587
2046-11-21,73.04,73.09,72.47,72.75,497376
2046-11-22,72.55,72.78,71.69,72.25,319807
2046-11-23,71.62,71.74,70.70,71.00,441023
2046-11-26,70.75,71.24,70.10,71.18,760934
2046-11-27,70.89,71.16,69.97,70.66,608158
2046-11-28,70.57,71.20,70.56,70.86,926769
2046-11-29,71.37,71.99,70.99,71.18,626679
2046-11-30,70.72,71.74,69.94,71.62,427074
2046-12-03,71.82,72.26,71.40,71.91,144204
2046-12-04,72.21,72.42,71.35,72.30,852765
2046-12-05,72.07,72.25,71.94,71.94,627518
2046-12-06,71.42,71.90,70.73,70.98,360785
2046-12-07,71.14,71.57,70.79,70.99,491595
2046-12-10,71.33,71.88,71.00,71.04,985673
2046-12-11,70.83,71.69,70.13,70.76,775200
2046-12-12,71.23,71.88,71.14,71.40,453800
2046-12-13,71.34,71.88,71.06,71.74,232329
2046-12-14,71.28,72.25,71.00,71.21,518845
2046-12-17,70.72,71.57,70.27,70.83,121119
2046-12-18,70.28,70.63,69.96,70.08,491251
2046-12-19,70.38,70.80,69.52,70.41,971120
2046-12-20,70.05,70.34,69.67,69.70,588966
2046-12-21,69.35,70.03,68.74,69.65,550538
2046-12-24,69.29,69.41,68.57,69.32,755273
2046-12-25,68.81,69.19,68.07,68.57,140274
2046-12-26,69.16,69.44,68.82,69.00,578701
2046-12-27,69.03,69.87,68.24,68.24,510134
2046-12-28,68.53,68.58,68.02,68.02,323449
2046-12-31,67.66,67.97,66.92,67.90,630601
2047-01-01,68.07,68.16,67.18,67.68,391265
2047-01-02,67.06,67.58,66.28,67.53,635523
2047-01-03,67.42,68.37,66.78,68.21,480516
2047-01-04,68.56,69.11,67.86,68.91,762824
2047-01-07,69.47,69.67,68.58,68.81,142473
2047-01-08,68.42,69.01,68.04,68.49,583264
2047-01-09,69.15,70.05,68.53,69.57,885925
2047-01-10,69.77,70.22,69.75,69.95,297547
2047-01-11,69.77,70.69,69.32,70.32,641778
2047-01-14,71.01,71.53,70.86,71.44,444527
2047-01-15,70.91,71.61,70.05,70.11,469067
2047-01-16,70.05,70.81,69.32,70.19,212329
2047-01-17,70.63,70.83,69.70,70.23,270046
2047-01-18,69.67,70.07,68.84,69.08,129871
2047-01-21,69.24,70.02,68.65,69.67,197621
2047-01-22,69.06,69.43,68.35,68.96,294350
2047-01-23,68.79,69.66,68.54,68.87,183474
2047-01-24,69.32,69.71,69.08,69.70,969898
2047-01-25,69.41,69.44,68.79,69.32,825211
2047-01-28,69.60,70.58,68.80,69.10,906072
2047-01-29,69.16,70.16,68.62,69.30,487570
2047-01-30,69.01,69.78,68.79,68.92,451104
2047-01-31,69.42,70.08,68.99,69.16,929176
2047-02-01,68.89,69.00,67.96,68.96,230708
2047-02-04,68.90,69.79,68.53,69.48,405804
2047-02-05,69.90,69.98,69.44,69.84,547414
2047-02-06,69.42,70.21,68.59,69.56,791847
2047-02-07,68.91,69.20,68.50,69.18,505146
2047-02-08,69.76,70.77,69.59,70.49,132169
2047-02-11,69.95,70.96,69.39,70.34,724052
2047-02-12,69.68,69.91,69.30,69.31,661297
2047-02-13,69.09,69.23,68.57,69.05,125487
2047-02-14,69.62,69.71,69.47,69.56,371810
2047-02-15,69.17,69.94,68.80,68.85,320966
2047-02-18,69.38,69.90,69.22,69.72,951244
2047-02-19,69.74,70.39,69.69,70.30,486726
2047-02-20,70.08,70.95,69.28,69.79,619312
2047-02-21,69.63,70.19,69.13,69.40,365386
2047-02-22,69.29,69.97,68.92,69.49,347198
2047-02-25,69.12,69.55,69.05,69.24,902986
2047-02-26,69.02,70.05,68.83,68.89,705070
2047-02-27,68.38,68.87,67.70,68.11,772309
2047-02-28,67.44,68.10,67.37,67.67,529687
2047-03-01,68.00,68.05,67.24,67.75,803816
2047-03-04,68.39,68.96,67.87,67.94,515083
2047-03-05,67.32,67.63,67.28,67.32,878080
2047-03-06,66.92,67.85,66.43,67.04,670937
2047-03-07,67.54,68.13,67.47,67.86,860730
2047-03-08,68.03,68.60,67.91,68.02,337766
2047-03-11,68.61,69.34,67.77,68.01,253620
2047-03-12,67.88,67.99,67.66,67.78,828303
2047-03-13,67.70,68.28,67.15,67.79,871663
2047-03-14,67.54,68.36,67.52,68.22,695631
2047-03-15,67.68,68.32,67.37,67.98,723607
2047-03-18,68.00,68.65,67.23,68.25,833214
2047-03-19,68.00,68.37,67.11,67.54,907832
2047-03-20,67.57,67.69,67.42,67.52,487070
2047-03-21,67.68,68.13,66.83,67.79,215964
2047-03-22,68.12,68.33,67.31,67.99,264433
2047-03-25,67.94,68.02,67.54,67.88,275991
2047-03-26,68.38,69.00,67.57,67.90,195002
2047-03-27,67.48,68.24,66.74,66.84,508704
2047-03-28,66.59,67.15,66.26,66.27,784669
2047-03-29,66.43,66.70,65.75,66.50,791059
2047-04-01,66.95,67.90,66.62,67.13,952309
2047-04-02,67.11,67.62,66.56,67.19,449330
2047-04-03,66.81,67.21,66.69,67.00,524257
2047-04-04,66.49,67.45,66.05,66.90,156417
2047-04-05,67.01,67.51,66.62,67.08,658545
2047-04-08,67.27,67.78,67.27,67.38,746916
2047-04-09,67.29,68.04,66.48,67.22,240024
2047-04-10,67.09,67.33,66.23,66.80,777768
2047-04-11,66.90,67.45,66.79,67.39,462502
2047-04-12,67.19,68.08,67.00,67.77,924400
2047-04-15,67.46,68.02,66.96,67.85,755152
2047-04-16,67.94,68.62,66.99,68.21,253314
2047-04-17,67.77,68.56,66.90,67.68,931121
2047-04-18,67.90,68.60,67.05,68.07,384534
2047-04-19,68.28,68.71,67.84,68.14,290031
2047-04-22,68.09,68.28,67.07,67.77,388941
2047-04-23,67.33,67.58,66.59,67.09,370691
2047-04-24,66.56,66.86,65.91,66.37,220902
2047-04-25,66.41,66.79,66.29,66.76,920717
2047-04-26,66.83,67.46,65.98,66.32,528287
2047-04-29,66.20,66.56,66.04,66.17,808174
2047-04-30,66.38,66.53,65.64,66.17,507211
2047-05-01,66.78,67.06,66.56,66.77,399318
2047-05-02,66.94,67.04,66.13,66.48,835190
2047-05-03,67.13,67.69,66.94,67.65,545999
2047-05-06,67.07,67.26,66.40,66.42,863102
2047-05-07,66.11,66.40,65.96,66.25,465084
2047-05-08,66.89,67.70,66.65,66.93,980917
2047-05-09,66.60,67.24,66.15,66.69,960527
2047-05-10,66.18,66.77,65.76,66.28,859408
2047-05-13,66.36,66.91,65.88,66.36,152317
2047-05-14,66.08,66.97,65.35,66.73,713683
2047-05-15,66.12,66.44,65.21,65.27,645319
2047-05-16,64.75,65.30,64.71,65.06,979094
2047-05-17,64.69,64.93,63.73,64.60,622615
2047-05-20,64.01,64.07,63.12,63.65,713470
2047-05-21,63.73,63.97,62.80,63.58,439104
2047-05-22,63.44,63.66,63.12,63.42,545437
2047-05-23,62.98,63.44,62.85,63.36,550790
2047-05-24,63.19,63.49,62.89,63.47,102065
2047-05-27,63.60,63.66,63.16,63.55,371253
2047-05-28,63.09,64.03,62.32,63.49,644186
2047-05-29,63.59,63.70,62.70,63.50,316663
2047-05-30,63.73,63.80,63.53,63.64,137881
2047-05-31,63.83,64.58,62.89,64.00,326517
2047-06-03,64.51,64.74,64.25,64.28,835694
2047-06-04,64.44,64.56,63.65,64.03,260562
2047-06-05,63.40,63.56,62.83,63.29,443774
2047-06-06,63.92,64.78,63.28,64.35,496260
2047-06-07,63.90,63.93,63.41,63.73,411457
2047-06-10,63.14,63.79,62.28,63.53,819103
2047-06-11,64.01,64.34,63.44,63.70,504466
2047-06-12,63.23,63.29,62.48,62.94,993874
2047-06-13,62.77,63.51,62.59,62.95,225207
2047-06-14,62.96,63.07,62.33,62.88,696304
2047-06-17,63.42,63.78,62.65,63.41,589625
2047-06-18,63.17,63.66,62.73,63.40,490514
2047-06-19,63.83,64.06,63.05,63.10,974066
2047-06-20,63.67,64.49,63.05,63.19,716594
2047-06-21,63.26,63.75,62.54,62.75,209830
2047-06-24,62.94,62.97,62.25,62.28,463790
2047-06-25,61.75,62.13,60.99,61.98,542836
2047-06-26,62.24,63.08,61.99,62.09,532084
2047-06-27,62.70,62.88,61.77,62.65,854728
2047-06-28,62.57,63.47,62.08,62.29,898395
2047-07-01,62.80,63.08,62.16,62.65,190228
2047-07-02,62.12,62.72,61.83,61.95,676134
2047-07-03,61.57,61.83,61.33,61.73,542196
2047-07-04,61.20,61.94,61.03,61.74,407722
2047-07-05,62.30,63.00,62.13,62.38,384817
2047-07-08,62.02,62.18,61.52,61.75,883926
2047-07-09,62.29,63.14,61.39,62.25,839553
2047-07-10,61.92,62.80,61.66,61.77,645017
2047-07-11,61.40,61.42,60.97,61.20,208595
2047-07-12,61.44,62.16,61.42,61.81,549105
2047-07-15,61.26,61.56,61.24,61.45,624422
2047-07-16,61.74,62.22,61.06,61.79,248309
2047-07-17,62.13,62.13,61.84,62.07,978939
2047-07-18,62.67,63.04,62.37,62.87,279216
2047-07-19,63.26,63.28,62.82,62.96,175156
2047-07-22,63.12,63.71,62.25,63.48,703664
2047-07-23,63.45,63.81,63.17,63.59,434748
2047-07-24,64.04,64.81,63.60,63.78,841045
2047-07-25,63.91,64.45,63.62,64.09,428883
2047-07-26,64.34,65.16,64.05,64.61,127283
2047-07-29,64.28,64.82,64.22,64.51,805772
2047-07-30,64.43,65.37,63.73,63.76,476673
2047-07-31,64.16,64.37,63.91,64.06,338251
2047-08-01,63.47,63.66,63.43,63.43,366031
2047-08-02,63.86,63.97,63.66,63.68,331760
2047-08-05,63.58,64.12,62.71,64.05,436162
2047-08-06,64.09,64.58,63.95,64.12,682576
2047-08-07,64.28,64.72,63.84,64.13,922423
2047-08-08,63.61,64.38,62.83,63.20,305927
2047-08-09,62.78,63.63,62.71,62.86,350016
2047-08-12,63.11,63.51,62.44,63.12,589796
2047-08-13,62.85,63.77,62.60,63.73,965952
2047-08-14,63.75,64.47,63.52,64.23,840448
2047-08-15,64.14,65.02,63.32,63.90,502945
2047-08-16,64.01,64.47,63.20,64.27,498798
2047-08-19,64.41,64.49,63.92,64.37,573324
2047-08-20,64.54,64.95,64.31,64.70,827338
2047-08-21,64.34,64.35,64.08,64.21,590112
2047-08-22,64.41,65.16,64.00,64.17,858509
2047-08-23,63.80,64.19,63.78,63.80,954587
2047-08-26,63.29,64.05,62.78,62.83,633566
2047-08-27,62.77,62.96,62.72,62.77,452019
2047-08-28,62.59,62.66,62.30,62.57,884364
2047-08-29,62.90,63.67,62.10,62.47,585756
2047-08-30,62.76,63.03,62.33,62.47,646136
2047-09-02,63.01,63.33,62.19,62.72,767410
2047-09-03,62.28,62.45,61.83,62.01,408907
2047-09-04,62.48,63.19,61.90,63.14,471181
2047-09-05,63.33,63.43,63.04,63.35,529362
2047-09-06,63.51,64.07,63.07,63.95,875995
2047-09-09,64.15,64.25,63.96,64.10,250006
2047-09-10,63.52,64.41,63.07,63.60,888897
2047-09-11,63.00,63.50,62.48,63.13,962840
2047-09-12,63.73,64.11,63.09,63.84,162679
2047-09-13,63.71,64.53,63.50,64.36,859758
2047-09-16,64.18,64.62,63.86,64.19,894253
2047-09-17,64.38,64.86,64.35,64.55,523261
2047-09-18,64.01,64.09,63.32,63.50,331103
2047-09-19,64.02,64.23,63.97,64.23,178635
2047-09-20,64.34,64.64,63.95,64.20,220385
2047-09-23,64.31,64.84,63.83,63.87,891988
2047-09-24,64.03,64.49,63.68,63.74,859382
2047-09-25,63.37,63.71,63.13,63.17,399163
2047-09-26,62.79,62.86,62.03,62.72,475106
2047-09-27,63.14,63.39,62.82,63.35,764593
2047-09-30,63.00,63.64,62.79,63.00,605363
2047-10-01,63.09,63.79,62.72,63.24,333526
2047-10-02,63.74,64.32,63.35,64.08,208944
2047-10-03,63.58,64.30,62.81,63.64,128469
2047-10-04,63.04,63.71,62.48,63.51,480677
2047-10-07,63.00,63.36,62.94,63.02,310872
2047-10-08,63.10,63.72,62.71,63.61,558884
2047-10-09,63.11,63.22,62.94,63.00,808069
2047-10-10,63.47,63.90,62.56,63.01,346164
2047-10-11,63.28,63.98,63.08,63.11,953964
2047-10-14,63.40,63.55,63.17,63.22,746026
2047-10-15,63.47,64.13,63.45,64.01,642022
2047-10-16,64.33,64.97,63.49,64.82,122801
2047-10-17,65.47,66.29,64.91,65.32,151736
2047-10-18,65.79,66.48,65.28,65.84,254201
2047-10-21,65.28,65.57,65.01,65.48,675882
2047-10-22,65.65,65.77,65.50,65.51,531308
2047-10-23,65.17,65.33,64.77,65.24,386426
2047-10-24,65.17,65.53,64.67,64.88,416023
2047-10-25,65.27,66.12,64.50,64.72,159225
2047-10-28,64.22,64.75,63.77,63.85,965414
2047-10-29,64.48,65.28,63.76,63.92,513435
2047-10-30,63.57,63.74,62.68,63.03,420877
2047-10-31,62.79,63.22,62.37,63.16,109655
2047-11-01,63.48,64.12,62.60,62.95,392301
2047-11-04,63.50,63.95,63.37,63.62,189842
2047-11-05,63.80,64.55,63.38,63.79,807988
2047-11-06,63.16,63.51,62.52,63.18,211966
2047-11-07,62.95,63.49,62.68,63.47,667169
2047-11-08,63.45,63.45,63.09,63.26,550754
2047-11-11,62.66,63.05,62.62,63.02,870976
2047-11-12,63.51,63.98,63.29,63.62,401034
2047-11-13,63.14,63.57,62.71,62.78,662784
2047-11-14,62.50,62.90,61.60,62.72,888835
2047-11-15,63.22,63.37,62.78,63.22,819863
2047-11-18,62.98,63.41,62.87,63.39,532194
2047-11-19,63.29,63.35,62.41,62.74,625223
2047-11-20,62.30,62.79,62.19,62.60,893049
2047-11-21,62.69,63.08,62.42,62.91,158842
2047-11-22,62.99,63.13,62.52,62.59,527163
2047-11-25,62.27,63.00,62.09,62.89,462610
2047-11-26,62.97,63.49,62.03,62.42,843890
2047-11-27,62.66,62.70,62.12,62.59,773676
2047-11-28,62.79,63.60,62.75,63.35,590909
2047-11-29,63.15,63.84,62.39,62.76,320178
2047-12-02,62.45,62.85,62.03,62.40,769035
2047-12-03,62.96,63.44,62.12,62.23,328002
2047-12-04,62.74,63.33,61.93,63.03,350076
2047-12-05,62.74,63.22,61.95,62.26,770339
2047-12-06,62.09,62.88,61.53,62.22,651107
2047-12-09,62.18,62.56,61.99,62.22,787455
2047-12-10,62.80,63.35,62.55,63.08,795366
2047-12-11,62.60,63.02,62.32,62.65,206545
2047-12-12,62.85,62.87,62.80,62.87,348570
2047-12-13,62.93,63.24,62.07,62.37,699492
2047-12-16,62.74,63.43,62.40,63.29,476388
2047-12-17,62.90,63.69,62.89,63.51,480149
2047-12-18,64.08,65.03,63.59,64.68,809499
2047-12-19,64.86,64.91,64.46,64.61,444420
2047-12-20,64.92,64.98,64.81,64.91,799910
2047-12-23,64.37,64.39,63.87,64.35,185913
2047-12-24,63.77,64.25,63.07,63.41,880946
2047-12-25,63.23,63.88,62.83,62.99,911758
2047-12-26,62.60,62.77,61.68,61.70,228556
2047-12-27,61.64,62.45,61.03,61.13,297658
2047-12-30,61.61,62.41,61.21,61.86,771497
2047-12-31,61.44,61.83,60.83,61.56,942976
2048-01-01,61.56,62.09,60.94,61.37,255288
2048-01-02,61.84,62.59,61.31,61.87,531245
2048-01-03,62.12,62.77,61.96,62.25,785047
2048-01-06,61.64,62.02,61.49,61.75,915427
2048-01-07,61.87,62.51,61.81,61.94,100709
2048-01-08,61.39,61.75,60.68,61.36,588959
2048-01-09,61.85,62.68,61.37,62.24,877920
2048-01-10,62.25,63.18,61.82,62.05,938063
2048-01-13,62.40,63.19,62.22,62.91,729183
2048-01-14,62.67,63.10,62.38,62.62,419295
2048-01-15,63.17,63.96,62.74,63.59,272863
2048-01-16,63.35,63.39,62.96,63.02,697620
2048-01-17,63.32,63.95,63.05,63.06,499752
2048-01-20,62.61,63.41,62.41,63.03,326186
2048-01-21,62.93,63.30,62.90,63.14,428371
2048-01-22,63.41,63.45,63.17,63.17,986466
2048-01-23,63.19,63.41,62.38,62.90,227519
2048-01-24,63.40,63.89,63.14,63.76,532702
2048-01-27,63.58,63.85,63.21,63.42,390498
2048-01-28,63.30,64.06,62.40,63.41,402463
2048-01-29,63.19,64.00,62.65,62.70,932387
2048-01-30,62.44,62.95,61.59,62.74,354803
2048-01-31,62.94,63.48,62.66,62.97,520912
2048-02-03,62.99,63.68,62.15,62.39,689663
2048-02-04,62.59,62.66,62.03,62.09,451333
2048-02-05,62.42,62.62,62.38,62.53,793008
2048-02-06,62.88,63.82,62.83,63.30,754197
2048-02-07,63.42,64.19,62.72,63.54,549112
2048-02-10,63.36,63.42,63.01,63.28,619809
2048-02-11,63.90,64.20,63.36,63.48,760127
2048-02-12,62.99,63.86,62.19,63.63,362739
2048-02-13,63.57,64.32,63.05,64.07,613160
2048-02-14,63.93,64.32,63.17,63.36,759092
2048-02-17,63.18,63.56,62.48,63.35,124314
2048-02-18,63.20,63.91,63.03,63.09,181080
2048-02-19,62.68,62.89,62.34,62.68,322939
2048-02-20,62.09,62.65,61.30,62.22,716996
2048-02-21,62.11,62.31,61.47,62.26,366734
2048-02-24,62.61,62.96,62.12,62.30,790619
2048-02-25,62.36,62.98,61.63,62.07,411149
2048-02-26,62.57,62.84,62.39,62.72,173844
2048-02-27,62.86,63.45,61.93,62.23,698386
2048-02-28,62.28,62.87,61.59,61.68,964179
2048-03-02,61.57,62.13,61.40,61.95,663789
2048-03-03,62.22,62.50,61.58,61.96,839670
2048-03-04,62.09,62.26,61.88,61.95,661427
2048-03-05,61.90,62.64,61.22,61.63,927082
2048-03-06,61.52,62.26,61.44,61.63,900648
2048-03-09,61.87,62.49,61.19,61.80,426857
2048-03-10,61.99,62.55,61.95,62.28,590678
2048-03-11,61.70,62.30,61.14,61.69,964417
2048-03-12,61.20,61.89,60.51,61.56,311783
2048-03-13,61.25,61.93,61.14,61.54,607533
2048-03-16,61.44,61.55,60.59,61.35,248033
2048-03-17,60.81,61.10,60.45,60.99,685487
2048-03-18,61.21,61.59,60.88,61.05,335297
2048-03-19,61.55,61.65,60.91,61.02,199697
2048-03-20,61.41,62.14,61.07,61.73,258781
2048-03-23,61.24,61.86,61.05,61.72,680862
2048-03-24,61.55,62.28,60.68,60.77,848362
2048-03-25,60.68,61.17,60.61,60.72,763322
2048-03-26,60.67,61.14,60.36,60.78,899965
2048-03-27,61.06,61.90,60.33,61.62,857238
2048-03-30,61.82,61.92,60.93,61.70,466107
2048-03-31,61.66,62.07,61.03,61.30,115223
2048-04-01,60.99,61.49,60.37,61.46,229329
2048-04-02,61.59,62.20,60.94,61.02,913895
2048-04-03,61.37,62.28,60.73,61.17,100932
2048-04-06,61.51,61.95,60.73,61.66,208897
2048-04-07,61.81,61.89,61.11,61.88,908776
2048-04-08,62.37,63.05,61.80,62.89,445313
2048-04-09,62.49,63.03,62.42,62.56,919435
2048-04-10,62.71,62.97,62.03,62.49,108736
2048-04-13,62.67,62.87,62.14,62.43,915883
2048-04-14,62.45,62.79,61.98,62.73,632739
2048-04-15,62.12,62.87,61.63,62.37,976219
2048-04-16,62.28,62.90,62.22,62.25,530002
2048-04-17,62.60,63.17,62.54,62.75,866194
2048-04-20,62.89,63.09,62.70,63.09,741125
2048-04-21,63.16,63.91,62.98,63.01,990605
2048-04-22,63.45,63.50,63.17,63.33,604047
2048-04-23,63.63,64.27,63.48,63.67,432520
2048-04-24,63.76,64.33,63.74,63.76,252836
2048-04-27,64.34,64.91,63.59,63.89,177892
2048-04-28,63.72,64.02,63.40,63.40,147175
2048-04-29,63.93,64.87,63.80,64.54,936951
2048-04-30,64.82,65.41,64.18,65.25,163118
