date, equity 
2010-01-01,100000
2010-01-04,100000
2010-01-05,100000
2010-01-06,100000
2010-01-07,100000
2010-01-08,100000
2010-01-11,100000
2010-01-12,100000
2010-01-13,100000
2010-01-14,100000
2010-01-15,100000
2010-01-18,100000
2010-01-19,100000
2010-01-20,100000
2010-01-21,100000
2010-01-22,100000
2010-01-25,100315
2010-01-26,99004.3
2010-01-27,99512.3
2010-01-28,100579
2010-01-29,100742
2010-02-01,100650
2010-02-02,101250
2010-02-03,100142
2010-02-04,100874
2010-02-05,99451.4
2010-02-08,99685
2010-02-09,99959.4
2010-02-10,100203
2010-02-11,101819
2010-02-12,100894
2010-02-15,101534
2010-02-16,99461.5
2010-02-17,100132
2010-02-18,99634.2
2010-02-19,98496.3
2010-02-22,97917.2
2010-02-23,97114.6
2010-02-24,96901.2
2010-02-25,96149.4
2010-02-26,96413.5
2010-03-01,96809.8
2010-03-02,96423.7
2010-03-03,95549.9
2010-03-04,95143.5
2010-03-05,93589
2010-03-08,93863.4
2010-03-09,94117.4
2010-03-10,94798.1
2010-03-11,95793.8
2010-03-12,94198.6
2010-03-15,95844.6
2010-03-16,97886.7
2010-03-17,98506.5
2010-03-18,98039.1
2010-03-19,96464.3
2010-03-22,96962.2
2010-03-23,98018.8
2010-03-24,98323.6
2010-03-25,96982.5
2010-03-26,97053.6
2010-03-29,97073.9
2010-03-30,96616.7
2010-03-31,96596.4
2010-04-01,96261.1
2010-04-02,95295.9
2010-04-05,95367
2010-04-06,95316.2
2010-04-07,94046.2
2010-04-08,94158
2010-04-09,94361.2
2010-04-12,93873.5
2010-04-13,92623.8
2010-04-14,92380
2010-04-15,92695
2010-04-16,93751.6
2010-04-19,95041.9
2010-04-20,95539.8
2010-04-21,95255.3
2010-04-22,95316.2
2010-04-23,95082.6
2010-04-26,95549.9
2010-04-27,95875
2010-04-28,95692.2
2010-04-29,96586.2
2010-04-30,97592.1
2010-05-03,97592.1
2010-05-04,97592.1
2010-05-05,97592.1
2010-05-06,97592.1
2010-05-07,97592.1
2010-05-10,97592.1
2010-05-11,97592.1
2010-05-12,97592.1
2010-05-13,97592.1
2010-05-14,97592.1
2010-05-17,97592.1
2010-05-18,97592.1
2010-05-19,97592.1
2010-05-20,97592.1
2010-05-21,97592.1
2010-05-24,97592.1
2010-05-25,97592.1
2010-05-26,97592.1
2010-05-27,97592.1
2010-05-28,97592.1
2010-05-31,97592.1
2010-06-01,97592.1
2010-06-02,97592.1
2010-06-03,97592.1
2010-06-04,97592.1
2010-06-07,97592.1
2010-06-08,97592.1
2010-06-09,96752.1
2010-06-10,98032.1
2010-06-11,98382.1
2010-06-14,99712.1
2010-06-15,97872.1
2010-06-16,97962.1
2010-06-17,98492.1
2010-06-18,99062.1
2010-06-21,99342.1
2010-06-22,99442.1
2010-06-23,98592.1
2010-06-24,97472.1
2010-06-25,97212.1
2010-06-28,97112.1
2010-06-29,97532.1
2010-06-30,96532.1
2010-07-01,97262.1
2010-07-02,96452.1
2010-07-05,97192.1
2010-07-06,96672.1
2010-07-07,97872.1
2010-07-08,97872.1
2010-07-09,97202.1
2010-07-12,97252.1
2010-07-13,98502.1
2010-07-14,99312.1
2010-07-15,99402.1
2010-07-16,99452.1
2010-07-19,100042
2010-07-20,101882
2010-07-21,101882
2010-07-22,101882
2010-07-23,101882
2010-07-26,101882
2010-07-27,101882
2010-07-28,101882
2010-07-29,101882
2010-07-30,101882
2010-08-02,101882
2010-08-03,101882
2010-08-04,101882
2010-08-05,101882
2010-08-06,101882
2010-08-09,102365
2010-08-10,101567
2010-08-11,102145
2010-08-12,102607
2010-08-13,101641
2010-08-16,101788
2010-08-17,102460
2010-08-18,104497
2010-08-19,104633
2010-08-20,103940
2010-08-23,102491
2010-08-24,103709
2010-08-25,103783
2010-08-26,103237
2010-08-27,102943
2010-08-30,102397
2010-08-31,103111
2010-09-01,104287
2010-09-02,102638
2010-09-03,103205
2010-09-06,103510
2010-09-07,104224
2010-09-08,103510
2010-09-09,104014
2010-09-10,102775
2010-09-13,101389
2010-09-14,101105
2010-09-15,102029
2010-09-16,102397
2010-09-17,102260
2010-09-20,104014
2010-09-21,105074
2010-09-22,103552
2010-09-23,103573
2010-09-24,101935
2010-09-27,103352
2010-09-28,103258
2010-09-29,102869
2010-09-30,102953
2010-10-01,102523
2010-10-04,103415
2010-10-05,104927
2010-10-06,104297
2010-10-07,105379
2010-10-08,105410
2010-10-11,104528
2010-10-12,103867
2010-10-13,104686
2010-10-14,104791
2010-10-15,104822
2010-10-18,104098
2010-10-19,103772
2010-10-20,102365
2010-10-21,102344
2010-10-22,101651
2010-10-25,100906
2010-10-26,100318
2010-10-27,100423
2010-10-28,99687.6
2010-10-29,98679.6
2010-11-01,99992.1
2010-11-02,100948
2010-11-03,101557
2010-11-04,101210
2010-11-05,102008
2010-11-08,102701
2010-11-09,102817
2010-11-10,103457
2010-11-11,103499
2010-11-12,103615
2010-11-15,102166
2010-11-16,102187
2010-11-17,102985
2010-11-18,102985
2010-11-19,102985
2010-11-22,102985
2010-11-23,102985
2010-11-24,102985
2010-11-25,102985
2010-11-26,102985
2010-11-29,102985
2010-11-30,102985
2010-12-01,102985
2010-12-02,102985
2010-12-03,102985
2010-12-06,102985
2010-12-07,102985
2010-12-08,102985
2010-12-09,102985
2010-12-10,102985
2010-12-13,102985
2010-12-14,102985
2010-12-15,102985
2010-12-16,102985
2010-12-17,102985
2010-12-20,102985
2010-12-21,102985
2010-12-22,102985
2010-12-23,102437
2010-12-24,103317
2010-12-27,102534
2010-12-28,101622
2010-12-29,100860
2010-12-30,101397
2010-12-31,101375
2011-01-03,101203
2011-01-04,101439
2011-01-05,102856
2011-01-06,102105
2011-01-07,101965
2011-01-10,101515
2011-01-11,101375
2011-01-12,101236
2011-01-13,99733.4
2011-01-14,99883.6
2011-01-17,101182
2011-01-18,99937.3
2011-01-19,99529.5
2011-01-20,100731
2011-01-21,100560
2011-01-24,100645
2011-01-25,98917.9
2011-01-26,98563.8
2011-01-27,98134.6
2011-01-28,98778.4
2011-01-31,99025.2
2011-02-01,98359.9
2011-02-02,98349.2
2011-02-03,97866.4
2011-02-04,98671.1
2011-02-07,98102.4
2011-02-08,97844.9
2011-02-09,97265.5
2011-02-10,97565.9
2011-02-11,98059.5
2011-02-14,98950.1
2011-02-15,99411.5
2011-02-16,100141
2011-02-17,100023
2011-02-18,100635
2011-02-21,98832.1
2011-02-22,98134.6
2011-02-23,99025.2
2011-02-24,100023
2011-02-25,100806
2011-02-28,100227
2011-03-01,100034
2011-03-02,99905.1
2011-03-03,99336.4
2011-03-04,99368.6
2011-03-07,98799.9
2011-03-08,98467.2
2011-03-09,98317
2011-03-10,98499.4
2011-03-11,97995.1
2011-03-14,98199
2011-03-15,98252.6
2011-03-16,97684
2011-03-17,98499.4
2011-03-18,97930.7
2011-03-21,96932.9
2011-03-22,95162.4
2011-03-23,94400.6
2011-03-24,95656
2011-03-25,94518.6
2011-03-28,93692.4
2011-03-29,94894.2
2011-03-30,95881.3
2011-03-31,94304
2011-04-01,93102.2
2011-04-04,91696.6
2011-04-05,91825.4
2011-04-06,91836.1
2011-04-07,91932.7
2011-04-08,91546.4
2011-04-11,92372.6
2011-04-12,93617.3
2011-04-13,92276
2011-04-14,92211.7
2011-04-15,92694.5
2011-04-18,92565.7
2011-04-19,93746
2011-04-20,93445.6
2011-04-21,93059.3
2011-04-22,93703.1
2011-04-25,94497.1
2011-04-26,94400.6
2011-04-27,95741.8
2011-04-28,95741.8
2011-04-29,95741.8
2011-05-02,95741.8
2011-05-03,95741.8
2011-05-04,95741.8
2011-05-05,95741.8
2011-05-06,95741.8
2011-05-09,95741.8
2011-05-10,95741.8
2011-05-11,95741.8
2011-05-12,95741.8
2011-05-13,95741.8
2011-05-16,95741.8
2011-05-17,95741.8
2011-05-18,95741.8
2011-05-19,95741.8
2011-05-20,95741.8
2011-05-23,95741.8
2011-05-24,95741.8
2011-05-25,95741.8
2011-05-26,95741.8
2011-05-27,95741.8
2011-05-30,95741.8
2011-05-31,95741.8
2011-06-01,95741.8
2011-06-02,95741.8
2011-06-03,95741.8
2011-06-06,95741.8
2011-06-07,95741.8
2011-06-08,95741.8
2011-06-09,95741.8
2011-06-10,95741.8
2011-06-13,95741.8
2011-06-14,95741.8
2011-06-15,95741.8
2011-06-16,95741.8
2011-06-17,95741.8
2011-06-20,95741.8
2011-06-21,95741.8
2011-06-22,95741.8
2011-06-23,95741.8
2011-06-24,95741.8
2011-06-27,95741.8
2011-06-28,95741.8
2011-06-29,95741.8
2011-06-30,95741.8
2011-07-01,95741.8
2011-07-04,95741.8
2011-07-05,95741.8
2011-07-06,95741.8
2011-07-07,95741.8
2011-07-08,95741.8
2011-07-11,95741.8
2011-07-12,95741.8
2011-07-13,95741.8
2011-07-14,95741.8
2011-07-15,95741.8
2011-07-18,95741.8
2011-07-19,95741.8
2011-07-20,95741.8
2011-07-21,95741.8
2011-07-22,95741.8
2011-07-25,95741.8
2011-07-26,95741.8
2011-07-27,95741.8
2011-07-28,95741.8
2011-07-29,95741.8
2011-08-01,95741.8
2011-08-02,95741.8
2011-08-03,95741.8
2011-08-04,95741.8
2011-08-05,95741.8
2011-08-08,95741.8
2011-08-09,95741.8
2011-08-10,95741.8
2011-08-11,95908.7
2011-08-12,95752.3
2011-08-15,95126.5
2011-08-16,95971.3
2011-08-17,96221.6
2011-08-18,96378.1
2011-08-19,96378.1
2011-08-22,95428.9
2011-08-23,94458.9
2011-08-24,94615.4
2011-08-25,95981.7
2011-08-26,94803.1
2011-08-29,94959.6
2011-08-30,95721
2011-08-31,95491.5
2011-09-01,94531.9
2011-09-02,95366.3
2011-09-05,94521.5
2011-09-06,95376.8
2011-09-07,96054.7
2011-09-08,95804.4
2011-09-09,96044.3
2011-09-12,97045.6
2011-09-13,97827.8
2011-09-14,98964.7
2011-09-15,98255.5
2011-09-16,98537.1
2011-09-19,98537.1
2011-09-20,98245
2011-09-21,99048.1
2011-09-22,99048.1
2011-09-23,99048.1
2011-09-26,99048.1
2011-09-27,99048.1
2011-09-28,99048.1
2011-09-29,99048.1
2011-09-30,99048.1
2011-10-03,99048.1
2011-10-04,99048.1
2011-10-05,99048.1
2011-10-06,99048.1
2011-10-07,99048.1
2011-10-10,99048.1
2011-10-11,99048.1
2011-10-12,99048.1
2011-10-13,99048.1
2011-10-14,99048.1
2011-10-17,98321.2
2011-10-18,99644.9
2011-10-19,100903
2011-10-20,101685
2011-10-21,103507
2011-10-24,103063
2011-10-25,103507
2011-10-26,102542
2011-10-27,103117
2011-10-28,103334
2011-10-31,104148
2011-11-01,102531
2011-11-02,103670
2011-11-03,104180
2011-11-04,103649
2011-11-07,103649
2011-11-08,103649
2011-11-09,103649
2011-11-10,103649
2011-11-11,103649
2011-11-14,103649
2011-11-15,103649
2011-11-16,103649
2011-11-17,103649
2011-11-18,103649
2011-11-21,103649
2011-11-22,103649
2011-11-23,103649
2011-11-24,103649
2011-11-25,103649
2011-11-28,103649
2011-11-29,103649
2011-11-30,103649
2011-12-01,103649
2011-12-02,103649
2011-12-05,103649
2011-12-06,103649
2011-12-07,103649
2011-12-08,103649
2011-12-09,103649
2011-12-12,103649
2011-12-13,103649
2011-12-14,103649
2011-12-15,104435
2011-12-16,103128
2011-12-19,102840
2011-12-20,102297
2011-12-21,101754
2011-12-22,101222
2011-12-23,100624
2011-12-26,101477
2011-12-27,101144
2011-12-28,100524
2011-12-29,99205.5
2011-12-30,99249.8
2012-01-02,99803.8
2012-01-03,100025
2012-01-04,100014
2012-01-05,100923
2012-01-06,100635
2012-01-09,99958.9
2012-01-10,100358
2012-01-11,101133
2012-01-12,100679
2012-01-13,99992.1
2012-01-16,99471.4
2012-01-17,100003
2012-01-18,99903.5
2012-01-19,101499
2012-01-20,101842
2012-01-23,102917
2012-01-24,103227
2012-01-25,104070
2012-01-26,103959
2012-01-27,104347
2012-01-30,104347
2012-01-31,104347
2012-02-01,104347
2012-02-02,104347
2012-02-03,104347
2012-02-06,104347
2012-02-07,104347
2012-02-08,104347
2012-02-09,104347
2012-02-10,104347
2012-02-13,104347
2012-02-14,104347
2012-02-15,104347
2012-02-16,104439
2012-02-17,103990
2012-02-20,102378
2012-02-21,103230
2012-02-22,103207
2012-02-23,103967
2012-02-24,104600
2012-02-27,104059
2012-02-28,103080
2012-02-29,104059
2012-03-01,103644
2012-03-02,102470
2012-03-05,104162
2012-03-06,104301
2012-03-07,104865
2012-03-08,104634
2012-03-09,105405
2012-03-12,103426
2012-03-13,102827
2012-03-14,103449
2012-03-15,104922
2012-03-16,104358
2012-03-19,104795
2012-03-20,104646
2012-03-21,104669
2012-03-22,103875
2012-03-23,101929
2012-03-26,100491
2012-03-27,101101
2012-03-28,100836
2012-03-29,100986
2012-03-30,100755
2012-04-02,102286
2012-04-03,102263
2012-04-04,101929
2012-04-05,100882
2012-04-06,101389
2012-04-09,103242
2012-04-10,104865
2012-04-11,106188
2012-04-12,105325
2012-04-13,104013
2012-04-16,104013
2012-04-17,104013
2012-04-18,104013
2012-04-19,104013
2012-04-20,104013
2012-04-23,104013
2012-04-24,104013
2012-04-25,104013
2012-04-26,104013
2012-04-27,104013
2012-04-30,104013
2012-05-01,104013
2012-05-02,104013
2012-05-03,104013
2012-05-04,104013
2012-05-07,104013
2012-05-08,104013
2012-05-09,104013
2012-05-10,104013
2012-05-11,104013
2012-05-14,104013
2012-05-15,104013
2012-05-16,104013
2012-05-17,104013
2012-05-18,104013
2012-05-21,104013
2012-05-22,104013
2012-05-23,104013
2012-05-24,104013
2012-05-25,104013
2012-05-28,104013
2012-05-29,104013
2012-05-30,104013
2012-05-31,104013
2012-06-01,104013
2012-06-04,104013
2012-06-05,104013
2012-06-06,104013
2012-06-07,104013
2012-06-08,104013
2012-06-11,104013
2012-06-12,104013
2012-06-13,104013
2012-06-14,104013
2012-06-15,104013
2012-06-18,104013
2012-06-19,104013
2012-06-20,104013
2012-06-21,104013
2012-06-22,104013
2012-06-25,104013
2012-06-26,104013
2012-06-27,104013
2012-06-28,104013
2012-06-29,104950
2012-07-02,103578
2012-07-03,102653
2012-07-04,100892
2012-07-05,101967
2012-07-06,103647
2012-07-09,103510
2012-07-10,102241
2012-07-11,101658
2012-07-12,100847
2012-07-13,100058
2012-07-16,98835
2012-07-17,99097.9
2012-07-18,98915
2012-07-19,98869.3
2012-07-20,99006.4
2012-07-23,99703.7
2012-07-24,98720.7
2012-07-25,98709.3
2012-07-26,99063.6
2012-07-27,98240.6
2012-07-30,98080.6
2012-07-31,97772
2012-08-01,97074.8
2012-08-02,96389
2012-08-03,96103.2
2012-08-06,94583
2012-08-07,94434.4
2012-08-08,93005.7
2012-08-09,93291.4
2012-08-10,93154.3
2012-08-13,92639.9
2012-08-14,90982.6
2012-08-15,91382.6
2012-08-16,90113.9
2012-08-17,90456.8
2012-08-20,90125.3
2012-08-21,89553.8
2012-08-22,87759.3
2012-08-23,87827.9
2012-08-24,88902.3
2012-08-27,88730.9
2012-08-28,87645
2012-08-29,88045.1
2012-08-30,87325
2012-08-31,86902.1
2012-09-03,86399.2
2012-09-04,86799.2
2012-09-05,85404.8
2012-09-06,85781.9
2012-09-07,85781.9
2012-09-10,86170.6
2012-09-11,86753.5
2012-09-12,86799.2
2012-09-13,86719.2
2012-09-14,87085
2012-09-17,86559.2
2012-09-18,86422
2012-09-19,86856.4
2012-09-20,86719.2
2012-09-21,84913.3
2012-09-24,85073.3
2012-09-25,85016.1
2012-09-26,85039
2012-09-27,84856.1
2012-09-28,85221.9
2012-10-01,85381.9
2012-10-02,84707.5
2012-10-03,83130.2
2012-10-04,82638.7
2012-10-05,82112.9
2012-10-08,81187.1
2012-10-09,82067.2
2012-10-10,81507.1
2012-10-11,81175.6
2012-10-12,80604.1
2012-10-15,81484.3
2012-10-16,81815.7
2012-10-17,81404.2
2012-10-18,81415.7
2012-10-19,82478.7
2012-10-22,82432.9
2012-10-23,81255.7
2012-10-24,80352.7
2012-10-25,79918.3
2012-10-26,79392.6
2012-10-29,79895.5
2012-10-30,80535.6
2012-10-31,81084.2
2012-11-01,80981.3
2012-11-02,80101.2
2012-11-05,79918.3
2012-11-06,79072.5
2012-11-07,79872.6
2012-11-08,79781.2
2012-11-09,78866.8
2012-11-12,78603.9
2012-11-13,79084
2012-11-14,78055.3
2012-11-15,78043.8
2012-11-16,77666.6
2012-11-19,76672.2
2012-11-20,76855.1
2012-11-21,77118
2012-11-22,77895.2
2012-11-23,77963.8
2012-11-26,78341
2012-11-27,77963.8
2012-11-28,78238.1
2012-11-29,77666.6
2012-11-30,77598.1
2012-12-03,77723.8
2012-12-04,76649.4
2012-12-05,76123.6
2012-12-06,76066.4
2012-12-07,76512.2
2012-12-10,75792.1
2012-12-11,75300.6
2012-12-12,75323.5
2012-12-13,75597.8
2012-12-14,76283.6
2012-12-17,76329.3
2012-12-18,75929.3
2012-12-19,75049.2
2012-12-20,75266.3
2012-12-21,75597.8
2012-12-24,75723.5
2012-12-25,76055
2012-12-26,75940.7
2012-12-27,75643.5
2012-12-28,74431.9
2012-12-31,73826.2
2013-01-01,73986.2
2013-01-02,72957.5
2013-01-03,73060.3
2013-01-04,72603.1
2013-01-07,72488.8
2013-01-08,72957.5
2013-01-09,73597.6
2013-01-10,72568.9
2013-01-11,73220.4
2013-01-14,73837.6
2013-01-15,73243.2
2013-01-16,72831.7
2013-01-17,72523.1
2013-01-18,73071.8
2013-01-21,73334.7
2013-01-22,72888.9
2013-01-23,72614.6
2013-01-24,72237.4
2013-01-25,71037.2
2013-01-28,70968.7
2013-01-29,71643
2013-01-30,71928.8
2013-01-31,71711.6
2013-02-01,70934.4
2013-02-04,70934.4
2013-02-05,71105.8
2013-02-06,71128.7
2013-02-07,71677.3
2013-02-08,72077.4
2013-02-11,72180.2
2013-02-12,72408.8
2013-02-13,72774.6
2013-02-14,73323.2
2013-02-15,73323.2
2013-02-18,73323.2
2013-02-19,73323.2
2013-02-20,73323.2
2013-02-21,73323.2
2013-02-22,73323.2
2013-02-25,73323.2
2013-02-26,73323.2
2013-02-27,73323.2
2013-02-28,73323.2
2013-03-01,73323.2
2013-03-04,73323.2
2013-03-05,73323.2
2013-03-06,73323.2
2013-03-07,73323.2
2013-03-08,73323.2
2013-03-11,73358.2
2013-03-12,73905.2
2013-03-13,73567.7
2013-03-14,73474.6
2013-03-15,73451.3
2013-03-18,72589.9
2013-03-19,72950.8
2013-03-20,72718
2013-03-21,72694.7
2013-03-22,73404.7
2013-03-25,73439.6
2013-03-26,73125.4
2013-03-27,72834.4
2013-03-28,72589.9
2013-03-29,73148.6
2013-04-01,73625.9
2013-04-02,72880.9
2013-04-03,73137
2013-04-04,73614.2
2013-04-05,73393.1
2013-04-08,73113.7
2013-04-09,72869.3
2013-04-10,73171.9
2013-04-11,74592
2013-04-12,74021.6
2013-04-15,74661.8
2013-04-16,76512.6
2013-04-17,76512.6
2013-04-18,76512.6
2013-04-19,76512.6
2013-04-22,76512.6
2013-04-23,76512.6
2013-04-24,76512.6
2013-04-25,76512.6
2013-04-26,76512.6
2013-04-29,76512.6
2013-04-30,76512.6
2013-05-01,76512.6
2013-05-02,76512.6
2013-05-03,76512.6
2013-05-06,76512.6
2013-05-07,76512.6
2013-05-08,76512.6
2013-05-09,76512.6
2013-05-10,76512.6
2013-05-13,76512.6
2013-05-14,76512.6
2013-05-15,76512.6
2013-05-16,76512.6
2013-05-17,76512.6
2013-05-20,76512.6
2013-05-21,76512.6
2013-05-22,76512.6
2013-05-23,76512.6
2013-05-24,76512.6
2013-05-27,76209.5
2013-05-28,76588.4
2013-05-29,76942
2013-05-30,76525.2
2013-05-31,75641.1
2013-06-03,75565.3
2013-06-04,74984.4
2013-06-05,74693.9
2013-06-06,75603.2
2013-06-07,77043.1
2013-06-10,76146.3
2013-06-11,75956.9
2013-06-12,76007.4
2013-06-13,77068.3
2013-06-14,76411.6
2013-06-17,76841
2013-06-18,75956.9
2013-06-19,76803.1
2013-06-20,77295.7
2013-06-21,77737.7
2013-06-24,77434.6
2013-06-25,79114.4
2013-06-26,79114.4
2013-06-27,79114.4
2013-06-28,79114.4
2013-07-01,79114.4
2013-07-02,79114.4
2013-07-03,79114.4
2013-07-04,79114.4
2013-07-05,79114.4
2013-07-08,79114.4
2013-07-09,79114.4
2013-07-10,79114.4
2013-07-11,79114.4
2013-07-12,79114.4
2013-07-15,79114.4
2013-07-16,79114.4
2013-07-17,79114.4
2013-07-18,79114.4
2013-07-19,79114.4
2013-07-22,79114.4
2013-07-23,79114.4
2013-07-24,79114.4
2013-07-25,79114.4
2013-07-26,79114.4
2013-07-29,79114.4
2013-07-30,79114.4
2013-07-31,79114.4
2013-08-01,79114.4
2013-08-02,79114.4
2013-08-05,79114.4
2013-08-06,79114.4
2013-08-07,78484.6
2013-08-08,78445.3
2013-08-09,77999.2
2013-08-12,78694.5
2013-08-13,78458.4
2013-08-14,78419
2013-08-15,77251.3
2013-08-16,77618.7
2013-08-19,77264.5
2013-08-20,76765.9
2013-08-21,77120.1
2013-08-22,77159.5
2013-08-23,77592.5
2013-08-26,78077.9
2013-08-27,77303.8
2013-08-28,77238.2
2013-08-29,76713.4
2013-08-30,77579.3
2013-09-02,78248.5
2013-09-03,78524
2013-09-04,77959.8
2013-09-05,78248.5
2013-09-06,77435
2013-09-09,77461.3
2013-09-10,78274.7
2013-09-11,78143.5
2013-09-12,78064.8
2013-09-13,78563.3
2013-09-16,79088.1
2013-09-17,79836
2013-09-18,80059
2013-09-19,80059
2013-09-20,80059
2013-09-23,80059
2013-09-24,80059
2013-09-25,80059
2013-09-26,80059
2013-09-27,80059
2013-09-30,80059
2013-10-01,80059
2013-10-02,80059
2013-10-03,80059
2013-10-04,80059
2013-10-07,80059
2013-10-08,80059
2013-10-09,80059
2013-10-10,80059
2013-10-11,80059
2013-10-14,80059
2013-10-15,80059
2013-10-16,80059
2013-10-17,80059
2013-10-18,80059
2013-10-21,80059
2013-10-22,80059
2013-10-23,80059
2013-10-24,80059
2013-10-25,80059
2013-10-28,80059
2013-10-29,80330.2
2013-10-30,79909.9
2013-10-31,79787.8
2013-11-01,80140.4
2013-11-04,80465.8
2013-11-05,79611.5
2013-11-06,80181.1
2013-11-07,80506.5
2013-11-08,81293
2013-11-11,81062.5
2013-11-12,80533.6
2013-11-13,81089.6
2013-11-14,81279.4
2013-11-15,81496.4
2013-11-18,80764.1
2013-11-19,80886.2
2013-11-20,79964.1
2013-11-21,80248.9
2013-11-22,80167.5
2013-11-25,80316.7
2013-11-26,81211.6
2013-11-27,82391.3
2013-11-28,82771
2013-11-29,83055.8
2013-12-02,82540.5
2013-12-03,82852.4
2013-12-04,82662.5
2013-12-05,82716.8
2013-12-06,82947.3
2013-12-09,82947.3
2013-12-10,82947.3
2013-12-11,82947.3
2013-12-12,82947.3
2013-12-13,82947.3
2013-12-16,82947.3
2013-12-17,82947.3
2013-12-18,82947.3
2013-12-19,82947.3
2013-12-20,82947.3
2013-12-23,82947.3
2013-12-24,82947.3
2013-12-25,82947.3
2013-12-26,82947.3
2013-12-27,82947.3
2013-12-30,82947.3
2013-12-31,82947.3
2014-01-01,82947.3
2014-01-02,82947.3
2014-01-03,82947.3
2014-01-06,82947.3
2014-01-07,82947.3
2014-01-08,82947.3
2014-01-09,82947.3
2014-01-10,82933.4
2014-01-13,82682.8
2014-01-14,82627.1
2014-01-15,82362.7
2014-01-16,82766.3
2014-01-17,82641.1
2014-01-20,82808.1
2014-01-21,82641.1
2014-01-22,83726.8
2014-01-23,82710.7
2014-01-24,82696.7
2014-01-27,83782.5
2014-01-28,83003
2014-01-29,82195.6
2014-01-30,82682.8
2014-01-31,82404.4
2014-02-03,82237.4
2014-02-04,83253.5
2014-02-05,82961.2
2014-02-06,81722.3
2014-02-07,81694.5
2014-02-10,82139.9
2014-02-11,82404.4
2014-02-12,82933.4
2014-02-13,83963.5
2014-02-14,83601.5
2014-02-17,82891.6
2014-02-18,83462.3
2014-02-19,83183.9
2014-02-20,83183.9
2014-02-21,82961.2
2014-02-24,83378.8
2014-02-25,83866
2014-02-26,83003
2014-02-27,83921.7
2014-02-28,83866
2014-03-03,83044.7
2014-03-04,83351
2014-03-05,82738.5
2014-03-06,82822
2014-03-07,83518
2014-03-10,82766.3
2014-03-11,83253.5
2014-03-12,83420.6
2014-03-13,84214
2014-03-14,84186.2
2014-03-17,84868.3
2014-03-18,84701.2
2014-03-19,85035.3
2014-03-20,83657.2
2014-03-21,84478.5
2014-03-24,83824.3
2014-03-25,84367.1
2014-03-26,84200.1
2014-03-27,83782.5
2014-03-28,83309.2
2014-03-31,84116.6
2014-04-01,84297.5
2014-04-02,85536.4
2014-04-03,86580.4
2014-04-04,87318.2
2014-04-07,88557.1
2014-04-08,88501.4
2014-04-09,89280.9
2014-04-10,89280.9
2014-04-11,89280.9
2014-04-14,89280.9
2014-04-15,89280.9
2014-04-16,89280.9
2014-04-17,89280.9
2014-04-18,89280.9
2014-04-21,89280.9
2014-04-22,89280.9
2014-04-23,89280.9
2014-04-24,89280.9
2014-04-25,89280.9
2014-04-28,89280.9
2014-04-29,89280.9
2014-04-30,89280.9
2014-05-01,89280.9
2014-05-02,89280.9
2014-05-05,89280.9
2014-05-06,89280.9
2014-05-07,89280.9
2014-05-08,89280.9
2014-05-09,89280.9
2014-05-12,89280.9
2014-05-13,89280.9
2014-05-14,89280.9
2014-05-15,89280.9
2014-05-16,89280.9
2014-05-19,89280.9
2014-05-20,90110.9
2014-05-21,90683.3
2014-05-22,90425.7
2014-05-23,89366.8
2014-05-26,88937.5
2014-05-27,89996.4
2014-05-28,90311.2
2014-05-29,90096.6
2014-05-30,90840.7
2014-06-02,91370.2
2014-06-03,89982.1
2014-06-04,90955.2
2014-06-05,91942.6
2014-06-06,93717
2014-06-09,95777.6
2014-06-10,95777.6
2014-06-11,95777.6
2014-06-12,95777.6
2014-06-13,95777.6
2014-06-16,95777.6
2014-06-17,95777.6
2014-06-18,95777.6
2014-06-19,95777.6
2014-06-20,95777.6
2014-06-23,95777.6
2014-06-24,95777.6
2014-06-25,95777.6
2014-06-26,95777.6
2014-06-27,95777.6
2014-06-30,95777.6
2014-07-01,95777.6
2014-07-02,95777.6
2014-07-03,95777.6
2014-07-04,95777.6
2014-07-07,95777.6
2014-07-08,95777.6
2014-07-09,95777.6
2014-07-10,95777.6
2014-07-11,95777.6
2014-07-14,95777.6
2014-07-15,95777.6
2014-07-16,95777.6
2014-07-17,95777.6
2014-07-18,95777.6
2014-07-21,95777.6
2014-07-22,95777.6
2014-07-23,95777.6
2014-07-24,95777.6
2014-07-25,95777.6
2014-07-28,95777.6
2014-07-29,95777.6
2014-07-30,95777.6
2014-07-31,95777.6
2014-08-01,95777.6
2014-08-04,95777.6
2014-08-05,95777.6
2014-08-06,95462.2
2014-08-07,95605.6
2014-08-08,95032
2014-08-11,95849.3
2014-08-12,94745.2
2014-08-13,94085.5
2014-08-14,94816.9
2014-08-15,93583.6
2014-08-18,93956.5
2014-08-19,94401
2014-08-20,94487
2014-08-21,94028.2
2014-08-22,92852.3
2014-08-25,92665.9
2014-08-26,91733.8
2014-08-27,91045.4
2014-08-28,91805.5
2014-08-29,92479.4
2014-09-01,93382.9
2014-09-02,92794.9
2014-09-03,91217.5
2014-09-04,91633.4
2014-09-05,90959.4
2014-09-08,90156.4
2014-09-09,90457.5
2014-09-10,90916.4
2014-09-11,89869.6
2014-09-12,89826.5
2014-09-15,90988.1
2014-09-16,90715.6
2014-09-17,90730
2014-09-18,91905.8
2014-09-19,92106.6
2014-09-22,93440.2
2014-09-23,92938.3
2014-09-24,92364.7
2014-09-25,91748.1
2014-09-26,91360.9
2014-09-29,90715.6
2014-09-30,91059.8
2014-10-01,90299.8
2014-10-02,89597.1
2014-10-03,89611.4
2014-10-06,89539.7
2014-10-07,90744.3
2014-10-08,91074.1
2014-10-09,91088.5
2014-10-10,91576
2014-10-13,90873.4
2014-10-14,90529.2
2014-10-15,90314.1
2014-10-16,89037.8
2014-10-17,89740.5
2014-10-20,89797.9
2014-10-21,91117.1
2014-10-22,91791.1
2014-10-23,90873.4
2014-10-24,91303.6
2014-10-27,92192.6
2014-10-28,91662.1
2014-10-29,91188.8
2014-10-30,90457.5
2014-10-31,90256.7
2014-11-03,89267.3
2014-11-04,89080.9
2014-11-05,89654.5
2014-11-06,89339
2014-11-07,89138.2
2014-11-10,87775.9
2014-11-11,87403.1
2014-11-12,86528.3
2014-11-13,86542.7
2014-11-14,85768.3
2014-11-17,84936.6
2014-11-18,84721.5
2014-11-19,83086.7
2014-11-20,83961.5
2014-11-21,84406
2014-11-24,84692.8
2014-11-25,83273.2
2014-11-26,84133.6
2014-11-27,84147.9
2014-11-28,84563.8
2014-12-01,84994
2014-12-02,85811.3
2014-12-03,86298.9
2014-12-04,85510.2
2014-12-05,84707.2
2014-12-08,83603
2014-12-09,84119.2
2014-12-10,83244.5
2014-12-11,83330.5
2014-12-12,83043.7
2014-12-15,83588.6
2014-12-16,84535.1
2014-12-17,85065.7
2014-12-18,84635.5
2014-12-19,84994
2014-12-22,84893.6
2014-12-23,85151.7
2014-12-24,84764.5
2014-12-25,84721.5
2014-12-26,84678.5
2014-12-29,85667.9
2014-12-30,85424.2
2014-12-31,85424.2
2015-01-01,85424.2
2015-01-02,85424.2
2015-01-05,85424.2
2015-01-06,85424.2
2015-01-07,85424.2
2015-01-08,85424.2
2015-01-09,85424.2
2015-01-12,85424.2
2015-01-13,85424.2
2015-01-14,85424.2
2015-01-15,85424.2
2015-01-16,85424.2
2015-01-19,85424.2
2015-01-20,85424.2
2015-01-21,85424.2
2015-01-22,85424.2
2015-01-23,85424.2
2015-01-26,85424.2
2015-01-27,85424.2
2015-01-28,85424.2
2015-01-29,85424.2
2015-01-30,85424.2
2015-02-02,85424.2
2015-02-03,85424.2
2015-02-04,85424.2
2015-02-05,85424.2
2015-02-06,85424.2
2015-02-09,85424.2
2015-02-10,85424.2
2015-02-11,85424.2
2015-02-12,85424.2
2015-02-13,85424.2
2015-02-16,85424.2
2015-02-17,85424.2
2015-02-18,85424.2
2015-02-19,85424.2
2015-02-20,85424.2
2015-02-23,85424.2
2015-02-24,85424.2
2015-02-25,85424.2
2015-02-26,85424.2
2015-02-27,85424.2
2015-03-02,85424.2
2015-03-03,85424.2
2015-03-04,85424.2
2015-03-05,85424.2
2015-03-06,85424.2
2015-03-09,85424.2
2015-03-10,85424.2
2015-03-11,85424.2
2015-03-12,85424.2
2015-03-13,85424.2
2015-03-16,85424.2
2015-03-17,85424.2
2015-03-18,85424.2
2015-03-19,85424.2
2015-03-20,85424.2
2015-03-23,85424.2
2015-03-24,85424.2
2015-03-25,85424.2
2015-03-26,85424.2
2015-03-27,85424.2
2015-03-30,85424.2
2015-03-31,85424.2
2015-04-01,85424.2
2015-04-02,85424.2
2015-04-03,85424.2
2015-04-06,85424.2
2015-04-07,85424.2
2015-04-08,85424.2
2015-04-09,85424.2
2015-04-10,85424.2
2015-04-13,85424.2
2015-04-14,85424.2
2015-04-15,85424.2
2015-04-16,85424.2
2015-04-17,85424.2
2015-04-20,85424.2
2015-04-21,85424.2
2015-04-22,85424.2
2015-04-23,85424.2
2015-04-24,85424.2
2015-04-27,85424.2
2015-04-28,86026.2
2015-04-29,84878.2
2015-04-30,84318.2
2015-05-01,85116.2
2015-05-04,85018.2
2015-05-05,84710.2
2015-05-06,84906.2
2015-05-07,85088.2
2015-05-08,84290.2
2015-05-11,84570.2
2015-05-12,83898.2
2015-05-13,84486.2
2015-05-14,83534.2
2015-05-15,83576.2
2015-05-18,83800.2
2015-05-19,83646.2
2015-05-20,84038.2
2015-05-21,84808.2
2015-05-22,83744.2
2015-05-25,82792.2
2015-05-26,82400.2
2015-05-27,82946.2
2015-05-28,83800.2
2015-05-29,83842.2
2015-06-01,84696.2
2015-06-02,85172.2
2015-06-03,85620.2
2015-06-04,86852.2
2015-06-05,86474.2
2015-06-08,86278.2
2015-06-09,85102.2
2015-06-10,84164.2
2015-06-11,84220.2
2015-06-12,82834.2
2015-06-15,82960.2
2015-06-16,82694.2
2015-06-17,82498.2
2015-06-18,83296.2
2015-06-19,83548.2
2015-06-22,82960.2
2015-06-23,81924.2
2015-06-24,81518.2
2015-06-25,82442.2
2015-06-26,83184.2
2015-06-29,82638.2
2015-06-30,82680.2
2015-07-01,83590.2
2015-07-02,83632.2
2015-07-03,83352.2
2015-07-06,83338.2
2015-07-07,83814.2
2015-07-08,83604.2
2015-07-09,83142.2
2015-07-10,81630.2
2015-07-13,82246.2
2015-07-14,81994.2
2015-07-15,81742.2
2015-07-16,81336.2
2015-07-17,81826.2
2015-07-20,81504.2
2015-07-21,80692.2
2015-07-22,81658.2
2015-07-23,83380.2
2015-07-24,82862.2
2015-07-27,82554.2
2015-07-28,82778.2
2015-07-29,83030.2
2015-07-30,82344.2
2015-07-31,83366.2
2015-08-03,83940.2
2015-08-04,84794.2
2015-08-05,84640.2
2015-08-06,85368.2
2015-08-07,86754.2
2015-08-10,86754.2
2015-08-11,86754.2
2015-08-12,86754.2
2015-08-13,86754.2
2015-08-14,86754.2
2015-08-17,86754.2
2015-08-18,86754.2
2015-08-19,86754.2
2015-08-20,86754.2
2015-08-21,86754.2
2015-08-24,86754.2
2015-08-25,86754.2
2015-08-26,86754.2
2015-08-27,86577.4
2015-08-28,86886.7
2015-08-31,87638
2015-09-01,87137.1
2015-09-02,87078.2
2015-09-03,87903.1
2015-09-04,86312.3
2015-09-07,86710
2015-09-08,86385.9
2015-09-09,84971.8
2015-09-10,85325.3
2015-09-11,84397.4
2015-09-14,84544.7
2015-09-15,83557.7
2015-09-16,83056.9
2015-09-17,82703.4
2015-09-18,82968.5
2015-09-21,83513.6
2015-09-22,83631.4
2015-09-23,84264.8
2015-09-24,84839.3
2015-09-25,85295.9
2015-09-28,84456.3
2015-09-29,84294.2
2015-09-30,83145.3
2015-10-01,83086.4
2015-10-02,83130.6
2015-10-05,82806.5
2015-10-06,82688.7
2015-10-07,83174.8
2015-10-08,83528.3
2015-10-09,83086.4
2015-10-12,83867.1
2015-10-13,84898.2
2015-10-14,85575.8
2015-10-15,85782
2015-10-16,85516.8
2015-10-19,85399
2015-10-20,85001.3
2015-10-21,84677.2
2015-10-22,84677.2
2015-10-23,84677.2
2015-10-26,84677.2
2015-10-27,84677.2
2015-10-28,84677.2
2015-10-29,84677.2
2015-10-30,84677.2
2015-11-02,84677.2
2015-11-03,84677.2
2015-11-04,84677.2
2015-11-05,84677.2
2015-11-06,84677.2
2015-11-09,84677.2
2015-11-10,84677.2
2015-11-11,84677.2
2015-11-12,84558.4
2015-11-13,84127.8
2015-11-16,83890.2
2015-11-17,83489.2
2015-11-18,83786.2
2015-11-19,83652.6
2015-11-20,83667.4
2015-11-23,84335.7
2015-11-24,84558.4
2015-11-25,84127.8
2015-11-26,83400.1
2015-11-27,83474.4
2015-11-30,83028.9
2015-12-01,82895.2
2015-12-02,82835.8
2015-12-03,83296.2
2015-12-04,83355.6
2015-12-07,82761.6
2015-12-08,82316.1
2015-12-09,83593.2
2015-12-10,83712
2015-12-11,84127.8
2015-12-14,83504.1
2015-12-15,84365.4
2015-12-16,83712
2015-12-17,85033.6
2015-12-18,85850.4
2015-12-21,86459.2
2015-12-22,86459.2
2015-12-23,86459.2
2015-12-24,86459.2
2015-12-25,86459.2
2015-12-28,86459.2
2015-12-29,86459.2
2015-12-30,86459.2
2015-12-31,86459.2
2016-01-01,86459.2
2016-01-04,86459.2
2016-01-05,86459.2
2016-01-06,86459.2
2016-01-07,86459.2
2016-01-08,86090.1
2016-01-11,86536.1
2016-01-12,87720.4
2016-01-13,86859.1
2016-01-14,87443.5
2016-01-15,87520.4
2016-01-18,88197.2
2016-01-19,87705
2016-01-20,87843.4
2016-01-21,87243.6
2016-01-22,87012.9
2016-01-25,86505.4
2016-01-26,85967.1
2016-01-27,85920.9
2016-01-28,86105.5
2016-01-29,85890.2
2016-02-01,87089.8
2016-02-02,87059
2016-02-03,86582.3
2016-02-04,87197.5
2016-02-05,86689.9
2016-02-08,86628.4
2016-02-09,86351.6
2016-02-10,86474.6
2016-02-11,85982.4
2016-02-12,84813.6
2016-02-15,85090.4
2016-02-16,85874.8
2016-02-17,86659.2
2016-02-18,86951.4
2016-02-19,87043.7
2016-02-22,86274.7
2016-02-23,85905.5
2016-02-24,85967.1
2016-02-25,85721
2016-02-26,84905.8
2016-02-29,85028.9
2016-03-01,85198.1
2016-03-02,84736.7
2016-03-03,85367.2
2016-03-04,85967.1
2016-03-07,86028.6
2016-03-08,86536.1
2016-03-09,87059
2016-03-10,86705.3
2016-03-11,86090.1
2016-03-14,86828.3
2016-03-15,87212.8
2016-03-16,87043.7
2016-03-17,87028.3
2016-03-18,87028.3
2016-03-21,87028.3
2016-03-22,87028.3
2016-03-23,87028.3
2016-03-24,87028.3
2016-03-25,87028.3
2016-03-28,87028.3
2016-03-29,87028.3
2016-03-30,87028.3
2016-03-31,87028.3
2016-04-01,87028.3
2016-04-04,87028.3
2016-04-05,87028.3
2016-04-06,87028.3
2016-04-07,87028.3
2016-04-08,87028.3
2016-04-11,87574.6
2016-04-12,86981.5
2016-04-13,88386.4
2016-04-14,88464.4
2016-04-15,88651.7
2016-04-18,87886.8
2016-04-19,88199
2016-04-20,87840
2016-04-21,87996.1
2016-04-22,87153.2
2016-04-25,88230.3
2016-04-26,87824.4
2016-04-27,89479.1
2016-04-28,89978.6
2016-04-29,90431.3
2016-05-02,91804.9
2016-05-03,91804.9
2016-05-04,91804.9
2016-05-05,91804.9
2016-05-06,91804.9
2016-05-09,91804.9
2016-05-10,91804.9
2016-05-11,91804.9
2016-05-12,91804.9
2016-05-13,91804.9
2016-05-16,91804.9
2016-05-17,91804.9
2016-05-18,91804.9
2016-05-19,91804.9
2016-05-20,91804.9
2016-05-23,91804.9
2016-05-24,91804.9
2016-05-25,91804.9
2016-05-26,91804.9
2016-05-27,91804.9
2016-05-30,91804.9
2016-05-31,91804.9
2016-06-01,91804.9
2016-06-02,91804.9
2016-06-03,91804.9
2016-06-06,91804.9
2016-06-07,91804.9
2016-06-08,91804.9
2016-06-09,91804.9
2016-06-10,91804.9
2016-06-13,91804.9
2016-06-14,91804.9
2016-06-15,91804.9
2016-06-16,91804.9
2016-06-17,91804.9
2016-06-20,91804.9
2016-06-21,91804.9
2016-06-22,91804.9
2016-06-23,91804.9
2016-06-24,91804.9
2016-06-27,91804.9
2016-06-28,91804.9
2016-06-29,91804.9
2016-06-30,91804.9
2016-07-01,91804.9
2016-07-04,91804.9
2016-07-05,91804.9
2016-07-06,91804.9
2016-07-07,91804.9
2016-07-08,91804.9
2016-07-11,91804.9
2016-07-12,91804.9
2016-07-13,91804.9
2016-07-14,91804.9
2016-07-15,91804.9
2016-07-18,91804.9
2016-07-19,91804.9
2016-07-20,91804.9
2016-07-21,91804.9
2016-07-22,91804.9
2016-07-25,91804.9
2016-07-26,91804.9
2016-07-27,91804.9
2016-07-28,91804.9
2016-07-29,91804.9
2016-08-01,91804.9
2016-08-02,91804.9
2016-08-03,91804.9
2016-08-04,91804.9
2016-08-05,91804.9
2016-08-08,91804.9
2016-08-09,91804.9
2016-08-10,91804.9
2016-08-11,91804.9
2016-08-12,91804.9
2016-08-15,91804.9
2016-08-16,91804.9
2016-08-17,91804.9
2016-08-18,91804.9
2016-08-19,91804.9
2016-08-22,91804.9
2016-08-23,91804.9
2016-08-24,91804.9
2016-08-25,91804.9
2016-08-26,91804.9
2016-08-29,91804.9
2016-08-30,91804.9
2016-08-31,91804.9
2016-09-01,91804.9
2016-09-02,91804.9
2016-09-05,91804.9
2016-09-06,91804.9
2016-09-07,91804.9
2016-09-08,91804.9
2016-09-09,91804.9
2016-09-12,91804.9
2016-09-13,91804.9
2016-09-14,91804.9
2016-09-15,91804.9
2016-09-16,91804.9
2016-09-19,91804.9
2016-09-20,91804.9
2016-09-21,91804.9
2016-09-22,91804.9
2016-09-23,91804.9
2016-09-26,91804.9
2016-09-27,91804.9
2016-09-28,91804.9
2016-09-29,91804.9
2016-09-30,91804.9
2016-10-03,91804.9
2016-10-04,91804.9
2016-10-05,91804.9
2016-10-06,91804.9
2016-10-07,91804.9
2016-10-10,91804.9
2016-10-11,91804.9
2016-10-12,91804.9
2016-10-13,91804.9
2016-10-14,91804.9
2016-10-17,91804.9
2016-10-18,91804.9
2016-10-19,91804.9
2016-10-20,91804.9
2016-10-21,91804.9
2016-10-24,91804.9
2016-10-25,91804.9
2016-10-26,91804.9
2016-10-27,91804.9
2016-10-28,91804.9
2016-10-31,91804.9
2016-11-01,92162.2
2016-11-02,91947.8
2016-11-03,91347.7
2016-11-04,90490.3
2016-11-07,92562.3
2016-11-08,91990.7
2016-11-09,93191.1
2016-11-10,93062.5
2016-11-11,93233.9
2016-11-14,93376.8
2016-11-15,93434
2016-11-16,94963
2016-11-17,95977.6
2016-11-18,96091.9
2016-11-21,96091.9
2016-11-22,96091.9
2016-11-23,96091.9
2016-11-24,96091.9
2016-11-25,96091.9
2016-11-28,96091.9
2016-11-29,96091.9
2016-11-30,96091.9
2016-12-01,96091.9
2016-12-02,96091.9
2016-12-05,96091.9
2016-12-06,96091.9
2016-12-07,96091.9
2016-12-08,96091.9
2016-12-09,96091.9
2016-12-12,96091.9
2016-12-13,96091.9
2016-12-14,96091.9
2016-12-15,96091.9
2016-12-16,96091.9
2016-12-19,96091.9
2016-12-20,96091.9
2016-12-21,96091.9
2016-12-22,96091.9
2016-12-23,96091.9
2016-12-26,96091.9
2016-12-27,96091.9
2016-12-28,96091.9
2016-12-29,96091.9
2016-12-30,96091.9
2017-01-02,96091.9
2017-01-03,96091.9
2017-01-04,96091.9
2017-01-05,96091.9
2017-01-06,96091.9
2017-01-09,96091.9
2017-01-10,96091.9
2017-01-11,96091.9
2017-01-12,96091.9
2017-01-13,96091.9
2017-01-16,96091.9
2017-01-17,96091.9
2017-01-18,96091.9
2017-01-19,96091.9
2017-01-20,96091.9
2017-01-23,96091.9
2017-01-24,96091.9
2017-01-25,96091.9
2017-01-26,96091.9
2017-01-27,96091.9
2017-01-30,96091.9
2017-01-31,96091.9
2017-02-01,96091.9
2017-02-02,96091.9
2017-02-03,96091.9
2017-02-06,96091.9
2017-02-07,96091.9
2017-02-08,96091.9
2017-02-09,97017.7
2017-02-10,97326.3
2017-02-13,97758.4
2017-02-14,98144.1
2017-02-15,98792.2
2017-02-16,98313.9
2017-02-17,99162.5
2017-02-20,98607
2017-02-21,98668.8
2017-02-22,99718
2017-02-23,99810.6
2017-02-24,99517.4
2017-02-27,99918.6
2017-02-28,100628
2017-03-01,101631
2017-03-02,101631
2017-03-03,101631
2017-03-06,101631
2017-03-07,101631
2017-03-08,101631
2017-03-09,101631
2017-03-10,101631
2017-03-13,101631
2017-03-14,101631
2017-03-15,101631
2017-03-16,101631
2017-03-17,101631
2017-03-20,101631
2017-03-21,101631
2017-03-22,101631
2017-03-23,101631
2017-03-24,101631
2017-03-27,101631
2017-03-28,101631
2017-03-29,101631
2017-03-30,101631
2017-03-31,101631
2017-04-03,101631
2017-04-04,101631
2017-04-05,101631
2017-04-06,101631
2017-04-07,101631
2017-04-10,101631
2017-04-11,101631
2017-04-12,101631
2017-04-13,101631
2017-04-14,101631
2017-04-17,101631
2017-04-18,101631
2017-04-19,101631
2017-04-20,101631
2017-04-21,101631
2017-04-24,101631
2017-04-25,101631
2017-04-26,101631
2017-04-27,101631
2017-04-28,101631
2017-05-01,101631
2017-05-02,101631
2017-05-03,101631
2017-05-04,101631
2017-05-05,101631
2017-05-08,101631
2017-05-09,101631
2017-05-10,101631
2017-05-11,101631
2017-05-12,101631
2017-05-15,101631
2017-05-16,101631
2017-05-17,101631
2017-05-18,101631
2017-05-19,101631
2017-05-22,101631
2017-05-23,101631
2017-05-24,101631
2017-05-25,101631
2017-05-26,101631
2017-05-29,101631
2017-05-30,101631
2017-05-31,101631
2017-06-01,101631
2017-06-02,101631
2017-06-05,101631
2017-06-06,101631
2017-06-07,101631
2017-06-08,101631
2017-06-09,101631
2017-06-12,101631
2017-06-13,101631
2017-06-14,101631
2017-06-15,101631
2017-06-16,101631
2017-06-19,101631
2017-06-20,101631
2017-06-21,101631
2017-06-22,101631
2017-06-23,101631
2017-06-26,101631
2017-06-27,101631
2017-06-28,101631
2017-06-29,101631
2017-06-30,101631
2017-07-03,101631
2017-07-04,101631
2017-07-05,101631
2017-07-06,101631
2017-07-07,101631
2017-07-10,101631
2017-07-11,101631
2017-07-12,101631
2017-07-13,101631
2017-07-14,101631
2017-07-17,101631
2017-07-18,101631
2017-07-19,101631
2017-07-20,101631
2017-07-21,101631
2017-07-24,101631
2017-07-25,101631
2017-07-26,101631
2017-07-27,101631
2017-07-28,101631
2017-07-31,101631
2017-08-01,101631
2017-08-02,101631
2017-08-03,101631
2017-08-04,101631
2017-08-07,101631
2017-08-08,101631
2017-08-09,101631
2017-08-10,101631
2017-08-11,101631
2017-08-14,101631
2017-08-15,101631
2017-08-16,101631
2017-08-17,101631
2017-08-18,101631
2017-08-21,101631
2017-08-22,101631
2017-08-23,101631
2017-08-24,101631
2017-08-25,101631
2017-08-28,101631
2017-08-29,101631
2017-08-30,101631
2017-08-31,101631
2017-09-01,101631
2017-09-04,101631
2017-09-05,101631
2017-09-06,101631
2017-09-07,101631
2017-09-08,101631
2017-09-11,101631
2017-09-12,101631
2017-09-13,101631
2017-09-14,101631
2017-09-15,101631
2017-09-18,101631
2017-09-19,101631
2017-09-20,101631
2017-09-21,101631
2017-09-22,101631
2017-09-25,101631
2017-09-26,101631
2017-09-27,101631
2017-09-28,101631
2017-09-29,101631
2017-10-02,101631
2017-10-03,101631
2017-10-04,101631
2017-10-05,101631
2017-10-06,101631
2017-10-09,101631
2017-10-10,101631
2017-10-11,101631
2017-10-12,101631
2017-10-13,101631
2017-10-16,101631
2017-10-17,101631
2017-10-18,101631
2017-10-19,101631
2017-10-20,101631
2017-10-23,101631
2017-10-24,101631
2017-10-25,101631
2017-10-26,101631
2017-10-27,101631
2017-10-30,101631
2017-10-31,101631
2017-11-01,101631
2017-11-02,101631
2017-11-03,101631
2017-11-06,101631
2017-11-07,101631
2017-11-08,101631
2017-11-09,101631
2017-11-10,101631
2017-11-13,101631
2017-11-14,101631
2017-11-15,101631
2017-11-16,101631
2017-11-17,101631
2017-11-20,101631
2017-11-21,101631
2017-11-22,101631
2017-11-23,101631
2017-11-24,101631
2017-11-27,101631
2017-11-28,101631
2017-11-29,101631
2017-11-30,101631
2017-12-01,101631
2017-12-04,101631
2017-12-05,101631
2017-12-06,101631
2017-12-07,101631
2017-12-08,101631
2017-12-11,101631
2017-12-12,101631
2017-12-13,101631
2017-12-14,101631
2017-12-15,101631
2017-12-18,101631
2017-12-19,101631
2017-12-20,101631
2017-12-21,101631
2017-12-22,101631
2017-12-25,101631
2017-12-26,101631
2017-12-27,101631
2017-12-28,101631
2017-12-29,101631
2018-01-01,101631
2018-01-02,102468
2018-01-03,100782
2018-01-04,101085
2018-01-05,100831
2018-01-08,100576
2018-01-09,100625
2018-01-10,100855
2018-01-11,101280
2018-01-12,100054
2018-01-15,100661
2018-01-16,98332
2018-01-17,97155.3
2018-01-18,97761.8
2018-01-19,98210.7
2018-01-22,97774
2018-01-23,97519.2
2018-01-24,96112.2
2018-01-25,96597.4
2018-01-26,97046.2
2018-01-29,96621.6
2018-01-30,97276.6
2018-01-31,96791.4
2018-02-01,96524.6
2018-02-02,95978.7
2018-02-05,96609.5
2018-02-06,97822.5
2018-02-07,97179.6
2018-02-08,97761.8
2018-02-09,97664.8
2018-02-12,98574.6
2018-02-13,98429
2018-02-14,98708
2018-02-15,99569.2
2018-02-16,99399.4
2018-02-19,99799.7
2018-02-20,100091
2018-02-21,100091
2018-02-22,100091
2018-02-23,100091
2018-02-26,100091
2018-02-27,100091
2018-02-28,100091
2018-03-01,100091
2018-03-02,100091
2018-03-05,100091
2018-03-06,100091
2018-03-07,100091
2018-03-08,100091
2018-03-09,100091
2018-03-12,100091
2018-03-13,100091
2018-03-14,100091
2018-03-15,100091
2018-03-16,100091
2018-03-19,100091
2018-03-20,100091
2018-03-21,100091
2018-03-22,100533
2018-03-23,99440.5
2018-03-26,99612.3
2018-03-27,100434
2018-03-28,99550.9
2018-03-29,99784.1
2018-03-30,100422
2018-04-02,100128
2018-04-03,98851.5
2018-04-04,98986.5
2018-04-05,98642.9
2018-04-06,98201.2
2018-04-09,100189
2018-04-10,100361
2018-04-11,101306
2018-04-12,100974
2018-04-13,102091
2018-04-16,103416
2018-04-17,104226
2018-04-18,104226
2018-04-19,104226
2018-04-20,104226
2018-04-23,104226
2018-04-24,104226
2018-04-25,104226
2018-04-26,104226
2018-04-27,104226
2018-04-30,104226
2018-05-01,104226
2018-05-02,104226
2018-05-03,104226
2018-05-04,104226
2018-05-07,104226
2018-05-08,104226
2018-05-09,104226
2018-05-10,104226
2018-05-11,104226
2018-05-14,104226
2018-05-15,104226
2018-05-16,104226
2018-05-17,104226
2018-05-18,104226
2018-05-21,104226
2018-05-22,104226
2018-05-23,104226
2018-05-24,104226
2018-05-25,104226
2018-05-28,104226
2018-05-29,104226
2018-05-30,104226
2018-05-31,104226
2018-06-01,104226
2018-06-04,104226
2018-06-05,104226
2018-06-06,104226
2018-06-07,104226
2018-06-08,104226
2018-06-11,104226
2018-06-12,104226
2018-06-13,104226
2018-06-14,104226
2018-06-15,104226
2018-06-18,104226
2018-06-19,104226
2018-06-20,104226
2018-06-21,104226
2018-06-22,104226
2018-06-25,104226
2018-06-26,104226
2018-06-27,104226
2018-06-28,104226
2018-06-29,104226
2018-07-02,104226
2018-07-03,104226
2018-07-04,104226
2018-07-05,104226
2018-07-06,104226
2018-07-09,104226
2018-07-10,104226
2018-07-11,104226
2018-07-12,104226
2018-07-13,104226
2018-07-16,104226
2018-07-17,104226
2018-07-18,104226
2018-07-19,104226
2018-07-20,104226
2018-07-23,104226
2018-07-24,104226
2018-07-25,104226
2018-07-26,104226
2018-07-27,104226
2018-07-30,104226
2018-07-31,104226
2018-08-01,104226
2018-08-02,104226
2018-08-03,104226
2018-08-06,104226
2018-08-07,104226
2018-08-08,104226
2018-08-09,104226
2018-08-10,104226
2018-08-13,104226
2018-08-14,104226
2018-08-15,104226
2018-08-16,104226
2018-08-17,104349
2018-08-20,104338
2018-08-21,103935
2018-08-22,102861
2018-08-23,102793
2018-08-24,102044
2018-08-27,101753
2018-08-28,102995
2018-08-29,104047
2018-08-30,104953
2018-08-31,104718
2018-09-03,104629
2018-09-04,104550
2018-09-05,105882
2018-09-06,106363
2018-09-07,106318
2018-09-10,106990
2018-09-11,107784
2018-09-12,107784
2018-09-13,107784
2018-09-14,107784
2018-09-17,107784
2018-09-18,107784
2018-09-19,107784
2018-09-20,107784
2018-09-21,107784
2018-09-24,107784
2018-09-25,107784
2018-09-26,107784
2018-09-27,107784
2018-09-28,107784
2018-10-01,107784
2018-10-02,107784
2018-10-03,107784
2018-10-04,107784
2018-10-05,107784
2018-10-08,107784
2018-10-09,107784
2018-10-10,107784
2018-10-11,107784
2018-10-12,107784
2018-10-15,107784
2018-10-16,107784
2018-10-17,107784
2018-10-18,107784
2018-10-19,107784
2018-10-22,107784
2018-10-23,107784
2018-10-24,107784
2018-10-25,107784
2018-10-26,107784
2018-10-29,107784
2018-10-30,107784
2018-10-31,107784
2018-11-01,107784
2018-11-02,107784
2018-11-05,107784
2018-11-06,107784
2018-11-07,107784
2018-11-08,107784
2018-11-09,107784
2018-11-12,107784
2018-11-13,107784
2018-11-14,107784
2018-11-15,107784
2018-11-16,107784
2018-11-19,107784
2018-11-20,107784
2018-11-21,107784
2018-11-22,107784
2018-11-23,107784
2018-11-26,107784
2018-11-27,107784
2018-11-28,107784
2018-11-29,107784
2018-11-30,107784
2018-12-03,107784
2018-12-04,107784
2018-12-05,107784
2018-12-06,107784
2018-12-07,107784
2018-12-10,107784
2018-12-11,107784
2018-12-12,107784
2018-12-13,107784
2018-12-14,107784
2018-12-17,107784
2018-12-18,107784
2018-12-19,107784
2018-12-20,107784
2018-12-21,107784
2018-12-24,107784
2018-12-25,107784
2018-12-26,107784
2018-12-27,107784
2018-12-28,107784
2018-12-31,107784
2019-01-01,107784
2019-01-02,107784
2019-01-03,107784
2019-01-04,107784
2019-01-07,107784
2019-01-08,107784
2019-01-09,107784
2019-01-10,107784
2019-01-11,107784
2019-01-14,107784
2019-01-15,107784
2019-01-16,106875
2019-01-17,108703
2019-01-18,108572
2019-01-21,108380
2019-01-22,109532
2019-01-23,108562
2019-01-24,108188
2019-01-25,108138
2019-01-28,108946
2019-01-29,109875
2019-01-30,109521
2019-01-31,110370
2019-02-01,110218
2019-02-04,112844
2019-02-05,112844
2019-02-06,112844
2019-02-07,112844
2019-02-08,112844
2019-02-11,112844
2019-02-12,112844
2019-02-13,112844
2019-02-14,112844
2019-02-15,112844
2019-02-18,112844
2019-02-19,112844
2019-02-20,112844
2019-02-21,112844
2019-02-22,112844
2019-02-25,112844
2019-02-26,112844
2019-02-27,112844
2019-02-28,112844
2019-03-01,112844
2019-03-04,112844
2019-03-05,112844
2019-03-06,112844
2019-03-07,112844
2019-03-08,112844
2019-03-11,112844
2019-03-12,112844
2019-03-13,112844
2019-03-14,112844
2019-03-15,112844
2019-03-18,112844
2019-03-19,112844
2019-03-20,112844
2019-03-21,112615
2019-03-22,112813
2019-03-25,112282
2019-03-26,113063
2019-03-27,113563
2019-03-28,114031
2019-03-29,114552
2019-04-01,114791
2019-04-02,114323
2019-04-03,114416
2019-04-04,115468
2019-04-05,116290
2019-04-08,114895
2019-04-09,115468
2019-04-10,114718
2019-04-11,112667
2019-04-12,113313
2019-04-15,114083
2019-04-16,114479
2019-04-17,113115
2019-04-18,113167
2019-04-19,112699
2019-04-22,111637
2019-04-23,112990
2019-04-24,113646
2019-04-25,113885
2019-04-26,113729
2019-04-29,114978
2019-04-30,115291
2019-05-01,114749
2019-05-02,114500
2019-05-03,114718
2019-05-06,113760
2019-05-07,114114
2019-05-08,115322
2019-05-09,115020
2019-05-10,113635
2019-05-13,114125
2019-05-14,112948
2019-05-15,111939
2019-05-16,112397
2019-05-17,110950
2019-05-20,110856
2019-05-21,111095
2019-05-22,112584
2019-05-23,113063
2019-05-24,112667
2019-05-27,112136
2019-05-28,111866
2019-05-29,113209
2019-05-30,113438
2019-05-31,112470
2019-06-03,112199
2019-06-04,112251
2019-06-05,112324
2019-06-06,113198
2019-06-07,113313
2019-06-10,113594
2019-06-11,114999
2019-06-12,115187
2019-06-13,117289
2019-06-14,117289
2019-06-17,117289
2019-06-18,117289
2019-06-19,117289
2019-06-20,117289
2019-06-21,117289
2019-06-24,117289
2019-06-25,117289
2019-06-26,117289
2019-06-27,117289
2019-06-28,117289
2019-07-01,117289
2019-07-02,117289
2019-07-03,117289
2019-07-04,117289
2019-07-05,117289
2019-07-08,117289
2019-07-09,117289
2019-07-10,117289
2019-07-11,117289
2019-07-12,117289
2019-07-15,117289
2019-07-16,117289
2019-07-17,117289
2019-07-18,117289
2019-07-19,117289
2019-07-22,117289
2019-07-23,117289
2019-07-24,117289
2019-07-25,117289
2019-07-26,117289
2019-07-29,117289
2019-07-30,117289
2019-07-31,117289
2019-08-01,117289
2019-08-02,117289
2019-08-05,117289
2019-08-06,117289
2019-08-07,118261
2019-08-08,117388
2019-08-09,117147
2019-08-12,117617
2019-08-13,116350
2019-08-14,116732
2019-08-15,116034
2019-08-16,115400
2019-08-19,115378
2019-08-20,114505
2019-08-21,114396
2019-08-22,115804
2019-08-23,116176
2019-08-26,116547
2019-08-27,116831
2019-08-28,118087
2019-08-29,117093
2019-08-30,115662
2019-09-02,116700
2019-09-03,115772
2019-09-04,117071
2019-09-05,116274
2019-09-06,114953
2019-09-09,115815
2019-09-10,114232
2019-09-11,114068
2019-09-12,115400
2019-09-13,115193
2019-09-16,114723
2019-09-17,114286
2019-09-18,114494
2019-09-19,116121
2019-09-20,114800
2019-09-23,115859
2019-09-24,116099
2019-09-25,115575
2019-09-26,116591
2019-09-27,115291
2019-09-30,116165
2019-10-01,115782
2019-10-02,115848
2019-10-03,115881
2019-10-04,114811
2019-10-07,114275
2019-10-08,113620
2019-10-09,113511
2019-10-10,113697
2019-10-11,113238
2019-10-14,115073
2019-10-15,116143
2019-10-16,115488
2019-10-17,115772
2019-10-18,116929
2019-10-21,116973
2019-10-22,117049
2019-10-23,117180
2019-10-24,116809
2019-10-25,117235
2019-10-28,116591
2019-10-29,115739
2019-10-30,115739
2019-10-31,115739
2019-11-01,115739
2019-11-04,115739
2019-11-05,115739
2019-11-06,114686
2019-11-07,115794
2019-11-08,114243
2019-11-11,114365
2019-11-12,114453
2019-11-13,113523
2019-11-14,112049
2019-11-15,112182
2019-11-18,112370
2019-11-19,110886
2019-11-20,110110
2019-11-21,111395
2019-11-22,111650
2019-11-25,111373
2019-11-26,112016
2019-11-27,112282
2019-11-28,111384
2019-11-29,109312
2019-12-02,108393
2019-12-03,110265
2019-12-04,109988
2019-12-05,109080
2019-12-06,108703
2019-12-09,107185
2019-12-10,108016
2019-12-11,106631
2019-12-12,106786
2019-12-13,105911
2019-12-16,106432
2019-12-17,106365
2019-12-18,105922
2019-12-19,105944
2019-12-20,106974
2019-12-23,107063
2019-12-24,106830
2019-12-25,107473
2019-12-26,108515
2019-12-27,108526
2019-12-30,108182
2019-12-31,107684
2020-01-01,106487
2020-01-02,106986
2020-01-03,106254
2020-01-06,107074
2020-01-07,106631
2020-01-08,105999
2020-01-09,105955
2020-01-10,104470
2020-01-13,104991
2020-01-14,103540
2020-01-15,102642
2020-01-16,101357
2020-01-17,100182
2020-01-20,100471
2020-01-21,101523
2020-01-22,102232
2020-01-23,102421
2020-01-24,102376
2020-01-27,103673
2020-01-28,103085
2020-01-29,101867
2020-01-30,102000
2020-01-31,101623
2020-02-03,101756
2020-02-04,103340
2020-02-05,103174
2020-02-06,102299
2020-02-07,101878
2020-02-10,102454
2020-02-11,102853
2020-02-12,101988
2020-02-13,101146
2020-02-14,101479
2020-02-17,100648
2020-02-18,100892
2020-02-19,100869
2020-02-20,101789
2020-02-21,101723
2020-02-24,101401
2020-02-25,102321
2020-02-26,101900
2020-02-27,102421
2020-02-28,102332
2020-03-02,103196
2020-03-03,103429
2020-03-04,102886
2020-03-05,102642
2020-03-06,102221
2020-03-09,102144
2020-03-10,101878
2020-03-11,102764
2020-03-12,102653
2020-03-13,104094
2020-03-16,104094
2020-03-17,104216
2020-03-18,104736
2020-03-19,104249
2020-03-20,104570
2020-03-23,104936
2020-03-24,104426
2020-03-25,106709
2020-03-26,106709
2020-03-27,106709
2020-03-30,106709
2020-03-31,106709
2020-04-01,106709
2020-04-02,106709
2020-04-03,106709
2020-04-06,106709
2020-04-07,106709
2020-04-08,106709
2020-04-09,106709
2020-04-10,106709
2020-04-13,106709
2020-04-14,106709
2020-04-15,106709
2020-04-16,106709
2020-04-17,106709
2020-04-20,106709
2020-04-21,106709
2020-04-22,106709
2020-04-23,106709
2020-04-24,106709
2020-04-27,106709
2020-04-28,106709
2020-04-29,106709
2020-04-30,106709
2020-05-01,106709
2020-05-04,106709
2020-05-05,106709
2020-05-06,106709
2020-05-07,106709
2020-05-08,106709
2020-05-11,106709
2020-05-12,106709
2020-05-13,106709
2020-05-14,106709
2020-05-15,106709
2020-05-18,106709
2020-05-19,106709
2020-05-20,106709
2020-05-21,106709
2020-05-22,106709
2020-05-25,106709
2020-05-26,106709
2020-05-27,106709
2020-05-28,106709
2020-05-29,106709
2020-06-01,106709
2020-06-02,106709
2020-06-03,106709
2020-06-04,106709
2020-06-05,106709
2020-06-08,106709
2020-06-09,106709
2020-06-10,106709
2020-06-11,107509
2020-06-12,106820
2020-06-15,106608
2020-06-16,105886
2020-06-17,107342
2020-06-18,107365
2020-06-19,109122
2020-06-22,110334
2020-06-23,110534
2020-06-24,111535
2020-06-25,111279
2020-06-26,109922
2020-06-29,109944
2020-06-30,108999
2020-07-01,108288
2020-07-02,108454
2020-07-03,109411
2020-07-06,107865
2020-07-07,108554
2020-07-08,108910
2020-07-09,108276
2020-07-10,108343
2020-07-13,108699
2020-07-14,109878
2020-07-15,109589
2020-07-16,110489
2020-07-17,110323
2020-07-20,110623
2020-07-21,110222
2020-07-22,110089
2020-07-23,108844
2020-07-24,109300
2020-07-27,109088
2020-07-28,109288
2020-07-29,109099
2020-07-30,108744
2020-07-31,107765
2020-08-03,106764
2020-08-04,106898
2020-08-05,105819
2020-08-06,106052
2020-08-07,105597
2020-08-10,106597
2020-08-11,105296
2020-08-12,104996
2020-08-13,103906
2020-08-14,103740
2020-08-17,105585
2020-08-18,106186
2020-08-19,107098
2020-08-20,106853
2020-08-21,105986
2020-08-24,107609
2020-08-25,108299
2020-08-26,108610
2020-08-27,109600
2020-08-28,108299
2020-08-31,109889
2020-09-01,111946
2020-09-02,111946
2020-09-03,111946
2020-09-04,111946
2020-09-07,111946
2020-09-08,111946
2020-09-09,111946
2020-09-10,111946
2020-09-11,111946
2020-09-14,111946
2020-09-15,111946
2020-09-16,111946
2020-09-17,111946
2020-09-18,111946
2020-09-21,111946
2020-09-22,111946
2020-09-23,111946
2020-09-24,111946
2020-09-25,111946
2020-09-28,111946
2020-09-29,111946
2020-09-30,111946
2020-10-01,111946
2020-10-02,111946
2020-10-05,111946
2020-10-06,111946
2020-10-07,111946
2020-10-08,111946
2020-10-09,111946
2020-10-12,111946
2020-10-13,111946
2020-10-14,111946
2020-10-15,111946
2020-10-16,111946
2020-10-19,111946
2020-10-20,111946
2020-10-21,111946
2020-10-22,111946
2020-10-23,111946
2020-10-26,111946
2020-10-27,111946
2020-10-28,111946
2020-10-29,111946
2020-10-30,111946
2020-11-02,110897
2020-11-03,113308
2020-11-04,112941
2020-11-05,112876
2020-11-06,112627
2020-11-09,112951
2020-11-10,111406
2020-11-11,109200
2020-11-12,111287
2020-11-13,111633
2020-11-16,111211
2020-11-17,110789
2020-11-18,110227
2020-11-19,109730
2020-11-20,110811
2020-11-23,109146
2020-11-24,107752
2020-11-25,107838
2020-11-26,107676
2020-11-27,107168
2020-11-30,107654
2020-12-01,107427
2020-12-02,105557
2020-12-03,104725
2020-12-04,104811
2020-12-07,105352
2020-12-08,107071
2020-12-09,106779
2020-12-10,105838
2020-12-11,105222
2020-12-14,104487
2020-12-15,104433
2020-12-16,104184
2020-12-17,104195
2020-12-18,104228
2020-12-21,103309
2020-12-22,102152
2020-12-23,101536
2020-12-24,101731
2020-12-25,101039
2020-12-28,102768
2020-12-29,102141
2020-12-30,102466
2020-12-31,101882
2021-01-01,101439
2021-01-04,100833
2021-01-05,100617
2021-01-06,99525.4
2021-01-07,100877
2021-01-08,102044
2021-01-11,102012
2021-01-12,101374
2021-01-13,100433
2021-01-14,101104
2021-01-15,101190
2021-01-18,99752.4
2021-01-19,99384.8
2021-01-20,99374
2021-01-21,100704
2021-01-22,100217
2021-01-25,100617
2021-01-26,100790
2021-01-27,100098
2021-01-28,99611.9
2021-01-29,99925.3
2021-02-01,99806.4
2021-02-02,99222.7
2021-02-03,98271.4
2021-02-04,98184.9
2021-02-05,97947.1
2021-02-08,99071.4
2021-02-09,99298.4
2021-02-10,98811.9
2021-02-11,99395.7
2021-02-12,99341.6
2021-02-15,99536.2
2021-02-16,100023
2021-02-17,99936.2
2021-02-18,99374
2021-02-19,98930.8
2021-02-22,99255.1
2021-02-23,97828.2
2021-02-24,97298.5
2021-02-25,96617.5
2021-02-26,96779.6
2021-03-01,95968.9
2021-03-02,95417.6
2021-03-03,94001.5
2021-03-04,94336.6
2021-03-05,93666.4
2021-03-08,94131.2
2021-03-09,94552.8
2021-03-10,93915
2021-03-11,95590.5
2021-03-12,95947.3
2021-03-15,96574.2
2021-03-16,97114.7
2021-03-17,97730.9
2021-03-18,97979.5
2021-03-19,99492.9
2021-03-22,101190
2021-03-23,101190
2021-03-24,101190
2021-03-25,101190
2021-03-26,101190
2021-03-29,101190
2021-03-30,101190
2021-03-31,101190
2021-04-01,101190
2021-04-02,101190
2021-04-05,101190
2021-04-06,101190
2021-04-07,101190
2021-04-08,101190
2021-04-09,101190
2021-04-12,101190
2021-04-13,101190
2021-04-14,101190
2021-04-15,101190
2021-04-16,101190
2021-04-19,101190
2021-04-20,101190
2021-04-21,101190
2021-04-22,101190
2021-04-23,101190
2021-04-26,101190
2021-04-27,102012
2021-04-28,101664
2021-04-29,102764
2021-04-30,102821
2021-05-03,102220
2021-05-04,102197
2021-05-05,103064
2021-05-06,102255
2021-05-07,102023
2021-05-10,100450
2021-05-11,100750
2021-05-12,99732.3
2021-05-13,98934
2021-05-14,98008.4
2021-05-17,98679.4
2021-05-18,97730.7
2021-05-19,95902.6
2021-05-20,96805.1
2021-05-21,96805.1
2021-05-24,96006.8
2021-05-25,95844.8
2021-05-26,96064.6
2021-05-27,96041.5
2021-05-28,96076.2
2021-05-31,95324.1
2021-06-01,96041.5
2021-06-02,96805.1
2021-06-03,97672.8
2021-06-04,98332.3
2021-06-07,99200.1
2021-06-08,97811.7
2021-06-09,97325.7
2021-06-10,98262.9
2021-06-11,97811.7
2021-06-14,97048.1
2021-06-15,97291
2021-06-16,97800.1
2021-06-17,98239.8
2021-06-18,98748.8
2021-06-21,97881.1
2021-06-22,98656.3
2021-06-23,98100.9
2021-06-24,97291
2021-06-25,97406.7
2021-06-28,98887.7
2021-06-29,98945.5
2021-06-30,99281.1
2021-07-01,98471.2
2021-07-02,99061.2
2021-07-05,97950.5
2021-07-06,97291
2021-07-07,96701
2021-07-08,96342.3
2021-07-09,96400.1
2021-07-12,96284.4
2021-07-13,97140.6
2021-07-14,96539
2021-07-15,97487.7
2021-07-16,96978.6
2021-07-19,98505.9
2021-07-20,98251.3
2021-07-21,98806.7
2021-07-22,98378.6
2021-07-23,97244.7
2021-07-26,97036.5
2021-07-27,97163.8
2021-07-28,96978.6
2021-07-29,96261.3
2021-07-30,95139
2021-08-02,95810.1
2021-08-03,95266.3
2021-08-04,95752.2
2021-08-05,96353.9
2021-08-06,96203.4
2021-08-09,95705.9
2021-08-10,96620
2021-08-11,95763.8
2021-08-12,95925.8
2021-08-13,95624.9
2021-08-16,97198.5
2021-08-17,97938.9
2021-08-18,96781.9
2021-08-19,96573.7
2021-08-20,96712.5
2021-08-23,95358.8
2021-08-24,96226.6
2021-08-25,96168.7
2021-08-26,96978.6
2021-08-27,97071.2
2021-08-30,96527.4
2021-08-31,95335.7
2021-09-01,96342.3
2021-09-02,96122.5
2021-09-03,97036.5
2021-09-06,95798.5
2021-09-07,95347.3
2021-09-08,95358.8
2021-09-09,95995.2
2021-09-10,97059.6
2021-09-13,97615
2021-09-14,96596.8
2021-09-15,97372
2021-09-16,96805.1
2021-09-17,96064.6
2021-09-20,96134
2021-09-21,94953.9
2021-09-22,95786.9
2021-09-23,94491.1
2021-09-24,94791.9
2021-09-27,94768.8
2021-09-28,94953.9
2021-09-29,96481.1
2021-09-30,97267.9
2021-10-01,97950.5
2021-10-04,97175.3
2021-10-05,97499.3
2021-10-06,98066.2
2021-10-07,98795.1
2021-10-08,99165.4
2021-10-11,99153.8
2021-10-12,99153.8
2021-10-13,99153.8
2021-10-14,99153.8
2021-10-15,99153.8
2021-10-18,99153.8
2021-10-19,99153.8
2021-10-20,99153.8
2021-10-21,99153.8
2021-10-22,99153.8
2021-10-25,99153.8
2021-10-26,99153.8
2021-10-27,99153.8
2021-10-28,99153.8
2021-10-29,99153.8
2021-11-01,99153.8
2021-11-02,99153.8
2021-11-03,99153.8
2021-11-04,99153.8
2021-11-05,99153.8
2021-11-08,99153.8
2021-11-09,99153.8
2021-11-10,99153.8
2021-11-11,99153.8
2021-11-12,99153.8
2021-11-15,99153.8
2021-11-16,99153.8
2021-11-17,99153.8
2021-11-18,99153.8
2021-11-19,99153.8
2021-11-22,99153.8
2021-11-23,99153.8
2021-11-24,99153.8
2021-11-25,99153.8
2021-11-26,99153.8
2021-11-29,99153.8
2021-11-30,99153.8
2021-12-01,99153.8
2021-12-02,99153.8
2021-12-03,99153.8
2021-12-06,99153.8
2021-12-07,99153.8
2021-12-08,99153.8
2021-12-09,99153.8
2021-12-10,99153.8
2021-12-13,99153.8
2021-12-14,99153.8
2021-12-15,99153.8
2021-12-16,99153.8
2021-12-17,99153.8
2021-12-20,99153.8
2021-12-21,99153.8
2021-12-22,99153.8
2021-12-23,99153.8
2021-12-24,99153.8
2021-12-27,99153.8
2021-12-28,99153.8
2021-12-29,99153.8
2021-12-30,99200
2021-12-31,99604.6
2022-01-03,99431.2
2022-01-04,99257.8
2022-01-05,98633.6
2022-01-06,99281
2022-01-07,99939.9
2022-01-10,99674
2022-01-11,99905.2
2022-01-12,101096
2022-01-13,102067
2022-01-14,101847
2022-01-17,101373
2022-01-18,101859
2022-01-19,101454
2022-01-20,102402
2022-01-21,104055
2022-01-24,104055
2022-01-25,104055
2022-01-26,104055
2022-01-27,104055
2022-01-28,104055
2022-01-31,104055
2022-02-01,104055
2022-02-02,104055
2022-02-03,104055
2022-02-04,104055
2022-02-07,104055
2022-02-08,104055
2022-02-09,104055
2022-02-10,104055
2022-02-11,104031
2022-02-14,103460
2022-02-15,103186
2022-02-16,104484
2022-02-17,105496
2022-02-18,105342
2022-02-21,106259
2022-02-22,106139
2022-02-23,106628
2022-02-24,106306
2022-02-25,106366
2022-02-28,106628
2022-03-01,106449
2022-03-02,106544
2022-03-03,105842
2022-03-04,105437
2022-03-07,104996
2022-03-08,104115
2022-03-09,105437
2022-03-10,106640
2022-03-11,107795
2022-03-14,106473
2022-03-15,105580
2022-03-16,104960
2022-03-17,104948
2022-03-18,104270
2022-03-21,103769
2022-03-22,102781
2022-03-23,104258
2022-03-24,104460
2022-03-25,104067
2022-03-28,103043
2022-03-29,103222
2022-03-30,103019
2022-03-31,103829
2022-04-01,102590
2022-04-04,102138
2022-04-05,102185
2022-04-06,101649
2022-04-07,101578
2022-04-08,100518
2022-04-11,99910.6
2022-04-12,100256
2022-04-13,101590
2022-04-14,100732
2022-04-15,100304
2022-04-18,101149
2022-04-19,100994
2022-04-20,101233
2022-04-21,100887
2022-04-22,101244
2022-04-25,101113
2022-04-26,99315.1
2022-04-27,98707.6
2022-04-28,98016.9
2022-04-29,98124.1
2022-05-02,98600.5
2022-05-03,97492.8
2022-05-04,96766.3
2022-05-05,96814
2022-05-06,97647.7
2022-05-09,96420.9
2022-05-10,97254.6
2022-05-11,97040.2
2022-05-12,96968.8
2022-05-13,96528.1
2022-05-16,97278.4
2022-05-17,97492.8
2022-05-18,97457.1
2022-05-19,97945.4
2022-05-20,96397.1
2022-05-23,96182.7
2022-05-24,97671.5
2022-05-25,97969.2
2022-05-26,98719.6
2022-05-27,97850.1
2022-05-30,97623.8
2022-05-31,96659.1
2022-06-01,97349.9
2022-06-02,97361.8
2022-06-03,96016
2022-06-06,94789.3
2022-06-07,94836.9
2022-06-08,95194.2
2022-06-09,95527.7
2022-06-10,93860.3
2022-06-13,94777.3
2022-06-14,94455.8
2022-06-15,94586.8
2022-06-16,94038.9
2022-06-17,93824.5
2022-06-20,94491.5
2022-06-21,95551.5
2022-06-22,96230.4
2022-06-23,96861.6
2022-06-24,98028.8
2022-06-27,97457.1
2022-06-28,96837.8
2022-06-29,96528.1
2022-06-30,97290.4
2022-07-01,97492.8
2022-07-04,98195.5
2022-07-05,98195.5
2022-07-06,98195.5
2022-07-07,98195.5
2022-07-08,98195.5
2022-07-11,98195.5
2022-07-12,98195.5
2022-07-13,98195.5
2022-07-14,98195.5
2022-07-15,98195.5
2022-07-18,98195.5
2022-07-19,98195.5
2022-07-20,98195.5
2022-07-21,98195.5
2022-07-22,98195.5
2022-07-25,98195.5
2022-07-26,97596.2
2022-07-27,97840.8
2022-07-28,97449.5
2022-07-29,97021.4
2022-08-01,97816.4
2022-08-02,98745.9
2022-08-03,98012.1
2022-08-04,97192.7
2022-08-05,98758.1
2022-08-08,98758.1
2022-08-09,99687.6
2022-08-10,100739
2022-08-11,101559
2022-08-12,99809.9
2022-08-15,101082
2022-08-16,101962
2022-08-17,101241
2022-08-18,101339
2022-08-19,99932.2
2022-08-22,98146.6
2022-08-23,97669.6
2022-08-24,97376.1
2022-08-25,98440.1
2022-08-26,98207.7
2022-08-29,98097.7
2022-08-30,98305.6
2022-08-31,99394.1
2022-09-01,100605
2022-09-02,100898
2022-09-05,101657
2022-09-06,101730
2022-09-07,101901
2022-09-08,102464
2022-09-09,102513
2022-09-12,102513
2022-09-13,102513
2022-09-14,102513
2022-09-15,102513
2022-09-16,102513
2022-09-19,102513
2022-09-20,102513
2022-09-21,102513
2022-09-22,102513
2022-09-23,102513
2022-09-26,102513
2022-09-27,102513
2022-09-28,102513
2022-09-29,102513
2022-09-30,102513
2022-10-03,102513
2022-10-04,102513
2022-10-05,102513
2022-10-06,102513
2022-10-07,102513
2022-10-10,102513
2022-10-11,102513
2022-10-12,102513
2022-10-13,102513
2022-10-14,102513
2022-10-17,102513
2022-10-18,102513
2022-10-19,102513
2022-10-20,102513
2022-10-21,102513
2022-10-24,102513
2022-10-25,102513
2022-10-26,102513
2022-10-27,102513
2022-10-28,102513
2022-10-31,102513
2022-11-01,102513
2022-11-02,102513
2022-11-03,102513
2022-11-04,102513
2022-11-07,102513
2022-11-08,102513
2022-11-09,102513
2022-11-10,102513
2022-11-11,102513
2022-11-14,102513
2022-11-15,102513
2022-11-16,102513
2022-11-17,102513
2022-11-18,102513
2022-11-21,102513
2022-11-22,102513
2022-11-23,102513
2022-11-24,102513
2022-11-25,102513
2022-11-28,102513
2022-11-29,102513
2022-11-30,102513
2022-12-01,102513
2022-12-02,102513
2022-12-05,102513
2022-12-06,102513
2022-12-07,102513
2022-12-08,102513
2022-12-09,102513
2022-12-12,102513
2022-12-13,102513
2022-12-14,102513
2022-12-15,102513
2022-12-16,102513
2022-12-19,102513
2022-12-20,102513
2022-12-21,102513
2022-12-22,102513
2022-12-23,102513
2022-12-26,102513
2022-12-27,102513
2022-12-28,102513
2022-12-29,102513
2022-12-30,102513
2023-01-02,102513
2023-01-03,102513
2023-01-04,102513
2023-01-05,102513
2023-01-06,102513
2023-01-09,102513
2023-01-10,102513
2023-01-11,102513
2023-01-12,102513
2023-01-13,102513
2023-01-16,102513
2023-01-17,102513
2023-01-18,102513
2023-01-19,102513
2023-01-20,102513
2023-01-23,102513
2023-01-24,102513
2023-01-25,102513
2023-01-26,102513
2023-01-27,102513
2023-01-30,102513
2023-01-31,102513
2023-02-01,102513
2023-02-02,102513
2023-02-03,102513
2023-02-06,102513
2023-02-07,102513
2023-02-08,102513
2023-02-09,102513
2023-02-10,102513
2023-02-13,102513
2023-02-14,102513
2023-02-15,102513
2023-02-16,102513
2023-02-17,102740
2023-02-20,102089
2023-02-21,100695
2023-02-22,100850
2023-02-23,100385
2023-02-24,100705
2023-02-27,101769
2023-02-28,101139
2023-03-01,101697
2023-03-02,101965
2023-03-03,101252
2023-03-06,102461
2023-03-07,102337
2023-03-08,100240
2023-03-09,99579
2023-03-10,98917.9
2023-03-13,99010.8
2023-03-14,97554.3
2023-03-15,98680.3
2023-03-16,98845.6
2023-03-17,98639
2023-03-20,98143.1
2023-03-21,99000.5
2023-03-22,98669.9
2023-03-23,99165.8
2023-03-24,99041.8
2023-03-27,97595.6
2023-03-28,96180.4
2023-03-29,96459.3
2023-03-30,96665.9
2023-03-31,96469.7
2023-04-03,97936.5
2023-04-04,97533.6
2023-04-05,98525.3
2023-04-06,99465.4
2023-04-07,98132.8
2023-04-10,96511
2023-04-11,96232.1
2023-04-12,95095.8
2023-04-13,94899.5
2023-04-14,93639.2
2023-04-17,94104.1
2023-04-18,93990.5
2023-04-19,93783.9
2023-04-20,93412
2023-04-21,92864.5
2023-04-24,92275.7
2023-04-25,92709.5
2023-04-26,91552.6
2023-04-27,92110.4
2023-04-28,93401.6
2023-05-01,93133.1
2023-05-02,92492.6
2023-05-03,92750.9
2023-05-04,93308.7
2023-05-05,93443
2023-05-08,94000.8
2023-05-09,95075.1
2023-05-10,96149.4
2023-05-11,95488.3
2023-05-12,95343.7
2023-05-15,94093.8
2023-05-16,93938.8
2023-05-17,93370.7
2023-05-18,94083.4
2023-05-19,95044.1
2023-05-22,95705.2
2023-05-23,95736.2
2023-05-24,95736.2
2023-05-25,95736.2
2023-05-26,95736.2
2023-05-29,95736.2
2023-05-30,95736.2
2023-05-31,95736.2
2023-06-01,95736.2
2023-06-02,95736.2
2023-06-05,95736.2
2023-06-06,95736.2
2023-06-07,95736.2
2023-06-08,95736.2
2023-06-09,95736.2
2023-06-12,95736.2
2023-06-13,95736.2
2023-06-14,95736.2
2023-06-15,95736.2
2023-06-16,95736.2
2023-06-19,95736.2
2023-06-20,95736.2
2023-06-21,95736.2
2023-06-22,95736.2
2023-06-23,95736.2
2023-06-26,95736.2
2023-06-27,95736.2
2023-06-28,95736.2
2023-06-29,95736.2
2023-06-30,95736.2
2023-07-03,95736.2
2023-07-04,95736.2
2023-07-05,95736.2
2023-07-06,95736.2
2023-07-07,95736.2
2023-07-10,95736.2
2023-07-11,96181.7
2023-07-12,95912.3
2023-07-13,95788
2023-07-14,94959.2
2023-07-17,95518.7
2023-07-18,96171.3
2023-07-19,95674.1
2023-07-20,96192.1
2023-07-21,95321.8
2023-07-24,95415.1
2023-07-25,95249.3
2023-07-26,95384
2023-07-27,95394.3
2023-07-28,96347.5
2023-07-31,98005.1
2023-08-01,98119
2023-08-02,98087.9
2023-08-03,97155.5
2023-08-04,97103.7
2023-08-07,96233.5
2023-08-08,96451.1
2023-08-09,97207.3
2023-08-10,96761.9
2023-08-11,95777.7
2023-08-14,96129.9
2023-08-15,96855.1
2023-08-16,95487.6
2023-08-17,95176.8
2023-08-18,94638.1
2023-08-21,95819.1
2023-08-22,95176.8
2023-08-23,95062.8
2023-08-24,94441.2
2023-08-25,95156.1
2023-08-28,95321.8
2023-08-29,96772.2
2023-08-30,96223.1
2023-08-31,95674.1
2023-09-01,95767.3
2023-09-04,95011
2023-09-05,93736.7
2023-09-06,95166.4
2023-09-07,95508.3
2023-09-08,95891.6
2023-09-11,95943.4
2023-09-12,96192.1
2023-09-13,96078.1
2023-09-14,96223.1
2023-09-15,95933.1
2023-09-18,96316.4
2023-09-19,95922.7
2023-09-20,94565.5
2023-09-21,93664.2
2023-09-22,92566.1
2023-09-25,93218.7
2023-09-26,91747.6
2023-09-27,92773.3
2023-09-28,93767.8
2023-09-29,94389.4
2023-10-02,92773.3
2023-10-03,93581.3
2023-10-04,93270.5
2023-10-05,92244.9
2023-10-06,91913.4
2023-10-09,92255.3
2023-10-10,91768.3
2023-10-11,92244.9
2023-10-12,91695.8
2023-10-13,91436.8
2023-10-16,90981
2023-10-17,90266.1
2023-10-18,90121.1
2023-10-19,90131.5
2023-10-20,88494.6
2023-10-23,88235.6
2023-10-24,87013.1
2023-10-25,86111.8
2023-10-26,86267.2
2023-10-27,86267.2
2023-10-30,85459.1
2023-10-31,85345.1
2023-11-01,83573.6
2023-11-02,83573.6
2023-11-03,84101.9
2023-11-06,83687.5
2023-11-07,84350.6
2023-11-08,83366.4
2023-11-09,82900.2
2023-11-10,83666.8
2023-11-13,83324.9
2023-11-14,84371.3
2023-11-15,83646.1
2023-11-16,84329.9
2023-11-17,83801.5
2023-11-20,84143.4
2023-11-21,83459.6
2023-11-22,83200.6
2023-11-23,83242.1
2023-11-24,82765.5
2023-11-27,82547.9
2023-11-28,83324.9
2023-11-29,82340.7
2023-11-30,82454.7
2023-12-01,81739.9
2023-12-04,81252.9
2023-12-05,81097.5
2023-12-06,81087.2
2023-12-07,81574.1
2023-12-08,81688.1
2023-12-11,80817.8
2023-12-12,81853.8
2023-12-13,80900.7
2023-12-14,79636.8
2023-12-15,78849.4
2023-12-18,78445.4
2023-12-19,77968.8
2023-12-20,77709.8
2023-12-21,77958.5
2023-12-22,78735.5
2023-12-25,79491.7
2023-12-26,78994.5
2023-12-27,78403.9
2023-12-28,77564.8
2023-12-29,78248.5
2024-01-01,78393.6
2024-01-02,77989.5
2024-01-03,77461.2
2024-01-04,78859.8
2024-01-05,78310.7
2024-01-08,77481.9
2024-01-09,78393.6
2024-01-10,79212
2024-01-11,79388.1
2024-01-12,78694
2024-01-15,79522.8
2024-01-16,79429.6
2024-01-17,78290
2024-01-18,78694
2024-01-19,78631.9
2024-01-22,78590.4
2024-01-23,78859.8
2024-01-24,80071.9
2024-01-25,79906.1
2024-01-26,79616.1
2024-01-29,79885.4
2024-01-30,80372.3
2024-01-31,80279.1
2024-02-01,80558.8
2024-02-02,80403.4
2024-02-05,81377.3
2024-02-06,82485.8
2024-02-07,82485.8
2024-02-08,82485.8
2024-02-09,82485.8
2024-02-12,82485.8
2024-02-13,82485.8
2024-02-14,82485.8
2024-02-15,82485.8
2024-02-16,82485.8
2024-02-19,82485.8
2024-02-20,82485.8
2024-02-21,82485.8
2024-02-22,82485.8
2024-02-23,82485.8
2024-02-26,82485.8
2024-02-27,82485.8
2024-02-28,82485.8
2024-02-29,82485.8
2024-03-01,82485.8
2024-03-04,82485.8
2024-03-05,82485.8
2024-03-06,82485.8
2024-03-07,82485.8
2024-03-08,82485.8
2024-03-11,82485.8
2024-03-12,82485.8
2024-03-13,82485.8
2024-03-14,82485.8
2024-03-15,82485.8
2024-03-18,82485.8
2024-03-19,82485.8
2024-03-20,82485.8
2024-03-21,82485.8
2024-03-22,82485.8
2024-03-25,82485.8
2024-03-26,82485.8
2024-03-27,82485.8
2024-03-28,82485.8
2024-03-29,82515.2
2024-04-01,82564.3
2024-04-02,80816.4
2024-04-03,80845.8
2024-04-04,80904.8
2024-04-05,80708.4
2024-04-08,81484.1
2024-04-09,81415.4
2024-04-10,80855.7
2024-04-11,80865.5
2024-04-12,79962
2024-04-15,79402.3
2024-04-16,78351.6
2024-04-17,77899.8
2024-04-18,78469.4
2024-04-19,78744.4
2024-04-22,79372.8
2024-04-23,79412.1
2024-04-24,79539.8
2024-04-25,78813.1
2024-04-26,79451.4
2024-04-29,78538.1
2024-04-30,78548
2024-05-01,78302.5
2024-05-02,79726.4
2024-05-03,80168.3
2024-05-06,79765.6
2024-05-07,80119.2
2024-05-08,79765.6
2024-05-09,78989.9
2024-05-10,79922.8
2024-05-13,79608.5
2024-05-14,79530
2024-05-15,78508.7
2024-05-16,78567.6
2024-05-17,78881.8
2024-05-20,78302.5
2024-05-21,78145.3
2024-05-22,79696.9
2024-05-23,79392.5
2024-05-24,79068.4
2024-05-27,79421.9
2024-05-28,79480.9
2024-05-29,80119.2
2024-05-30,81120.8
2024-05-31,80767.3
2024-06-03,79363
2024-06-04,80119.2
2024-06-05,79107.7
2024-06-06,79883.5
2024-06-07,79942.4
2024-06-10,80099.5
2024-06-11,81552.9
2024-06-12,82377.8
2024-06-13,82436.7
2024-06-14,82515.2
2024-06-17,82132.3
2024-06-18,82495.6
2024-06-19,83232.1
2024-06-20,83644.5
2024-06-21,82220.6
2024-06-24,81710
2024-06-25,81965.3
2024-06-26,81395.8
2024-06-27,81238.6
2024-06-28,81366.3
2024-07-01,81621.6
2024-07-02,81385.9
2024-07-03,81651.1
2024-07-04,81710
2024-07-05,79873.7
2024-07-08,80266.5
2024-07-09,80551.2
2024-07-10,81120.8
2024-07-11,81376.1
2024-07-12,82662.5
2024-07-15,83782
2024-07-16,82878.6
2024-07-17,83232.1
2024-07-18,84057
2024-07-19,84007.9
2024-07-22,83291
2024-07-23,83428.5
2024-07-24,84734.6
2024-07-25,85510.3
2024-07-26,85510.3
2024-07-29,85510.3
2024-07-30,85510.3
2024-07-31,85510.3
2024-08-01,85510.3
2024-08-02,85510.3
2024-08-05,85510.3
2024-08-06,85510.3
2024-08-07,85510.3
2024-08-08,85510.3
2024-08-09,85510.3
2024-08-12,85510.3
2024-08-13,85510.3
2024-08-14,85510.3
2024-08-15,85510.3
2024-08-16,85510.3
2024-08-19,85510.3
2024-08-20,85510.3
2024-08-21,85510.3
2024-08-22,85510.3
2024-08-23,85510.3
2024-08-26,85510.3
2024-08-27,85510.3
2024-08-28,85510.3
2024-08-29,85510.3
2024-08-30,85510.3
2024-09-02,86022.8
2024-09-03,84700.6
2024-09-04,83460.3
2024-09-05,84147.1
2024-09-06,83890.8
2024-09-09,85541.1
2024-09-10,85612.8
2024-09-11,86402.1
2024-09-12,86063.8
2024-09-13,84710.8
2024-09-16,84290.6
2024-09-17,84321.3
2024-09-18,85213.1
2024-09-19,84464.8
2024-09-20,84024.1
2024-09-23,84198.3
2024-09-24,83204.1
2024-09-25,82681.3
2024-09-26,82845.3
2024-09-27,82589.1
2024-09-30,81543.6
2024-10-01,80887.6
2024-10-02,81020.8
2024-10-03,80067.6
2024-10-04,79011.8
2024-10-07,78489.1
2024-10-08,78427.6
2024-10-09,77710.1
2024-10-10,77546.1
2024-10-11,77535.8
2024-10-14,76459.6
2024-10-15,77054.1
2024-10-16,77679.3
2024-10-17,78468.6
2024-10-18,78068.8
2024-10-21,77894.6
2024-10-22,76367.3
2024-10-23,76490.3
2024-10-24,75988.1
2024-10-25,76295.6
2024-10-28,74809.3
2024-10-29,74368.6
2024-10-30,73507.6
2024-10-31,74276.3
2024-11-01,74901.6
2024-11-04,74317.3
2024-11-05,73692.1
2024-11-06,73528.1
2024-11-07,72923.3
2024-11-08,73200.1
2024-11-11,73353.8
2024-11-12,72359.6
2024-11-13,72318.6
2024-11-14,73466.6
2024-11-15,73128.3
2024-11-18,74071.3
2024-11-19,74645.3
2024-11-20,74091.8
2024-11-21,73999.6
2024-11-22,73763.8
2024-11-25,73128.3
2024-11-26,74020.1
2024-11-27,73487.1
2024-11-28,72995.1
2024-11-29,73230.8
2024-12-02,73794.6
2024-12-03,75178.3
2024-12-04,75567.8
2024-12-05,75526.8
2024-12-06,75916.3
2024-12-09,77146.3
2024-12-10,76449.3
2024-12-11,77207.8
2024-12-12,77136.1
2024-12-13,77136.1
2024-12-16,77136.1
2024-12-17,77136.1
2024-12-18,77136.1
2024-12-19,77136.1
2024-12-20,77136.1
2024-12-23,77136.1
2024-12-24,77136.1
2024-12-25,77136.1
2024-12-26,77136.1
2024-12-27,77136.1
2024-12-30,77136.1
2024-12-31,77136.1
2025-01-01,77136.1
2025-01-02,77136.1
2025-01-03,77136.1
2025-01-06,77136.1
2025-01-07,77136.1
2025-01-08,77136.1
2025-01-09,77136.1
2025-01-10,77136.1
2025-01-13,77136.1
2025-01-14,77136.1
2025-01-15,77136.1
2025-01-16,77136.1
2025-01-17,77136.1
2025-01-20,77136.1
2025-01-21,77136.1
2025-01-22,77136.1
2025-01-23,77136.1
2025-01-24,77136.1
2025-01-27,77136.1
2025-01-28,77136.1
2025-01-29,77136.1
2025-01-30,77136.1
2025-01-31,77136.1
2025-02-03,77136.1
2025-02-04,77136.1
2025-02-05,77136.1
2025-02-06,77136.1
2025-02-07,77136.1
2025-02-10,76586.7
2025-02-11,76469
2025-02-12,76272.8
2025-02-13,75772.5
2025-02-14,74830.7
2025-02-17,73398.5
2025-02-18,73339.6
2025-02-19,73918.4
2025-02-20,73182.7
2025-02-21,73594.7
2025-02-24,73820.3
2025-02-25,73114
2025-02-26,72535.2
2025-02-27,72741.2
2025-02-28,73074.8
2025-03-03,72937.4
2025-03-04,72270.3
2025-03-05,71740.6
2025-03-06,72083.9
2025-03-07,72231.1
2025-03-10,72858.9
2025-03-11,72221.3
2025-03-12,72221.3
2025-03-13,71230.5
2025-03-14,70583
2025-03-17,70700.7
2025-03-18,71328.6
2025-03-19,71387.4
2025-03-20,71534.6
2025-03-21,72211.5
2025-03-24,72240.9
2025-03-25,72348.8
2025-03-26,73221.9
2025-03-27,72790.3
2025-03-28,71721
2025-03-31,71779.8
2025-04-01,70514.3
2025-04-02,70818.5
2025-04-03,69965
2025-04-04,69405.8
2025-04-07,69494.1
2025-04-08,69258.7
2025-04-09,68120.7
2025-04-10,67767.5
2025-04-11,67885.3
2025-04-14,67581.2
2025-04-15,67679.3
2025-04-16,68915.3
2025-04-17,69268.5
2025-04-18,70259.3
2025-04-21,70955.8
2025-04-22,71152
2025-04-23,70288.7
2025-04-24,69091.9
2025-04-25,68944.7
2025-04-28,68522.9
2025-04-29,67659.6
2025-04-30,67875.5
2025-05-01,67591
2025-05-02,67973.6
2025-05-05,67100.5
2025-05-06,67963.7
2025-05-07,68209
2025-05-08,68199.2
2025-05-09,68846.6
2025-05-12,69160.6
2025-05-13,69170.4
2025-05-14,69523.5
2025-05-15,69513.7
2025-05-16,70328
2025-05-19,69837.5
2025-05-20,69837.5
2025-05-21,69101.7
2025-05-22,68984
2025-05-23,67443.8
2025-05-26,67797
2025-05-27,67895.1
2025-05-28,67630.2
2025-05-29,67483.1
2025-05-30,67591
2025-06-02,67610.6
2025-06-03,67591
2025-06-04,67159.3
2025-06-05,68542.5
2025-06-06,67551.7
2025-06-09,67571.3
2025-06-10,68179.6
2025-06-11,67483.1
2025-06-12,68621
2025-06-13,67895.1
2025-06-16,68022.6
2025-06-17,68454.2
2025-06-18,68552.3
2025-06-19,68003
2025-06-20,67855.8
2025-06-23,67610.6
2025-06-24,66816
2025-06-25,66953.3
2025-06-26,67855.8
2025-06-27,67708.7
2025-06-30,68003
2025-07-01,67434
2025-07-02,66649.2
2025-07-03,66119.5
2025-07-04,66404
2025-07-07,66335.3
2025-07-08,66511.9
2025-07-09,67012.2
2025-07-10,67640
2025-07-11,68238.4
2025-07-14,67885.3
2025-07-15,68415
2025-07-16,68611.2
2025-07-17,67826.4
2025-07-18,68258
2025-07-21,68375.8
2025-07-22,68778
2025-07-23,68238.4
2025-07-24,68238.4
2025-07-25,68238.4
2025-07-28,68238.4
2025-07-29,68238.4
2025-07-30,68238.4
2025-07-31,68238.4
2025-08-01,68238.4
2025-08-04,68238.4
2025-08-05,68238.4
2025-08-06,68238.4
2025-08-07,68238.4
2025-08-08,68238.4
2025-08-11,68238.4
2025-08-12,68238.4
2025-08-13,68238.4
2025-08-14,68238.4
2025-08-15,68238.4
2025-08-18,68238.4
2025-08-19,68238.4
2025-08-20,68238.4
2025-08-21,68238.4
2025-08-22,68238.4
2025-08-25,68238.4
2025-08-26,68238.4
2025-08-27,68238.4
2025-08-28,68238.4
2025-08-29,68778.5
2025-09-01,68493.7
2025-09-02,68523.2
2025-09-03,68680.3
2025-09-04,67934
2025-09-05,66932.4
2025-09-08,67256.4
2025-09-09,66146.8
2025-09-10,66186
2025-09-11,65312.1
2025-09-12,65537.9
2025-09-15,64752.3
2025-09-16,64438.1
2025-09-17,64035.5
2025-09-18,64271.1
2025-09-19,63613.2
2025-09-22,63603.4
2025-09-23,63426.6
2025-09-24,62356.2
2025-09-25,62081.3
2025-09-26,63132
2025-09-29,63141.8
2025-09-30,63436.4
2025-10-01,63819.4
2025-10-02,63927.4
2025-10-03,64398.8
2025-10-06,64536.3
2025-10-07,64290.8
2025-10-08,64497
2025-10-09,64290.8
2025-10-10,64703.2
2025-10-13,64880
2025-10-14,64349.7
2025-10-15,64349.7
2025-10-16,64349.7
2025-10-17,64349.7
2025-10-20,64349.7
2025-10-21,64349.7
2025-10-22,64349.7
2025-10-23,64349.7
2025-10-24,64349.7
2025-10-27,64349.7
2025-10-28,64349.7
2025-10-29,64349.7
2025-10-30,64349.7
2025-10-31,64349.7
2025-11-03,64349.7
2025-11-04,64349.7
2025-11-05,64349.7
2025-11-06,64349.7
2025-11-07,64349.7
2025-11-10,64349.7
2025-11-11,64349.7
2025-11-12,64349.7
2025-11-13,64349.7
2025-11-14,64349.7
2025-11-17,64349.7
2025-11-18,64349.7
2025-11-19,64349.7
2025-11-20,64349.7
2025-11-21,64349.7
2025-11-24,64349.7
2025-11-25,64349.7
2025-11-26,64349.7
2025-11-27,64349.7
2025-11-28,64349.7
2025-12-01,64349.7
2025-12-02,64349.7
2025-12-03,64349.7
2025-12-04,64349.7
2025-12-05,64349.7
2025-12-08,64349.7
2025-12-09,64349.7
2025-12-10,64349.7
2025-12-11,64349.7
2025-12-12,64349.7
2025-12-15,64349.7
2025-12-16,64349.7
2025-12-17,64349.7
2025-12-18,64349.7
2025-12-19,64349.7
2025-12-22,64369.4
2025-12-23,64320.1
2025-12-24,63885.8
2025-12-25,63382.4
2025-12-26,63718
2025-12-29,63185
2025-12-30,63421.9
2025-12-31,63520.6
2026-01-01,63787.1
2026-01-02,64270.7
2026-01-05,63964.8
2026-01-06,63974.6
2026-01-07,64142.4
2026-01-08,64379.3
2026-01-09,63935.2
2026-01-12,64083.2
2026-01-13,64399.1
2026-01-14,63954.9
2026-01-15,64270.7
2026-01-16,63510.8
2026-01-19,62800.1
2026-01-20,63037
2026-01-21,62829.7
2026-01-22,62346.1
2026-01-23,62277
2026-01-26,62563.2
2026-01-27,62898.8
2026-01-28,63056.7
2026-01-29,63540.4
2026-01-30,63678.5
2026-02-02,64705
2026-02-03,64290.5
2026-02-04,64754.4
2026-02-05,64645.8
2026-02-06,64951.8
2026-02-09,64951.8
2026-02-10,64951.8
2026-02-11,64951.8
2026-02-12,64951.8
2026-02-13,64951.8
2026-02-16,64951.8
2026-02-17,64951.8
2026-02-18,64951.8
2026-02-19,64951.8
2026-02-20,64951.8
2026-02-23,64951.8
2026-02-24,64951.8
2026-02-25,64951.8
2026-02-26,64951.8
2026-02-27,64951.8
2026-03-02,64951.8
2026-03-03,64951.8
2026-03-04,64951.8
2026-03-05,64951.8
2026-03-06,64951.8
2026-03-09,64951.8
2026-03-10,64951.8
2026-03-11,64951.8
2026-03-12,64951.8
2026-03-13,64951.8
2026-03-16,64951.8
2026-03-17,64951.8
2026-03-18,64951.8
2026-03-19,64951.8
2026-03-20,64951.8
2026-03-23,64951.8
2026-03-24,64951.8
2026-03-25,64951.8
2026-03-26,64951.8
2026-03-27,64951.8
2026-03-30,64951.8
2026-03-31,64951.8
2026-04-01,64951.8
2026-04-02,64951.8
2026-04-03,64951.8
2026-04-06,64951.8
2026-04-07,64951.8
2026-04-08,64951.8
2026-04-09,64951.8
2026-04-10,64951.8
2026-04-13,64951.8
2026-04-14,64951.8
2026-04-15,64951.8
2026-04-16,64951.8
2026-04-17,64951.8
2026-04-20,64951.8
2026-04-21,64951.8
2026-04-22,64951.8
2026-04-23,64951.8
2026-04-24,64951.8
2026-04-27,64951.8
2026-04-28,64951.8
2026-04-29,64951.8
2026-04-30,64951.8
2026-05-01,64951.8
2026-05-04,64951.8
2026-05-05,64951.8
2026-05-06,64951.8
2026-05-07,64951.8
2026-05-08,64951.8
2026-05-11,64951.8
2026-05-12,64951.8
2026-05-13,64951.8
2026-05-14,64951.8
2026-05-15,64951.8
2026-05-18,65138.9
2026-05-19,64547.9
2026-05-20,64744.9
2026-05-21,64961.6
2026-05-22,64232.7
2026-05-25,64656.3
2026-05-26,64390.3
2026-05-27,64725.2
2026-05-28,65414.7
2026-05-29,65641.3
2026-06-01,66291.4
2026-06-02,66577
2026-06-03,66183
2026-06-04,66330.8
2026-06-05,66774
2026-06-08,67384.7
2026-06-09,67384.7
2026-06-10,67384.7
2026-06-11,67384.7
2026-06-12,67384.7
2026-06-15,67384.7
2026-06-16,67384.7
2026-06-17,67384.7
2026-06-18,67384.7
2026-06-19,67384.7
2026-06-22,67384.7
2026-06-23,67384.7
2026-06-24,67384.7
2026-06-25,67384.7
2026-06-26,67384.7
2026-06-29,67384.7
2026-06-30,67384.7
2026-07-01,67384.7
2026-07-02,67384.7
2026-07-03,67384.7
2026-07-06,67384.7
2026-07-07,67384.7
2026-07-08,67384.7
2026-07-09,67384.7
2026-07-10,67384.7
2026-07-13,67384.7
2026-07-14,67384.7
2026-07-15,67384.7
2026-07-16,67384.7
2026-07-17,67384.7
2026-07-20,67384.7
2026-07-21,67384.7
2026-07-22,67384.7
2026-07-23,67384.7
2026-07-24,67384.7
2026-07-27,67384.7
2026-07-28,67384.7
2026-07-29,67384.7
2026-07-30,67384.7
2026-07-31,67384.7
2026-08-03,67384.7
2026-08-04,67384.7
2026-08-05,67384.7
2026-08-06,67384.7
2026-08-07,67384.7
2026-08-10,67384.7
2026-08-11,67384.7
2026-08-12,67384.7
2026-08-13,67384.7
2026-08-14,67384.7
2026-08-17,67384.7
2026-08-18,67384.7
2026-08-19,67384.7
2026-08-20,67384.7
2026-08-21,67384.7
2026-08-24,67384.7
2026-08-25,67384.7
2026-08-26,67384.7
2026-08-27,67384.7
2026-08-28,67384.7
2026-08-31,67384.7
2026-09-01,67020.7
2026-09-02,67557.2
2026-09-03,67758.3
2026-09-04,68352.3
2026-09-07,68658.9
2026-09-08,69272
2026-09-09,68773.8
2026-09-10,68457.7
2026-09-11,67997.8
2026-09-14,67825.4
2026-09-15,68361.9
2026-09-16,67796.7
2026-09-17,67413.5
2026-09-18,67432.6
2026-09-21,67097.3
2026-09-22,66867.4
2026-09-23,67174
2026-09-24,67815.8
2026-09-25,68285.2
2026-09-28,68208.6
2026-09-29,68409.8
2026-09-30,68285.2
2026-10-01,68572.6
2026-10-02,68821.7
2026-10-05,70009.6
2026-10-06,70776
2026-10-07,70776
2026-10-08,70776
2026-10-09,70776
2026-10-12,70776
2026-10-13,70776
2026-10-14,70776
2026-10-15,70776
2026-10-16,70776
2026-10-19,70776
2026-10-20,70776
2026-10-21,70776
2026-10-22,70776
2026-10-23,70776
2026-10-26,70776
2026-10-27,70776
2026-10-28,70776
2026-10-29,70776
2026-10-30,70776
2026-11-02,70776
2026-11-03,70776
2026-11-04,70776
2026-11-05,70776
2026-11-06,70776
2026-11-09,70776
2026-11-10,70776
2026-11-11,70776
2026-11-12,70776
2026-11-13,70776
2026-11-16,70776
2026-11-17,70776
2026-11-18,70776
2026-11-19,70776
2026-11-20,70776
2026-11-23,70776
2026-11-24,70776
2026-11-25,70776
2026-11-26,70776
2026-11-27,70776
2026-11-30,70776
2026-12-01,70776
2026-12-02,70776
2026-12-03,70776
2026-12-04,70776
2026-12-07,70776
2026-12-08,70776
2026-12-09,70776
2026-12-10,70776
2026-12-11,70776
2026-12-14,70776
2026-12-15,70776
2026-12-16,70776
2026-12-17,70776
2026-12-18,70393.6
2026-12-21,71158.4
2026-12-22,71693.8
2026-12-23,72468.2
2026-12-24,72420.4
2026-12-25,71617.3
2026-12-28,71359.2
2026-12-29,71091.5
2026-12-30,70699.6
2026-12-31,70737.8
2027-01-01,71665.1
2027-01-04,70814.3
2027-01-05,71168
2027-01-06,71464.4
2027-01-07,71072.4
2027-01-08,71990.2
2027-01-11,71445.2
2027-01-12,72554.2
2027-01-13,73433.7
2027-01-14,74074.2
2027-01-15,73969.1
2027-01-18,73969.1
2027-01-19,73969.1
2027-01-20,73969.1
2027-01-21,73969.1
2027-01-22,73969.1
2027-01-25,73969.1
2027-01-26,73969.1
2027-01-27,73969.1
2027-01-28,73969.1
2027-01-29,73969.1
2027-02-01,73969.1
2027-02-02,73969.1
2027-02-03,73969.1
2027-02-04,73969.1
2027-02-05,73969.1
2027-02-08,73969.1
2027-02-09,73969.1
2027-02-10,73969.1
2027-02-11,73969.1
2027-02-12,73969.1
2027-02-15,73969.1
2027-02-16,73969.1
2027-02-17,73969.1
2027-02-18,73969.1
2027-02-19,73969.1
2027-02-22,73969.1
2027-02-23,73969.1
2027-02-24,73969.1
2027-02-25,73969.1
2027-02-26,73969.1
2027-03-01,73969.1
2027-03-02,73969.1
2027-03-03,73969.1
2027-03-04,73969.1
2027-03-05,73969.1
2027-03-08,73969.1
2027-03-09,73969.1
2027-03-10,73969.1
2027-03-11,73969.1
2027-03-12,73969.1
2027-03-15,73969.1
2027-03-16,73969.1
2027-03-17,73969.1
2027-03-18,73969.1
2027-03-19,73969.1
2027-03-22,73969.1
2027-03-23,73969.1
2027-03-24,73969.1
2027-03-25,73969.1
2027-03-26,73969.1
2027-03-29,73969.1
2027-03-30,73969.1
2027-03-31,73969.1
2027-04-01,73969.1
2027-04-02,73969.1
2027-04-05,73969.1
2027-04-06,73969.1
2027-04-07,73969.1
2027-04-08,73969.1
2027-04-09,73969.1
2027-04-12,73969.1
2027-04-13,73969.1
2027-04-14,73969.1
2027-04-15,74586.5
2027-04-16,74106.3
2027-04-19,72989.1
2027-04-20,72391.3
2027-04-21,71930.7
2027-04-22,72704.9
2027-04-23,72636.3
2027-04-26,72704.9
2027-04-27,72038.5
2027-04-28,72195.3
2027-04-29,72959.7
2027-04-30,72930.3
2027-05-03,73675.1
2027-05-04,74214.1
2027-05-05,74076.9
2027-05-06,74459.1
2027-05-07,75448.9
2027-05-10,74321.9
2027-05-11,74449.3
2027-05-12,74449.3
2027-05-13,74449.3
2027-05-14,74449.3
2027-05-17,74449.3
2027-05-18,74449.3
2027-05-19,74449.3
2027-05-20,74449.3
2027-05-21,74449.3
2027-05-24,74449.3
2027-05-25,74449.3
2027-05-26,74449.3
2027-05-27,74449.3
2027-05-28,74449.3
2027-05-31,74449.3
2027-06-01,74449.3
2027-06-02,74449.3
2027-06-03,74449.3
2027-06-04,74449.3
2027-06-07,74449.3
2027-06-08,74449.3
2027-06-09,74449.3
2027-06-10,74449.3
2027-06-11,74449.3
2027-06-14,74449.3
2027-06-15,74449.3
2027-06-16,74449.3
2027-06-17,74449.3
2027-06-18,74449.3
2027-06-21,74449.3
2027-06-22,74449.3
2027-06-23,74449.3
2027-06-24,74449.3
2027-06-25,74449.3
2027-06-28,74449.3
2027-06-29,74449.3
2027-06-30,74449.3
2027-07-01,74449.3
2027-07-02,74449.3
2027-07-05,74449.3
2027-07-06,74449.3
2027-07-07,74449.3
2027-07-08,74449.3
2027-07-09,74449.3
2027-07-12,74449.3
2027-07-13,74449.3
2027-07-14,74449.3
2027-07-15,74449.3
2027-07-16,74449.3
2027-07-19,74449.3
2027-07-20,74449.3
2027-07-21,74449.3
2027-07-22,74449.3
2027-07-23,74449.3
2027-07-26,74449.3
2027-07-27,74449.3
2027-07-28,74449.3
2027-07-29,74449.3
2027-07-30,74449.3
2027-08-02,74449.3
2027-08-03,74449.3
2027-08-04,74449.3
2027-08-05,74449.3
2027-08-06,74449.3
2027-08-09,74449.3
2027-08-10,74449.3
2027-08-11,74449.3
2027-08-12,74449.3
2027-08-13,74449.3
2027-08-16,74449.3
2027-08-17,74449.3
2027-08-18,74449.3
2027-08-19,74449.3
2027-08-20,74449.3
2027-08-23,74449.3
2027-08-24,74449.3
2027-08-25,74449.3
2027-08-26,74449.3
2027-08-27,74449.3
2027-08-30,74449.3
2027-08-31,74449.3
2027-09-01,74449.3
2027-09-02,74449.3
2027-09-03,74449.3
2027-09-06,74449.3
2027-09-07,74449.3
2027-09-08,74449.3
2027-09-09,74449.3
2027-09-10,74449.3
2027-09-13,74449.3
2027-09-14,74449.3
2027-09-15,74449.3
2027-09-16,74449.3
2027-09-17,74449.3
2027-09-20,75189.5
2027-09-21,74488.8
2027-09-22,74498.6
2027-09-23,73857.1
2027-09-24,73738.6
2027-09-27,74508.5
2027-09-28,74350.6
2027-09-29,75712.6
2027-09-30,75347.5
2027-10-01,75041.5
2027-10-04,74656.6
2027-10-05,75535
2027-10-06,74419.7
2027-10-07,75604.1
2027-10-08,74548
2027-10-11,75209.3
2027-10-12,76679.9
2027-10-13,76561.5
2027-10-14,76285.1
2027-10-15,76304.8
2027-10-18,76117.3
2027-10-19,76798.3
2027-10-20,76462.8
2027-10-21,76097.6
2027-10-22,74380.2
2027-10-25,74419.7
2027-10-26,75238.9
2027-10-27,75071.1
2027-10-28,74163.1
2027-10-29,73867
2027-11-01,73906.4
2027-11-02,74015
2027-11-03,73639.9
2027-11-04,73955.8
2027-11-05,73185.9
2027-11-08,73580.7
2027-11-09,73630.1
2027-11-10,73472.2
2027-11-11,72613.5
2027-11-12,71932.4
2027-11-15,72248.3
2027-11-16,71952.2
2027-11-17,72041
2027-11-18,72228.5
2027-11-19,71725.2
2027-11-22,72682.6
2027-11-23,72189.1
2027-11-24,72495
2027-11-25,72041
2027-11-26,72189.1
2027-11-29,71833.7
2027-11-30,71912.7
2027-12-01,71675.8
2027-12-02,72416.1
2027-12-03,72327.2
2027-12-06,71754.8
2027-12-07,71488.3
2027-12-08,71685.7
2027-12-09,71636.3
2027-12-10,71922.6
2027-12-13,72021.3
2027-12-14,72169.3
2027-12-15,71271.1
2027-12-16,71419.2
2027-12-17,71350.1
2027-12-20,70353.2
2027-12-21,71893
2027-12-22,71883.1
2027-12-23,72445.7
2027-12-24,73274.8
2027-12-27,72880
2027-12-28,72949
2027-12-29,73284.6
2027-12-30,72652.9
2027-12-31,72218.7
2028-01-03,72771.4
2028-01-04,71478.4
2028-01-05,71488.3
2028-01-06,71912.7
2028-01-07,72031.1
2028-01-10,71942.3
2028-01-11,72406.2
2028-01-12,72761.5
2028-01-13,72682.6
2028-01-14,73491.9
2028-01-17,73521.5
2028-01-18,73255
2028-01-19,73264.9
2028-01-20,72899.7
2028-01-21,73146.4
2028-01-24,73136.6
2028-01-25,73136.6
2028-01-26,73136.6
2028-01-27,73136.6
2028-01-28,73136.6
2028-01-31,73136.6
2028-02-01,73136.6
2028-02-02,73136.6
2028-02-03,73136.6
2028-02-04,73878.9
2028-02-07,73342.8
2028-02-08,72878.8
2028-02-09,74363.5
2028-02-10,75033.6
2028-02-11,75487.3
2028-02-14,75951.2
2028-02-15,76910
2028-02-16,76178
2028-02-17,74683.1
2028-02-18,74961.4
2028-02-21,74920.2
2028-02-22,73363.4
2028-02-23,74229.4
2028-02-24,74992.4
2028-02-25,75518.2
2028-02-28,74672.8
2028-02-29,74373.8
2028-03-01,73827.3
2028-03-02,73837.7
2028-03-03,75085.2
2028-03-06,74342.8
2028-03-07,74662.5
2028-03-08,74466.6
2028-03-09,74157.3
2028-03-10,73951.1
2028-03-13,74909.9
2028-03-14,75641.9
2028-03-15,75270.7
2028-03-16,75672.8
2028-03-17,75621.3
2028-03-20,75446
2028-03-21,75775.9
2028-03-22,75600.7
2028-03-23,75734.7
2028-03-24,75394.5
2028-03-27,75507.9
2028-03-28,74837.7
2028-03-29,75476.9
2028-03-30,75363.5
2028-03-31,74744.9
2028-04-03,75373.8
2028-04-04,75384.2
2028-04-05,76023.4
2028-04-06,75765.6
2028-04-07,75528.5
2028-04-10,75683.1
2028-04-11,74951.1
2028-04-12,74848
2028-04-13,75507.9
2028-04-14,76363.6
2028-04-17,75404.8
2028-04-18,74580
2028-04-19,75043.9
2028-04-20,75621.3
2028-04-21,75373.8
2028-04-24,75693.5
2028-04-25,75384.2
2028-04-26,75755.3
2028-04-27,76631.7
2028-04-28,77054.4
2028-05-01,77714.2
2028-05-02,76373.9
2028-05-03,76260.5
2028-05-04,76879.1
2028-05-05,77466.8
2028-05-08,78312.2
2028-05-09,78312.2
2028-05-10,78312.2
2028-05-11,78312.2
2028-05-12,78312.2
2028-05-15,78312.2
2028-05-16,78312.2
2028-05-17,78312.2
2028-05-18,78312.2
2028-05-19,78312.2
2028-05-22,78312.2
2028-05-23,78312.2
2028-05-24,78312.2
2028-05-25,78312.2
2028-05-26,78312.2
2028-05-29,78312.2
2028-05-30,78312.2
2028-05-31,78312.2
2028-06-01,78312.2
2028-06-02,78312.2
2028-06-05,78312.2
2028-06-06,78312.2
2028-06-07,78312.2
2028-06-08,78312.2
2028-06-09,78312.2
2028-06-12,78312.2
2028-06-13,78312.2
2028-06-14,78312.2
2028-06-15,78312.2
2028-06-16,78312.2
2028-06-19,78312.2
2028-06-20,78312.2
2028-06-21,78312.2
2028-06-22,78312.2
2028-06-23,78312.2
2028-06-26,78312.2
2028-06-27,78312.2
2028-06-28,78312.2
2028-06-29,78312.2
2028-06-30,78312.2
2028-07-03,78312.2
2028-07-04,78312.2
2028-07-05,78312.2
2028-07-06,78312.2
2028-07-07,78312.2
2028-07-10,78312.2
2028-07-11,78312.2
2028-07-12,78312.2
2028-07-13,78312.2
2028-07-14,78312.2
2028-07-17,78312.2
2028-07-18,78312.2
2028-07-19,78312.2
2028-07-20,78312.2
2028-07-21,78312.2
2028-07-24,78312.2
2028-07-25,78312.2
2028-07-26,78312.2
2028-07-27,78312.2
2028-07-28,78312.2
2028-07-31,78312.2
2028-08-01,78312.2
2028-08-02,78312.2
2028-08-03,78312.2
2028-08-04,78312.2
2028-08-07,78312.2
2028-08-08,78312.2
2028-08-09,78312.2
2028-08-10,78312.2
2028-08-11,78312.2
2028-08-14,78312.2
2028-08-15,78312.2
2028-08-16,78312.2
2028-08-17,78312.2
2028-08-18,78312.2
2028-08-21,78312.2
2028-08-22,78312.2
2028-08-23,78312.2
2028-08-24,78312.2
2028-08-25,78312.2
2028-08-28,78312.2
2028-08-29,78312.2
2028-08-30,78312.2
2028-08-31,78312.2
2028-09-01,78312.2
2028-09-04,78312.2
2028-09-05,78110.2
2028-09-06,78312.2
2028-09-07,77706.2
2028-09-08,78120.3
2028-09-11,77413.3
2028-09-12,77484
2028-09-13,76251.8
2028-09-14,76282.1
2028-09-15,76272
2028-09-18,76201.3
2028-09-19,76554.8
2028-09-20,77534.5
2028-09-21,77625.4
2028-09-22,76564.9
2028-09-25,76292.2
2028-09-26,76029.6
2028-09-27,75645.8
2028-09-28,75716.5
2028-09-29,76352.8
2028-10-02,76090.2
2028-10-03,75322.6
2028-10-04,74898.4
2028-10-05,75120.6
2028-10-06,74171.2
2028-10-09,75524.6
2028-10-10,74635.8
2028-10-11,74262.1
2028-10-12,74858
2028-10-13,74605.5
2028-10-16,73757.1
2028-10-17,73555.1
2028-10-18,73534.9
2028-10-19,73868.2
2028-10-20,73120.8
2028-10-23,72423.9
2028-10-24,72686.5
2028-10-25,72979.4
2028-10-26,73484.4
2028-10-27,73312.7
2028-10-30,73040
2028-10-31,72060.3
2028-11-01,72090.6
2028-11-02,72322.9
2028-11-03,72292.6
2028-11-06,72151.2
2028-11-07,71908.8
2028-11-08,71838.1
2028-11-09,71595.7
2028-11-10,71262.4
2028-11-13,72272.4
2028-11-14,73181.4
2028-11-15,73110.7
2028-11-16,73565.2
2028-11-17,73019.8
2028-11-20,73767.2
2028-11-21,73050.1
2028-11-22,73423.8
2028-11-23,73898.5
2028-11-24,74120.7
2028-11-27,73646
2028-11-28,73272.3
2028-11-29,73353.1
2028-11-30,73676.3
2028-12-01,72878.4
2028-12-04,72555.2
2028-12-05,72494.6
2028-12-06,73433.9
2028-12-07,74726.7
2028-12-08,74181.3
2028-12-11,73848
2028-12-12,73545
2028-12-13,73060.2
2028-12-14,73332.9
2028-12-15,73444
2028-12-18,74312.6
2028-12-19,73666.2
2028-12-20,74161.1
2028-12-21,74686.3
2028-12-22,73989.4
2028-12-25,73565.2
2028-12-26,74363.1
2028-12-27,74443.9
2028-12-28,75090.3
2028-12-29,76615.4
2029-01-01,76393.2
2029-01-02,77150.7
2029-01-03,77150.7
2029-01-04,77150.7
2029-01-05,77150.7
2029-01-08,77150.7
2029-01-09,77150.7
2029-01-10,77150.7
2029-01-11,77150.7
2029-01-12,77150.7
2029-01-15,77150.7
2029-01-16,77150.7
2029-01-17,77150.7
2029-01-18,77150.7
2029-01-19,77150.7
2029-01-22,77150.7
2029-01-23,77150.7
2029-01-24,77150.7
2029-01-25,77150.7
2029-01-26,77150.7
2029-01-29,77150.7
2029-01-30,77150.7
2029-01-31,77150.7
2029-02-01,77223.8
2029-02-02,76670.5
2029-02-05,75803.9
2029-02-06,76169.3
2029-02-07,74812.1
2029-02-08,74425.9
2029-02-09,74833
2029-02-12,73893.4
2029-02-13,74258.8
2029-02-14,73705.5
2029-02-15,73486.3
2029-02-16,73120.9
2029-02-19,72692.8
2029-02-20,73361
2029-02-21,73308.8
2029-02-22,72045.5
2029-02-23,71826.3
2029-02-26,71909.8
2029-02-27,73454.9
2029-02-28,73945.6
2029-03-01,73872.5
2029-03-02,73350.5
2029-03-05,72243.9
2029-03-06,72285.7
2029-03-07,71962
2029-03-08,72264.8
2029-03-09,72818.1
2029-03-12,73246.1
2029-03-13,73622
2029-03-14,73789
2029-03-15,74217.1
2029-03-16,74321.5
2029-03-19,74666
2029-03-20,74311
2029-03-21,74989.6
2029-03-22,75104.5
2029-03-23,75845.7
2029-03-26,75845.7
2029-03-27,75845.7
2029-03-28,75845.7
2029-03-29,75845.7
2029-03-30,75845.7
2029-04-02,75845.7
2029-04-03,75845.7
2029-04-04,75845.7
2029-04-05,75845.7
2029-04-06,75845.7
2029-04-09,75845.7
2029-04-10,75845.7
2029-04-11,75845.7
2029-04-12,75845.7
2029-04-13,75845.7
2029-04-16,75845.7
2029-04-17,75845.7
2029-04-18,75845.7
2029-04-19,75845.7
2029-04-20,75845.7
2029-04-23,75845.7
2029-04-24,75845.7
2029-04-25,75845.7
2029-04-26,75845.7
2029-04-27,75845.7
2029-04-30,75845.7
2029-05-01,76482.9
2029-05-02,75748.5
2029-05-03,75608.1
2029-05-04,76385.7
2029-05-07,76137.3
2029-05-08,76104.9
2029-05-09,77033.7
2029-05-10,76342.5
2029-05-11,75543.3
2029-05-14,75348.9
2029-05-15,75932.1
2029-05-16,75500.1
2029-05-17,74517.3
2029-05-18,74301.3
2029-05-21,74690.1
2029-05-22,74182.5
2029-05-23,74895.3
2029-05-24,75359.7
2029-05-25,75802.5
2029-05-28,76698.9
2029-05-29,77228.1
2029-05-30,76763.7
2029-05-31,76288.5
2029-06-01,75359.7
2029-06-04,73901.7
2029-06-05,73318.5
2029-06-06,73545.3
2029-06-07,74096.1
2029-06-08,74614.5
2029-06-11,74992.5
2029-06-12,75078.9
2029-06-13,76212.9
2029-06-14,76212.9
2029-06-15,75543.3
2029-06-18,74592.9
2029-06-19,75176.1
2029-06-20,74420.1
2029-06-21,74128.5
2029-06-22,74247.3
2029-06-25,73199.7
2029-06-26,72584.1
2029-06-27,73350.9
2029-06-28,73664.1
2029-06-29,73826.1
2029-07-02,74096.1
2029-07-03,74560.5
2029-07-04,75197.7
2029-07-05,74733.3
2029-07-06,74495.7
2029-07-09,75478.5
2029-07-10,76137.3
2029-07-11,76580.1
2029-07-12,76796.1
2029-07-13,77411.7
2029-07-16,77411.7
2029-07-17,77411.7
2029-07-18,77411.7
2029-07-19,77411.7
2029-07-20,77411.7
2029-07-23,77411.7
2029-07-24,77411.7
2029-07-25,77411.7
2029-07-26,77411.7
2029-07-27,77411.7
2029-07-30,77411.7
2029-07-31,77411.7
2029-08-01,77411.7
2029-08-02,77411.7
2029-08-03,77411.7
2029-08-06,77411.7
2029-08-07,77411.7
2029-08-08,77411.7
2029-08-09,77411.7
2029-08-10,77411.7
2029-08-13,77411.7
2029-08-14,77411.7
2029-08-15,77411.7
2029-08-16,77411.7
2029-08-17,77411.7
2029-08-20,77411.7
2029-08-21,77411.7
2029-08-22,77411.7
2029-08-23,77411.7
2029-08-24,77411.7
2029-08-27,77411.7
2029-08-28,77411.7
2029-08-29,77411.7
2029-08-30,77411.7
2029-08-31,77411.7
2029-09-03,77411.7
2029-09-04,77411.7
2029-09-05,77411.7
2029-09-06,77411.7
2029-09-07,77411.7
2029-09-10,77411.7
2029-09-11,78074.7
2029-09-12,77444.8
2029-09-13,75610.5
2029-09-14,75301.1
2029-09-17,75080.1
2029-09-18,74826
2029-09-19,74350.8
2029-09-20,74792.8
2029-09-21,74549.7
2029-09-24,74737.6
2029-09-25,75444.8
2029-09-26,75566.3
2029-09-27,75500
2029-09-28,75212.7
2029-10-01,74980.7
2029-10-02,74892.3
2029-10-03,75190.6
2029-10-04,75102.2
2029-10-05,75345.3
2029-10-08,74605
2029-10-09,74074.6
2029-10-10,73013.8
2029-10-11,72693.3
2029-10-12,72848
2029-10-15,73279
2029-10-16,73422.6
2029-10-17,72593.9
2029-10-18,72947.5
2029-10-19,72185
2029-10-22,71345.2
2029-10-23,71444.7
2029-10-24,71975.1
2029-10-25,71069
2029-10-26,71610.4
2029-10-29,71875.6
2029-10-30,71389.4
2029-10-31,71964
2029-11-01,71245.8
2029-11-02,71312.1
2029-11-05,70848
2029-11-06,70969.5
2029-11-07,71024.8
2029-11-08,70339.7
2029-11-09,70615.9
2029-11-12,70649.1
2029-11-13,71665.7
2029-11-14,71146.3
2029-11-15,71035.8
2029-11-16,71389.4
2029-11-19,71389.4
2029-11-20,72295.5
2029-11-21,72803.8
2029-11-22,72472.3
2029-11-23,72682.3
2029-11-26,72825.9
2029-11-27,72417.1
2029-11-28,72991.7
2029-11-29,72991.7
2029-11-30,72991.7
2029-12-03,72991.7
2029-12-04,72991.7
2029-12-05,72991.7
2029-12-06,72991.7
2029-12-07,72991.7
2029-12-10,72991.7
2029-12-11,72991.7
2029-12-12,72991.7
2029-12-13,72991.7
2029-12-14,72991.7
2029-12-17,72991.7
2029-12-18,72991.7
2029-12-19,72991.7
2029-12-20,72762.1
2029-12-21,73014.7
2029-12-24,73726.4
2029-12-25,73336.1
2029-12-26,73852.7
2029-12-27,74277.5
2029-12-28,74116.7
2029-12-31,74438.2
2030-01-01,73003.2
2030-01-02,72934.3
2030-01-03,72853.9
2030-01-04,72957.3
2030-01-07,74518.5
2030-01-08,74277.5
2030-01-09,74070.8
2030-01-10,74725.2
2030-01-11,74128.2
2030-01-14,74633.3
2030-01-15,74656.3
2030-01-16,73887.1
2030-01-17,74587.4
2030-01-18,74725.2
2030-01-21,75115.5
2030-01-22,74966.3
2030-01-23,74966.3
2030-01-24,74966.3
2030-01-25,74966.3
2030-01-28,74966.3
2030-01-29,74966.3
2030-01-30,74966.3
2030-01-31,74966.3
2030-02-01,74966.3
2030-02-04,74966.3
2030-02-05,74966.3
2030-02-06,74966.3
2030-02-07,74966.3
2030-02-08,74966.3
2030-02-11,74966.3
2030-02-12,74966.3
2030-02-13,74966.3
2030-02-14,74966.3
2030-02-15,74966.3
2030-02-18,74966.3
2030-02-19,74966.3
2030-02-20,74966.3
2030-02-21,74966.3
2030-02-22,74966.3
2030-02-25,74966.3
2030-02-26,74966.3
2030-02-27,74966.3
2030-02-28,74966.3
2030-03-01,74966.3
2030-03-04,74966.3
2030-03-05,74966.3
2030-03-06,74966.3
2030-03-07,74966.3
2030-03-08,74966.3
2030-03-11,74966.3
2030-03-12,74966.3
2030-03-13,74966.3
2030-03-14,74966.3
2030-03-15,74966.3
2030-03-18,74966.3
2030-03-19,74966.3
2030-03-20,74966.3
2030-03-21,74966.3
2030-03-22,74966.3
2030-03-25,74966.3
2030-03-26,74966.3
2030-03-27,74966.3
2030-03-28,74966.3
2030-03-29,74966.3
2030-04-01,74966.3
2030-04-02,75493.4
2030-04-03,74696.5
2030-04-04,74941.7
2030-04-05,74439.1
2030-04-08,75554.7
2030-04-09,75052.1
2030-04-10,75211.5
2030-04-11,75726.4
2030-04-12,75971.6
2030-04-15,75199.2
2030-04-16,76069.7
2030-04-17,75444.4
2030-04-18,75885.8
2030-04-19,76118.7
2030-04-22,77295.7
2030-04-23,77271.1
2030-04-24,79048.8
2030-04-25,79048.8
2030-04-26,79048.8
2030-04-29,79048.8
2030-04-30,79048.8
2030-05-01,79048.8
2030-05-02,79048.8
2030-05-03,79048.8
2030-05-06,79048.8
2030-05-07,79048.8
2030-05-08,79048.8
2030-05-09,79048.8
2030-05-10,78903.4
2030-05-13,79035.6
2030-05-14,79114.9
2030-05-15,79181
2030-05-16,78996
2030-05-17,80013.9
2030-05-20,79921.4
2030-05-21,80450.2
2030-05-22,80926.1
2030-05-23,81626.7
2030-05-24,81283
2030-05-27,80807.1
2030-05-28,81772.2
2030-05-29,82776.9
2030-05-30,81811.8
2030-05-31,81811.8
2030-06-03,81811.8
2030-06-04,81811.8
2030-06-05,81811.8
2030-06-06,81811.8
2030-06-07,81811.8
2030-06-10,81811.8
2030-06-11,81811.8
2030-06-12,81811.8
2030-06-13,81811.8
2030-06-14,81811.8
2030-06-17,81811.8
2030-06-18,81811.8
2030-06-19,81811.8
2030-06-20,81811.8
2030-06-21,81811.8
2030-06-24,81811.8
2030-06-25,81811.8
2030-06-26,81811.8
2030-06-27,81811.8
2030-06-28,81811.8
2030-07-01,81811.8
2030-07-02,81811.8
2030-07-03,81811.8
2030-07-04,81811.8
2030-07-05,81811.8
2030-07-08,81811.8
2030-07-09,81811.8
2030-07-10,81811.8
2030-07-11,81811.8
2030-07-12,81811.8
2030-07-15,81811.8
2030-07-16,81811.8
2030-07-17,81811.8
2030-07-18,81811.8
2030-07-19,81811.8
2030-07-22,81811.8
2030-07-23,81811.8
2030-07-24,81811.8
2030-07-25,81811.8
2030-07-26,81811.8
2030-07-29,81811.8
2030-07-30,81811.8
2030-07-31,81811.8
2030-08-01,81811.8
2030-08-02,81811.8
2030-08-05,81811.8
2030-08-06,81811.8
2030-08-07,81811.8
2030-08-08,81811.8
2030-08-09,81811.8
2030-08-12,81811.8
2030-08-13,81811.8
2030-08-14,81811.8
2030-08-15,81811.8
2030-08-16,81811.8
2030-08-19,81811.8
2030-08-20,81811.8
2030-08-21,81811.8
2030-08-22,81811.8
2030-08-23,81811.8
2030-08-26,81811.8
2030-08-27,81811.8
2030-08-28,81811.8
2030-08-29,81811.8
2030-08-30,81811.8
2030-09-02,81811.8
2030-09-03,81811.8
2030-09-04,81811.8
2030-09-05,81811.8
2030-09-06,81811.8
2030-09-09,81811.8
2030-09-10,81811.8
2030-09-11,81811.8
2030-09-12,81811.8
2030-09-13,81811.8
2030-09-16,81811.8
2030-09-17,81811.8
2030-09-18,81811.8
2030-09-19,81811.8
2030-09-20,81811.8
2030-09-23,81811.8
2030-09-24,81811.8
2030-09-25,81811.8
2030-09-26,81811.8
2030-09-27,81811.8
2030-09-30,81811.8
2030-10-01,81811.8
2030-10-02,81811.8
2030-10-03,81811.8
2030-10-04,81811.8
2030-10-07,81811.8
2030-10-08,81811.8
2030-10-09,81811.8
2030-10-10,81811.8
2030-10-11,81811.8
2030-10-14,81811.8
2030-10-15,81811.8
2030-10-16,81811.8
2030-10-17,81811.8
2030-10-18,81811.8
2030-10-21,81811.8
2030-10-22,81811.8
2030-10-23,81811.8
2030-10-24,81811.8
2030-10-25,81811.8
2030-10-28,81811.8
2030-10-29,81811.8
2030-10-30,81811.8
2030-10-31,81811.8
2030-11-01,81811.8
2030-11-04,81811.8
2030-11-05,81811.8
2030-11-06,81811.8
2030-11-07,81811.8
2030-11-08,81811.8
2030-11-11,81811.8
2030-11-12,81811.8
2030-11-13,81811.8
2030-11-14,81811.8
2030-11-15,81811.8
2030-11-18,81811.8
2030-11-19,81811.8
2030-11-20,81811.8
2030-11-21,81811.8
2030-11-22,81811.8
2030-11-25,81811.8
2030-11-26,81811.8
2030-11-27,81811.8
2030-11-28,81811.8
2030-11-29,81811.8
2030-12-02,81811.8
2030-12-03,81811.8
2030-12-04,81811.8
2030-12-05,81811.8
2030-12-06,81811.8
2030-12-09,81811.8
2030-12-10,81811.8
2030-12-11,81811.8
2030-12-12,81811.8
2030-12-13,81811.8
2030-12-16,81811.8
2030-12-17,81811.8
2030-12-18,81811.8
2030-12-19,81811.8
2030-12-20,81811.8
2030-12-23,81811.8
2030-12-24,81811.8
2030-12-25,81811.8
2030-12-26,81811.8
2030-12-27,81811.8
2030-12-30,81811.8
2030-12-31,81811.8
2031-01-01,81811.8
2031-01-02,81811.8
2031-01-03,81811.8
2031-01-06,81811.8
2031-01-07,81811.8
2031-01-08,81811.8
2031-01-09,81811.8
2031-01-10,81811.8
2031-01-13,81811.8
2031-01-14,81811.8
2031-01-15,81811.8
2031-01-16,81811.8
2031-01-17,81811.8
2031-01-20,81811.8
2031-01-21,81811.8
2031-01-22,81811.8
2031-01-23,81811.8
2031-01-24,81811.8
2031-01-27,81811.8
2031-01-28,81811.8
2031-01-29,81811.8
2031-01-30,81811.8
2031-01-31,81811.8
2031-02-03,81811.8
2031-02-04,81811.8
2031-02-05,81811.8
2031-02-06,81811.8
2031-02-07,81811.8
2031-02-10,81811.8
2031-02-11,81811.8
2031-02-12,81811.8
2031-02-13,81811.8
2031-02-14,81811.8
2031-02-17,81811.8
2031-02-18,81811.8
2031-02-19,81811.8
2031-02-20,81811.8
2031-02-21,81811.8
2031-02-24,81811.8
2031-02-25,81811.8
2031-02-26,81811.8
2031-02-27,81811.8
2031-02-28,81811.8
2031-03-03,81811.8
2031-03-04,81811.8
2031-03-05,81811.8
2031-03-06,81811.8
2031-03-07,81811.8
2031-03-10,81811.8
2031-03-11,81364.5
2031-03-12,82237.8
2031-03-13,82951.4
2031-03-14,81684
2031-03-17,81481.7
2031-03-18,80033.3
2031-03-19,80970.5
2031-03-20,80406
2031-03-21,80278.2
2031-03-24,79309.1
2031-03-25,79053.5
2031-03-26,79191.9
2031-03-27,79362.3
2031-03-28,79064.1
2031-03-31,79586
2031-04-01,80725.5
2031-04-02,81396.5
2031-04-03,81343.2
2031-04-04,82738.4
2031-04-07,82525.4
2031-04-08,81630.8
2031-04-09,81939.6
2031-04-10,82823.6
2031-04-11,82301.7
2031-04-14,82301.7
2031-04-15,82301.7
2031-04-16,82301.7
2031-04-17,82301.7
2031-04-18,82301.7
2031-04-21,82301.7
2031-04-22,82301.7
2031-04-23,82301.7
2031-04-24,82301.7
2031-04-25,82301.7
2031-04-28,82301.7
2031-04-29,82301.7
2031-04-30,82301.7
2031-05-01,82301.7
2031-05-02,82301.7
2031-05-05,82301.7
2031-05-06,82301.7
2031-05-07,82301.7
2031-05-08,82301.7
2031-05-09,82301.7
2031-05-12,82301.7
2031-05-13,82301.7
2031-05-14,82301.7
2031-05-15,82301.7
2031-05-16,82301.7
2031-05-19,82301.7
2031-05-20,82301.7
2031-05-21,82301.7
2031-05-22,82301.7
2031-05-23,82301.7
2031-05-26,82301.7
2031-05-27,82301.7
2031-05-28,82301.7
2031-05-29,82942.4
2031-05-30,81717.2
2031-06-02,80885.5
2031-06-03,81121.5
2031-06-04,80346
2031-06-05,80627
2031-06-06,81514.9
2031-06-09,82166.8
2031-06-10,82818.8
2031-06-11,82785
2031-06-12,82425.4
2031-06-13,82324.2
2031-06-16,81683.5
2031-06-17,81818.4
2031-06-18,81649.8
2031-06-19,81537.4
2031-06-20,81301.4
2031-06-23,81728.5
2031-06-24,82459.1
2031-06-25,82256.8
2031-06-26,82706.4
2031-06-27,82313
2031-06-30,83111
2031-07-01,83347
2031-07-02,84156.3
2031-07-03,83594.3
2031-07-04,84493.5
2031-07-07,84493.5
2031-07-08,84493.5
2031-07-09,84493.5
2031-07-10,84493.5
2031-07-11,84493.5
2031-07-14,84493.5
2031-07-15,84493.5
2031-07-16,84493.5
2031-07-17,84493.5
2031-07-18,84493.5
2031-07-21,84493.5
2031-07-22,84220.5
2031-07-23,84481.6
2031-07-24,84339.2
2031-07-25,84125.5
2031-07-28,83733.8
2031-07-29,84054.3
2031-07-30,84256.1
2031-07-31,84137.4
2031-08-01,84089.9
2031-08-04,84327.3
2031-08-05,85075.1
2031-08-06,84268
2031-08-07,84042.5
2031-08-08,83674.5
2031-08-11,84707.2
2031-08-12,84089.9
2031-08-13,84374.8
2031-08-14,84018.7
2031-08-15,83247.2
2031-08-18,83852.5
2031-08-19,82178.9
2031-08-20,82416.3
2031-08-21,81122.4
2031-08-22,82000.8
2031-08-25,81763.4
2031-08-26,81787.2
2031-08-27,81810.9
2031-08-28,82273.8
2031-08-29,82095.8
2031-09-01,81597.2
2031-09-02,82309.4
2031-09-03,82333.2
2031-09-04,82962.3
2031-09-05,83211.6
2031-09-08,82416.3
2031-09-09,82535
2031-09-10,82297.6
2031-09-11,82024.6
2031-09-12,83294.6
2031-09-15,83306.5
2031-09-16,83722
2031-09-17,84125.5
2031-09-18,83520.2
2031-09-19,82606.2
2031-09-22,81371.7
2031-09-23,80434
2031-09-24,80505.2
2031-09-25,80612
2031-09-26,80030.4
2031-09-29,79816.7
2031-09-30,78914.6
2031-10-01,79092.7
2031-10-02,78712.8
2031-10-03,78463.6
2031-10-06,78570.4
2031-10-07,79579.3
2031-10-08,78689.1
2031-10-09,78356.7
2031-10-10,77276.6
2031-10-13,77573.3
2031-10-14,77656.4
2031-10-15,77620.8
2031-10-16,76956.1
2031-10-17,77644.5
2031-10-20,77312.2
2031-10-21,77478.3
2031-10-22,77549.6
2031-10-23,78321.1
2031-10-24,78558.5
2031-10-27,78701
2031-10-28,79531.9
2031-10-29,79341.9
2031-10-30,78522.9
2031-10-31,79199.5
2031-11-03,78499.2
2031-11-04,78902.7
2031-11-05,78712.8
2031-11-06,77525.8
2031-11-07,77798.8
2031-11-10,77953.1
2031-11-11,77585.2
2031-11-12,77276.6
2031-11-13,77062.9
2031-11-14,75662.2
2031-11-17,75602.9
2031-11-18,75424.8
2031-11-19,75959
2031-11-20,75614.8
2031-11-21,75128.1
2031-11-24,75804.7
2031-11-25,74819.5
2031-11-26,73371.3
2031-11-27,72374.2
2031-11-28,72481.1
2031-12-01,72172.5
2031-12-02,73145.8
2031-12-03,73976.7
2031-12-04,73810.5
2031-12-05,74617.7
2031-12-08,75234.9
2031-12-09,76374.4
2031-12-10,75828.4
2031-12-11,76671.2
2031-12-12,76291.3
2031-12-15,76196.4
2031-12-16,77573.3
2031-12-17,77573.3
2031-12-18,77573.3
2031-12-19,77573.3
2031-12-22,77573.3
2031-12-23,77573.3
2031-12-24,77573.3
2031-12-25,77573.3
2031-12-26,77573.3
2031-12-29,77573.3
2031-12-30,77573.3
2031-12-31,77314.4
2032-01-01,77536.3
2032-01-02,76463.6
2032-01-05,75279.9
2032-01-06,74601.8
2032-01-07,74318.2
2032-01-08,73738.7
2032-01-09,73849.6
2032-01-12,73874.3
2032-01-13,73936
2032-01-14,73714
2032-01-15,73775.7
2032-01-16,74145.6
2032-01-19,74626.4
2032-01-20,74466.1
2032-01-21,75514.2
2032-01-22,76044.4
2032-01-23,75427.9
2032-01-26,75169
2032-01-27,75452.5
2032-01-28,74453.8
2032-01-29,75378.6
2032-01-30,75588.2
2032-02-02,75637.5
2032-02-03,76845.8
2032-02-04,76845.8
2032-02-05,76845.8
2032-02-06,76845.8
2032-02-09,76845.8
2032-02-10,76845.8
2032-02-11,76845.8
2032-02-12,76845.8
2032-02-13,76845.8
2032-02-16,76845.8
2032-02-17,76845.8
2032-02-18,76845.8
2032-02-19,76845.8
2032-02-20,76845.8
2032-02-23,76960
2032-02-24,76541.5
2032-02-25,75210.1
2032-02-26,75210.1
2032-02-27,75996.3
2032-03-01,76021.6
2032-03-02,75286.2
2032-03-03,75286.2
2032-03-04,75577.8
2032-03-05,75793.4
2032-03-08,75438.4
2032-03-09,75742.7
2032-03-10,75400.3
2032-03-11,75362.3
2032-03-12,74030.9
2032-03-15,74145
2032-03-16,74702.9
2032-03-17,74094.3
2032-03-18,74766.3
2032-03-19,75336.9
2032-03-22,74880.4
2032-03-23,74981.9
2032-03-24,75375
2032-03-25,75324.2
2032-03-26,74221.1
2032-03-29,74487.4
2032-03-30,74132.3
2032-03-31,74512.7
2032-04-01,73701.2
2032-04-02,73079.9
2032-04-05,74132.3
2032-04-06,75019.9
2032-04-07,76300.6
2032-04-08,75717.3
2032-04-09,75717.3
2032-04-12,76186.5
2032-04-13,76262.6
2032-04-14,75400.3
2032-04-15,75045.3
2032-04-16,76009
2032-04-19,75108.7
2032-04-20,74804.4
2032-04-21,74855.1
2032-04-22,75210.1
2032-04-23,73574.4
2032-04-26,72496.6
2032-04-27,71545.6
2032-04-28,71596.3
2032-04-29,71254
2032-04-30,72255.7
2032-05-03,72445.9
2032-05-04,73003.8
2032-05-05,72661.4
2032-05-06,71938.7
2032-05-07,71697.8
2032-05-10,71254
2032-05-11,70860.9
2032-05-12,71824.6
2032-05-13,72458.6
2032-05-14,71532.9
2032-05-17,72369.8
2032-05-18,71938.7
2032-05-19,72839
2032-05-20,72724.8
2032-05-21,73282.8
2032-05-24,72699.5
2032-05-25,72319.1
2032-05-26,71710.4
2032-05-27,71482.2
2032-05-28,71964
2032-05-31,72699.5
2032-06-01,72078.2
2032-06-02,72839
2032-06-03,71368.1
2032-06-04,71672.4
2032-06-07,71139.8
2032-06-08,71811.9
2032-06-09,71266.6
2032-06-10,70391.7
2032-06-11,69808.4
2032-06-14,69022.3
2032-06-15,69364.6
2032-06-16,70417.1
2032-06-17,70734.1
2032-06-18,71304.7
2032-06-21,72585.4
2032-06-22,73041.8
2032-06-23,72788.2
2032-06-24,73181.3
2032-06-25,72940.4
2032-06-28,72230.3
2032-06-29,71926
2032-06-30,71710.4
2032-07-01,71735.8
2032-07-02,72699.5
2032-07-05,72699.5
2032-07-06,72699.5
2032-07-07,72699.5
2032-07-08,72699.5
2032-07-09,72699.5
2032-07-12,72699.5
2032-07-13,72699.5
2032-07-14,72699.5
2032-07-15,72699.5
2032-07-16,72699.5
2032-07-19,72699.5
2032-07-20,72699.5
2032-07-21,72699.5
2032-07-22,72699.5
2032-07-23,72699.5
2032-07-26,72699.5
2032-07-27,72699.5
2032-07-28,72699.5
2032-07-29,72699.5
2032-07-30,72699.5
2032-08-02,72699.5
2032-08-03,72699.5
2032-08-04,72699.5
2032-08-05,72699.5
2032-08-06,72699.5
2032-08-09,72699.5
2032-08-10,72699.5
2032-08-11,72699.5
2032-08-12,72699.5
2032-08-13,72699.5
2032-08-16,72699.5
2032-08-17,72699.5
2032-08-18,72699.5
2032-08-19,72699.5
2032-08-20,72699.5
2032-08-23,72699.5
2032-08-24,72699.5
2032-08-25,72699.5
2032-08-26,72699.5
2032-08-27,72699.5
2032-08-30,72699.5
2032-08-31,72699.5
2032-09-01,72699.5
2032-09-02,72699.5
2032-09-03,72699.5
2032-09-06,72699.5
2032-09-07,72699.5
2032-09-08,72699.5
2032-09-09,72699.5
2032-09-10,72699.5
2032-09-13,72699.5
2032-09-14,72699.5
2032-09-15,72699.5
2032-09-16,72699.5
2032-09-17,72699.5
2032-09-20,72699.5
2032-09-21,72699.5
2032-09-22,72699.5
2032-09-23,72699.5
2032-09-24,72699.5
2032-09-27,72699.5
2032-09-28,72699.5
2032-09-29,72699.5
2032-09-30,72699.5
2032-10-01,72699.5
2032-10-04,72699.5
2032-10-05,72699.5
2032-10-06,72699.5
2032-10-07,72699.5
2032-10-08,72699.5
2032-10-11,72699.5
2032-10-12,72699.5
2032-10-13,72699.5
2032-10-14,72699.5
2032-10-15,72699.5
2032-10-18,72699.5
2032-10-19,73294.3
2032-10-20,73630.4
2032-10-21,73229.6
2032-10-22,73630.4
2032-10-25,74289.9
2032-10-26,74483.8
2032-10-27,74328.7
2032-10-28,73759.7
2032-10-29,73811.5
2032-11-01,72958.1
2032-11-02,73061.5
2032-11-03,72505.5
2032-11-04,72919.3
2032-11-05,72906.4
2032-11-08,73759.7
2032-11-09,74018.3
2032-11-10,73940.8
2032-11-11,73914.9
2032-11-12,74005.4
2032-11-15,74445
2032-11-16,75195
2032-11-17,75376
2032-11-18,75324.3
2032-11-19,75324.3
2032-11-22,75324.3
2032-11-23,75324.3
2032-11-24,75324.3
2032-11-25,75324.3
2032-11-26,75324.3
2032-11-29,75324.3
2032-11-30,75324.3
2032-12-01,75324.3
2032-12-02,75324.3
2032-12-03,75324.3
2032-12-06,75324.3
2032-12-07,74795.9
2032-12-08,75363.9
2032-12-09,74505.2
2032-12-10,74280.7
2032-12-13,74571.3
2032-12-14,74069.3
2032-12-15,74148.6
2032-12-16,74412.8
2032-12-17,74135.4
2032-12-20,74042.9
2032-12-21,74782.7
2032-12-22,74465.6
2032-12-23,74280.7
2032-12-24,74505.2
2032-12-27,75060.1
2032-12-28,75747
2032-12-29,75852.7
2032-12-30,75865.9
2032-12-31,75813
2033-01-03,76460.3
2033-01-04,76460.3
2033-01-05,76460.3
2033-01-06,76460.3
2033-01-07,76460.3
2033-01-10,76460.3
2033-01-11,76460.3
2033-01-12,76460.3
2033-01-13,76460.3
2033-01-14,76460.3
2033-01-17,77068.8
2033-01-18,76460.3
2033-01-19,76335.9
2033-01-20,75838
2033-01-21,75616.7
2033-01-24,75160.3
2033-01-25,74468.8
2033-01-26,75105
2033-01-27,74510.3
2033-01-28,74441.1
2033-01-31,74109.2
2033-02-01,74939
2033-02-02,74192.2
2033-02-03,73431.6
2033-02-04,73320.9
2033-02-07,72933.7
2033-02-08,72726.2
2033-02-09,73887.9
2033-02-10,74261.4
2033-02-11,74109.2
2033-02-14,73860.3
2033-02-15,73860.3
2033-02-16,74012.4
2033-02-17,73528.4
2033-02-18,73431.6
2033-02-21,73542.2
2033-02-22,73970.9
2033-02-23,74330.5
2033-02-24,76017.8
2033-02-25,76017.8
2033-02-28,76017.8
2033-03-01,76017.8
2033-03-02,76017.8
2033-03-03,76017.8
2033-03-04,76017.8
2033-03-07,76017.8
2033-03-08,76017.8
2033-03-09,76017.8
2033-03-10,76017.8
2033-03-11,76017.8
2033-03-14,76017.8
2033-03-15,76017.8
2033-03-16,76017.8
2033-03-17,75664.3
2033-03-18,76470.2
2033-03-21,76894.4
2033-03-22,77601.4
2033-03-23,78379.1
2033-03-24,77601.4
2033-03-25,77332.8
2033-03-28,77163.1
2033-03-29,76597.5
2033-03-30,77163.1
2033-03-31,76484.4
2033-04-01,76837.9
2033-04-04,76060.2
2033-04-05,75947.1
2033-04-06,76894.4
2033-04-07,77474.2
2033-04-08,76583.4
2033-04-11,77134.8
2033-04-12,77587.3
2033-04-13,77785.3
2033-04-14,76880.3
2033-04-15,77601.4
2033-04-18,77672.1
2033-04-19,77403.5
2033-04-20,78053.9
2033-04-21,77417.6
2033-04-22,77714.6
2033-04-25,77813.5
2033-04-26,77290.4
2033-04-27,77219.7
2033-04-28,76102.6
2033-04-29,76668.2
2033-05-02,77219.7
2033-05-03,77276.2
2033-05-04,77884.2
2033-05-05,76654.1
2033-05-06,77304.5
2033-05-09,76130.9
2033-05-10,76682.3
2033-05-11,76272.3
2033-05-12,76017.8
2033-05-13,75480.4
2033-05-16,76060.2
2033-05-17,76781.3
2033-05-18,76639.9
2033-05-19,76399.5
2033-05-20,76654.1
2033-05-23,76696.5
2033-05-24,77134.8
2033-05-25,77785.3
2033-05-26,76526.8
2033-05-27,76639.9
2033-05-30,76936.9
2033-05-31,77559
2033-06-01,77615.6
2033-06-02,77997.4
2033-06-03,77997.4
2033-06-06,77997.4
2033-06-07,77997.4
2033-06-08,77997.4
2033-06-09,77997.4
2033-06-10,77997.4
2033-06-13,77997.4
2033-06-14,77997.4
2033-06-15,77997.4
2033-06-16,77997.4
2033-06-17,77997.4
2033-06-20,77997.4
2033-06-21,77997.4
2033-06-22,77997.4
2033-06-23,77997.4
2033-06-24,77997.4
2033-06-27,77997.4
2033-06-28,77997.4
2033-06-29,77997.4
2033-06-30,77997.4
2033-07-01,77997.4
2033-07-04,77997.4
2033-07-05,77997.4
2033-07-06,77997.4
2033-07-07,77997.4
2033-07-08,77997.4
2033-07-11,77997.4
2033-07-12,77997.4
2033-07-13,77997.4
2033-07-14,77997.4
2033-07-15,77997.4
2033-07-18,77997.4
2033-07-19,77997.4
2033-07-20,77997.4
2033-07-21,77997.4
2033-07-22,77997.4
2033-07-25,77997.4
2033-07-26,77997.4
2033-07-27,77997.4
2033-07-28,77997.4
2033-07-29,77997.4
2033-08-01,77997.4
2033-08-02,77997.4
2033-08-03,77997.4
2033-08-04,77997.4
2033-08-05,77997.4
2033-08-08,77997.4
2033-08-09,77997.4
2033-08-10,77997.4
2033-08-11,78310.2
2033-08-12,77766.2
2033-08-15,77671
2033-08-16,78799.8
2033-08-17,79167
2033-08-18,79343.8
2033-08-19,79765.4
2033-08-22,79751.8
2033-08-23,81288.6
2033-08-24,81506.2
2033-08-25,81995.8
2033-08-26,83083.8
2033-08-29,83083.8
2033-08-30,83083.8
2033-08-31,83083.8
2033-09-01,83083.8
2033-09-02,83083.8
2033-09-05,83083.8
2033-09-06,83083.8
2033-09-07,83083.8
2033-09-08,83083.8
2033-09-09,83083.8
2033-09-12,83083.8
2033-09-13,83083.8
2033-09-14,83083.8
2033-09-15,83083.8
2033-09-16,83083.8
2033-09-19,83083.8
2033-09-20,83083.8
2033-09-21,83083.8
2033-09-22,83083.8
2033-09-23,83083.8
2033-09-26,83083.8
2033-09-27,83083.8
2033-09-28,83083.8
2033-09-29,83083.8
2033-09-30,83083.8
2033-10-03,83083.8
2033-10-04,83083.8
2033-10-05,83083.8
2033-10-06,83083.8
2033-10-07,83083.8
2033-10-10,83083.8
2033-10-11,83083.8
2033-10-12,83083.8
2033-10-13,83083.8
2033-10-14,83083.8
2033-10-17,83083.8
2033-10-18,83083.8
2033-10-19,83083.8
2033-10-20,83083.8
2033-10-21,83083.8
2033-10-24,83083.8
2033-10-25,83083.8
2033-10-26,83083.8
2033-10-27,83083.8
2033-10-28,83083.8
2033-10-31,83083.8
2033-11-01,82607.4
2033-11-02,83868.3
2033-11-03,83980.4
2033-11-04,84302.6
2033-11-07,85395.4
2033-11-08,84498.8
2033-11-09,84849
2033-11-10,84694.9
2033-11-11,85311.4
2033-11-14,84624.9
2033-11-15,84961.1
2033-11-16,85129.2
2033-11-17,85577.5
2033-11-18,85969.8
2033-11-21,85969.8
2033-11-22,85969.8
2033-11-23,85969.8
2033-11-24,85969.8
2033-11-25,85969.8
2033-11-28,85969.8
2033-11-29,85969.8
2033-11-30,85969.8
2033-12-01,85969.8
2033-12-02,85969.8
2033-12-05,85969.8
2033-12-06,85969.8
2033-12-07,85969.8
2033-12-08,85969.8
2033-12-09,85969.8
2033-12-12,85969.8
2033-12-13,85969.8
2033-12-14,85969.8
2033-12-15,85969.8
2033-12-16,85969.8
2033-12-19,85969.8
2033-12-20,85969.8
2033-12-21,85969.8
2033-12-22,85969.8
2033-12-23,85969.8
2033-12-26,85969.8
2033-12-27,85969.8
2033-12-28,85969.8
2033-12-29,85969.8
2033-12-30,85969.8
2034-01-02,85969.8
2034-01-03,85969.8
2034-01-04,85969.8
2034-01-05,85969.8
2034-01-06,85969.8
2034-01-09,85969.8
2034-01-10,85969.8
2034-01-11,85969.8
2034-01-12,85969.8
2034-01-13,85969.8
2034-01-16,85969.8
2034-01-17,85969.8
2034-01-18,85969.8
2034-01-19,85969.8
2034-01-20,85969.8
2034-01-23,85969.8
2034-01-24,85969.8
2034-01-25,85969.8
2034-01-26,85969.8
2034-01-27,85969.8
2034-01-30,85969.8
2034-01-31,85969.8
2034-02-01,85969.8
2034-02-02,85969.8
2034-02-03,85969.8
2034-02-06,85969.8
2034-02-07,85969.8
2034-02-08,85969.8
2034-02-09,85969.8
2034-02-10,85969.8
2034-02-13,85969.8
2034-02-14,85969.8
2034-02-15,85969.8
2034-02-16,85969.8
2034-02-17,85969.8
2034-02-20,85969.8
2034-02-21,85969.8
2034-02-22,85969.8
2034-02-23,85969.8
2034-02-24,85969.8
2034-02-27,85969.8
2034-02-28,85969.8
2034-03-01,85969.8
2034-03-02,85969.8
2034-03-03,85969.8
2034-03-06,85969.8
2034-03-07,85969.8
2034-03-08,85969.8
2034-03-09,85969.8
2034-03-10,85969.8
2034-03-13,85969.8
2034-03-14,85969.8
2034-03-15,85969.8
2034-03-16,85969.8
2034-03-17,85969.8
2034-03-20,85969.8
2034-03-21,85969.8
2034-03-22,85969.8
2034-03-23,85969.8
2034-03-24,85969.8
2034-03-27,85969.8
2034-03-28,85969.8
2034-03-29,85969.8
2034-03-30,85969.8
2034-03-31,85969.8
2034-04-03,85969.8
2034-04-04,85969.8
2034-04-05,85969.8
2034-04-06,85969.8
2034-04-07,85969.8
2034-04-10,85969.8
2034-04-11,85969.8
2034-04-12,85969.8
2034-04-13,85969.8
2034-04-14,85969.8
2034-04-17,85969.8
2034-04-18,85969.8
2034-04-19,85969.8
2034-04-20,85969.8
2034-04-21,85969.8
2034-04-24,86099.9
2034-04-25,86503.2
2034-04-26,87986.4
2034-04-27,87335.9
2034-04-28,87283.8
2034-05-01,87986.4
2034-05-02,86854.5
2034-05-03,87505
2034-05-04,86724.4
2034-05-05,87244.8
2034-05-08,87570.1
2034-05-09,88064.4
2034-05-10,87882.3
2034-05-11,89105.2
2034-05-12,89456.5
2034-05-15,90159
2034-05-16,89885.8
2034-05-17,89378.4
2034-05-18,90185.1
2034-05-19,90068
2034-05-22,90380.2
2034-05-23,90380.2
2034-05-24,90380.2
2034-05-25,90380.2
2034-05-26,90380.2
2034-05-29,90380.2
2034-05-30,90380.2
2034-05-31,90380.2
2034-06-01,90380.2
2034-06-02,90380.2
2034-06-05,90380.2
2034-06-06,90380.2
2034-06-07,90380.2
2034-06-08,90380.2
2034-06-09,90380.2
2034-06-12,90380.2
2034-06-13,90380.2
2034-06-14,90380.2
2034-06-15,90380.2
2034-06-16,90380.2
2034-06-19,90380.2
2034-06-20,90380.2
2034-06-21,90380.2
2034-06-22,90380.2
2034-06-23,90380.2
2034-06-26,90380.2
2034-06-27,90380.2
2034-06-28,90380.2
2034-06-29,90380.2
2034-06-30,90380.2
2034-07-03,90380.2
2034-07-04,90380.2
2034-07-05,90380.2
2034-07-06,90380.2
2034-07-07,90380.2
2034-07-10,90380.2
2034-07-11,90380.2
2034-07-12,90380.2
2034-07-13,90380.2
2034-07-14,90380.2
2034-07-17,90380.2
2034-07-18,90380.2
2034-07-19,90380.2
2034-07-20,90380.2
2034-07-21,90380.2
2034-07-24,90380.2
2034-07-25,90380.2
2034-07-26,90380.2
2034-07-27,90380.2
2034-07-28,90380.2
2034-07-31,90380.2
2034-08-01,90380.2
2034-08-02,90380.2
2034-08-03,90380.2
2034-08-04,90380.2
2034-08-07,90380.2
2034-08-08,90380.2
2034-08-09,90380.2
2034-08-10,90380.2
2034-08-11,90380.2
2034-08-14,90380.2
2034-08-15,90380.2
2034-08-16,90380.2
2034-08-17,90380.2
2034-08-18,90380.2
2034-08-21,90380.2
2034-08-22,90380.2
2034-08-23,90380.2
2034-08-24,90380.2
2034-08-25,90380.2
2034-08-28,90380.2
2034-08-29,90380.2
2034-08-30,90380.2
2034-08-31,90380.2
2034-09-01,90380.2
2034-09-04,90380.2
2034-09-05,90380.2
2034-09-06,90380.2
2034-09-07,90380.2
2034-09-08,90380.2
2034-09-11,90380.2
2034-09-12,90380.2
2034-09-13,90380.2
2034-09-14,90380.2
2034-09-15,90380.2
2034-09-18,90380.2
2034-09-19,90380.2
2034-09-20,90380.2
2034-09-21,90380.2
2034-09-22,90380.2
2034-09-25,90380.2
2034-09-26,90380.2
2034-09-27,90380.2
2034-09-28,90380.2
2034-09-29,90380.2
2034-10-02,90380.2
2034-10-03,90380.2
2034-10-04,90380.2
2034-10-05,91069.9
2034-10-06,90668.6
2034-10-09,92449.3
2034-10-10,93026.2
2034-10-11,93715.9
2034-10-12,92813
2034-10-13,93339.7
2034-10-16,92913.3
2034-10-17,92624.9
2034-10-18,92950.9
2034-10-19,93264.4
2034-10-20,92449.3
2034-10-23,92386.6
2034-10-24,90894.4
2034-10-25,89527.5
2034-10-26,89339.4
2034-10-27,89201.5
2034-10-30,88637.2
2034-10-31,90217.2
2034-11-01,90806.6
2034-11-02,90869.3
2034-11-03,90204.7
2034-11-06,91069.9
2034-11-07,92198.5
2034-11-08,92186
2034-11-09,92562.2
2034-11-10,91822.3
2034-11-13,92374.1
2034-11-14,94844.5
2034-11-15,94844.5
2034-11-16,94844.5
2034-11-17,94844.5
2034-11-20,94844.5
2034-11-21,94844.5
2034-11-22,94844.5
2034-11-23,94844.5
2034-11-24,94844.5
2034-11-27,94844.5
2034-11-28,94844.5
2034-11-29,94844.5
2034-11-30,94844.5
2034-12-01,94844.5
2034-12-04,94844.5
2034-12-05,94844.5
2034-12-06,94844.5
2034-12-07,94844.5
2034-12-08,94844.5
2034-12-11,94844.5
2034-12-12,94844.5
2034-12-13,94844.5
2034-12-14,94844.5
2034-12-15,94844.5
2034-12-18,94844.5
2034-12-19,94844.5
2034-12-20,94844.5
2034-12-21,94844.5
2034-12-22,94844.5
2034-12-25,94844.5
2034-12-26,94844.5
2034-12-27,94844.5
2034-12-28,94844.5
2034-12-29,94844.5
2035-01-01,94844.5
2035-01-02,94844.5
2035-01-03,94844.5
2035-01-04,94844.5
2035-01-05,94844.5
2035-01-08,94844.5
2035-01-09,94844.5
2035-01-10,94844.5
2035-01-11,94844.5
2035-01-12,94844.5
2035-01-15,94844.5
2035-01-16,94844.5
2035-01-17,94844.5
2035-01-18,94844.5
2035-01-19,94844.5
2035-01-22,94844.5
2035-01-23,94844.5
2035-01-24,94844.5
2035-01-25,94844.5
2035-01-26,94844.5
2035-01-29,94844.5
2035-01-30,94844.5
2035-01-31,94844.5
2035-02-01,94844.5
2035-02-02,94844.5
2035-02-05,94844.5
2035-02-06,94844.5
2035-02-07,94844.5
2035-02-08,94844.5
2035-02-09,94844.5
2035-02-12,94844.5
2035-02-13,94844.5
2035-02-14,94844.5
2035-02-15,94844.5
2035-02-16,94844.5
2035-02-19,94844.5
2035-02-20,94844.5
2035-02-21,94844.5
2035-02-22,94844.5
2035-02-23,94844.5
2035-02-26,94844.5
2035-02-27,94844.5
2035-02-28,94844.5
2035-03-01,94844.5
2035-03-02,94844.5
2035-03-05,94844.5
2035-03-06,94844.5
2035-03-07,94844.5
2035-03-08,94844.5
2035-03-09,94844.5
2035-03-12,94844.5
2035-03-13,94844.5
2035-03-14,94844.5
2035-03-15,94844.5
2035-03-16,94844.5
2035-03-19,94844.5
2035-03-20,94844.5
2035-03-21,94844.5
2035-03-22,94844.5
2035-03-23,94844.5
2035-03-26,94844.5
2035-03-27,94844.5
2035-03-28,94844.5
2035-03-29,94844.5
2035-03-30,94844.5
2035-04-02,94844.5
2035-04-03,94844.5
2035-04-04,94844.5
2035-04-05,94844.5
2035-04-06,94844.5
2035-04-09,94844.5
2035-04-10,94844.5
2035-04-11,94844.5
2035-04-12,94844.5
2035-04-13,94844.5
2035-04-16,94844.5
2035-04-17,94844.5
2035-04-18,94844.5
2035-04-19,94844.5
2035-04-20,94844.5
2035-04-23,94844.5
2035-04-24,94844.5
2035-04-25,94844.5
2035-04-26,94844.5
2035-04-27,94844.5
2035-04-30,94844.5
2035-05-01,94844.5
2035-05-02,94844.5
2035-05-03,94844.5
2035-05-04,94844.5
2035-05-07,94844.5
2035-05-08,94844.5
2035-05-09,94844.5
2035-05-10,94844.5
2035-05-11,94844.5
2035-05-14,94844.5
2035-05-15,94844.5
2035-05-16,94844.5
2035-05-17,94844.5
2035-05-18,94844.5
2035-05-21,94844.5
2035-05-22,94844.5
2035-05-23,94844.5
2035-05-24,94844.5
2035-05-25,94844.5
2035-05-28,94844.5
2035-05-29,94844.5
2035-05-30,94844.5
2035-05-31,94844.5
2035-06-01,94844.5
2035-06-04,94844.5
2035-06-05,94844.5
2035-06-06,94844.5
2035-06-07,94844.5
2035-06-08,94844.5
2035-06-11,94844.5
2035-06-12,94844.5
2035-06-13,94844.5
2035-06-14,94844.5
2035-06-15,94844.5
2035-06-18,94844.5
2035-06-19,94844.5
2035-06-20,94844.5
2035-06-21,94844.5
2035-06-22,94844.5
2035-06-25,94844.5
2035-06-26,94844.5
2035-06-27,94844.5
2035-06-28,94844.5
2035-06-29,94844.5
2035-07-02,94844.5
2035-07-03,94844.5
2035-07-04,94844.5
2035-07-05,94844.5
2035-07-06,94844.5
2035-07-09,94844.5
2035-07-10,94844.5
2035-07-11,94844.5
2035-07-12,94844.5
2035-07-13,94844.5
2035-07-16,94844.5
2035-07-17,94844.5
2035-07-18,94844.5
2035-07-19,94844.5
2035-07-20,94844.5
2035-07-23,94844.5
2035-07-24,94844.5
2035-07-25,94844.5
2035-07-26,94844.5
2035-07-27,94844.5
2035-07-30,94844.5
2035-07-31,94844.5
2035-08-01,94844.5
2035-08-02,94844.5
2035-08-03,94844.5
2035-08-06,94844.5
2035-08-07,94844.5
2035-08-08,94844.5
2035-08-09,94844.5
2035-08-10,94844.5
2035-08-13,94844.5
2035-08-14,94844.5
2035-08-15,94844.5
2035-08-16,94844.5
2035-08-17,94844.5
2035-08-20,94844.5
2035-08-21,94844.5
2035-08-22,94844.5
2035-08-23,94844.5
2035-08-24,94844.5
2035-08-27,94844.5
2035-08-28,94844.5
2035-08-29,94844.5
2035-08-30,94844.5
2035-08-31,94844.5
2035-09-03,94844.5
2035-09-04,94844.5
2035-09-05,94844.5
2035-09-06,94844.5
2035-09-07,94844.5
2035-09-10,94844.5
2035-09-11,94844.5
2035-09-12,94844.5
2035-09-13,94844.5
2035-09-14,94844.5
2035-09-17,94844.5
2035-09-18,94844.5
2035-09-19,94844.5
2035-09-20,94844.5
2035-09-21,94844.5
2035-09-24,94844.5
2035-09-25,94844.5
2035-09-26,94844.5
2035-09-27,94844.5
2035-09-28,94844.5
2035-10-01,94844.5
2035-10-02,94844.5
2035-10-03,94844.5
2035-10-04,94812.4
2035-10-05,95143.5
2035-10-08,95891.1
2035-10-09,95122.1
2035-10-10,96596
2035-10-11,96339.7
2035-10-12,95645.5
2035-10-15,94737.7
2035-10-16,94887.2
2035-10-17,94374.5
2035-10-18,94331.8
2035-10-19,94588.1
2035-10-22,93947.3
2035-10-23,94705.6
2035-10-24,94054.1
2035-10-25,95399.8
2035-10-26,94684.3
2035-10-29,93926
2035-10-30,94225
2035-10-31,93605.6
2035-11-01,92633.7
2035-11-02,92868.7
2035-11-05,92217.2
2035-11-06,92825.9
2035-11-07,93509.5
2035-11-08,94353.2
2035-11-09,94823.1
2035-11-12,93306.5
2035-11-13,93349.3
2035-11-14,92334.7
2035-11-15,92623
2035-11-16,92473.5
2035-11-19,94321.1
2035-11-20,94214.3
2035-11-21,93648.3
2035-11-22,94289.1
2035-11-23,94908.5
2035-11-26,94395.9
2035-11-27,93893.9
2035-11-28,93883.3
2035-11-29,92868.7
2035-11-30,94342.5
2035-12-03,93125
2035-12-04,93445.4
2035-12-05,92430.8
2035-12-06,92195.8
2035-12-07,92057
2035-12-10,92110.4
2035-12-11,93488.1
2035-12-12,94481.3
2035-12-13,95346.4
2035-12-14,95132.8
2035-12-17,95207.6
2035-12-18,94876.5
2035-12-19,95955.2
2035-12-20,96382.4
2035-12-21,95784.3
2035-12-24,96681.4
2035-12-25,95720.2
2035-12-26,95720.2
2035-12-27,95720.2
2035-12-28,95720.2
2035-12-31,95720.2
2036-01-01,95720.2
2036-01-02,95720.2
2036-01-03,95720.2
2036-01-04,95720.2
2036-01-07,95720.2
2036-01-08,95720.2
2036-01-09,95720.2
2036-01-10,95720.2
2036-01-11,95720.2
2036-01-14,95720.2
2036-01-15,95720.2
2036-01-16,95720.2
2036-01-17,95720.2
2036-01-18,95720.2
2036-01-21,95720.2
2036-01-22,95720.2
2036-01-23,95720.2
2036-01-24,95720.2
2036-01-25,95720.2
2036-01-28,95720.2
2036-01-29,95720.2
2036-01-30,95720.2
2036-01-31,95720.2
2036-02-01,95720.2
2036-02-04,95720.2
2036-02-05,95720.2
2036-02-06,95720.2
2036-02-07,95720.2
2036-02-08,95720.2
2036-02-11,95720.2
2036-02-12,95720.2
2036-02-13,95720.2
2036-02-14,95720.2
2036-02-15,95720.2
2036-02-18,94979.6
2036-02-19,96196.3
2036-02-20,96323.3
2036-02-21,95275.9
2036-02-22,94990.2
2036-02-25,94863.2
2036-02-26,94302.5
2036-02-27,93995.7
2036-02-28,96027
2036-02-29,95434.6
2036-03-03,96333.9
2036-03-04,97095.6
2036-03-05,97455.3
2036-03-06,96958.1
2036-03-07,96386.8
2036-03-10,96355
2036-03-11,95953
2036-03-12,95021.9
2036-03-13,94577.6
2036-03-14,94323.7
2036-03-17,94799.8
2036-03-18,95212.4
2036-03-19,93731.2
2036-03-20,92895.4
2036-03-21,93032.9
2036-03-24,93032.9
2036-03-25,93847.6
2036-03-26,95064.3
2036-03-27,94154.4
2036-03-28,94831.5
2036-03-31,94704.5
2036-04-01,93963.9
2036-04-02,93202.2
2036-04-03,92609.7
2036-04-04,93773.5
2036-04-07,93911
2036-04-08,93001.2
2036-04-09,93011.7
2036-04-10,92250
2036-04-11,92853
2036-04-14,93159.9
2036-04-15,91689.2
2036-04-16,90620.7
2036-04-17,89710.8
2036-04-18,89700.2
2036-04-21,89827.2
2036-04-22,89763.7
2036-04-23,89054.8
2036-04-24,89054.8
2036-04-25,89710.8
2036-04-28,90832.3
2036-04-29,90007
2036-04-30,90134
2036-05-01,90123.4
2036-05-02,89869.5
2036-05-05,89224.1
2036-05-06,88335.4
2036-05-07,87139.8
2036-05-08,87531.3
2036-05-09,87552.5
2036-05-12,86780.1
2036-05-13,86600.3
2036-05-14,87192.7
2036-05-15,87002.3
2036-05-16,86663.7
2036-05-19,86695.5
2036-05-20,85891.4
2036-05-21,86441.6
2036-05-22,86780.1
2036-05-23,86547.4
2036-05-26,86155.9
2036-05-27,86018.4
2036-05-28,86071.3
2036-05-29,86663.7
2036-05-30,86875.3
2036-06-02,86610.8
2036-06-03,86960
2036-06-04,85574
2036-06-05,84590.1
2036-06-06,84336.1
2036-06-09,84590.1
2036-06-10,85277.8
2036-06-11,85753.9
2036-06-12,86103
2036-06-13,87055.2
2036-06-16,86938.8
2036-06-17,86367.5
2036-06-18,86737.8
2036-06-19,88018
2036-06-20,88494.1
2036-06-23,87764.1
2036-06-24,88007.4
2036-06-25,87065.8
2036-06-26,86526.2
2036-06-27,87319.7
2036-06-30,86949.4
2036-07-01,87298.5
2036-07-02,87044.6
2036-07-03,87414.9
2036-07-04,87721.7
2036-07-07,88504.7
2036-07-08,88472.9
2036-07-09,88134.4
2036-07-10,87965.1
2036-07-11,87520.7
2036-07-14,87541.9
2036-07-15,87943.9
2036-07-16,87637.1
2036-07-17,87002.3
2036-07-18,86600.3
2036-07-21,85743.3
2036-07-22,85224.9
2036-07-23,85256.6
2036-07-24,86282.9
2036-07-25,86663.7
2036-07-28,87044.6
2036-07-29,86081.8
2036-07-30,86769.5
2036-07-31,86145.3
2036-08-01,85457.6
2036-08-04,86431
2036-08-05,85457.6
2036-08-06,85902
2036-08-07,84833.4
2036-08-08,85711.5
2036-08-11,84896.9
2036-08-12,85880.8
2036-08-13,86547.4
2036-08-14,86018.4
2036-08-15,85711.5
2036-08-18,84939.2
2036-08-19,83860
2036-08-20,83849.5
2036-08-21,84198.6
2036-08-22,84166.9
2036-08-25,85362.4
2036-08-26,86621.4
2036-08-27,86949.4
2036-08-28,86737.8
2036-08-29,86790.7
2036-09-01,86536.8
2036-09-02,86346.3
2036-09-03,86907.1
2036-09-04,87340.9
2036-09-05,87277.4
2036-09-08,87943.9
2036-09-09,87943.9
2036-09-10,87943.9
2036-09-11,87943.9
2036-09-12,87943.9
2036-09-15,87943.9
2036-09-16,87943.9
2036-09-17,87943.9
2036-09-18,87943.9
2036-09-19,87943.9
2036-09-22,87943.9
2036-09-23,87943.9
2036-09-24,87943.9
2036-09-25,87943.9
2036-09-26,87943.9
2036-09-29,87943.9
2036-09-30,87943.9
2036-10-01,87943.9
2036-10-02,87943.9
2036-10-03,87943.9
2036-10-06,87943.9
2036-10-07,87943.9
2036-10-08,87943.9
2036-10-09,87943.9
2036-10-10,87943.9
2036-10-13,87943.9
2036-10-14,87943.9
2036-10-15,87943.9
2036-10-16,87943.9
2036-10-17,87943.9
2036-10-20,87943.9
2036-10-21,87943.9
2036-10-22,87943.9
2036-10-23,87943.9
2036-10-24,87943.9
2036-10-27,87943.9
2036-10-28,87943.9
2036-10-29,87943.9
2036-10-30,87943.9
2036-10-31,87943.9
2036-11-03,87943.9
2036-11-04,87943.9
2036-11-05,87943.9
2036-11-06,87943.9
2036-11-07,87943.9
2036-11-10,87943.9
2036-11-11,87943.9
2036-11-12,87943.9
2036-11-13,87943.9
2036-11-14,87943.9
2036-11-17,87943.9
2036-11-18,87943.9
2036-11-19,87943.9
2036-11-20,87943.9
2036-11-21,87943.9
2036-11-24,87943.9
2036-11-25,87943.9
2036-11-26,87943.9
2036-11-27,87943.9
2036-11-28,87943.9
2036-12-01,87943.9
2036-12-02,87943.9
2036-12-03,87943.9
2036-12-04,87943.9
2036-12-05,88427
2036-12-08,88207.4
2036-12-09,88229.4
2036-12-10,87943.9
2036-12-11,87427.9
2036-12-12,87208.3
2036-12-15,86307.9
2036-12-16,85286.8
2036-12-17,84287.6
2036-12-18,83661.7
2036-12-19,83134.7
2036-12-22,82486.9
2036-12-23,81751.2
2036-12-24,82278.2
2036-12-25,82377.1
2036-12-26,82058.6
2036-12-29,82091.6
2036-12-30,82662.5
2036-12-31,83617.8
2037-01-01,83782.5
2037-01-02,82794.3
2037-01-05,82355.1
2037-01-06,83090.8
2037-01-07,83936.2
2037-01-08,84551.1
2037-01-09,84836.6
2037-01-12,83464.1
2037-01-13,84177.8
2037-01-14,84529.1
2037-01-15,85418.5
2037-01-16,84902.5
2037-01-19,84111.9
2037-01-20,84155.8
2037-01-21,82530.8
2037-01-22,82047.7
2037-01-23,81509.6
2037-01-26,81344.9
2037-01-27,80817.9
2037-01-28,81652.4
2037-01-29,81751.2
2037-01-30,82124.5
2037-02-02,83057.8
2037-02-03,82552.7
2037-02-04,82563.7
2037-02-05,82585.7
2037-02-06,83991.1
2037-02-09,84287.6
2037-02-10,85220.9
2037-02-11,84660.9
2037-02-12,84660.9
2037-02-13,84660.9
2037-02-16,84660.9
2037-02-17,84660.9
2037-02-18,84660.9
2037-02-19,84660.9
2037-02-20,84660.9
2037-02-23,84660.9
2037-02-24,84660.9
2037-02-25,84660.9
2037-02-26,84660.9
2037-02-27,84660.9
2037-03-02,84660.9
2037-03-03,84660.9
2037-03-04,84660.9
2037-03-05,84660.9
2037-03-06,84660.9
2037-03-09,84660.9
2037-03-10,84660.9
2037-03-11,84660.9
2037-03-12,84660.9
2037-03-13,84660.9
2037-03-16,84660.9
2037-03-17,84660.9
2037-03-18,84660.9
2037-03-19,84660.9
2037-03-20,84660.9
2037-03-23,84660.9
2037-03-24,84660.9
2037-03-25,84660.9
2037-03-26,84660.9
2037-03-27,84660.9
2037-03-30,84660.9
2037-03-31,84660.9
2037-04-01,84660.9
2037-04-02,84660.9
2037-04-03,84660.9
2037-04-06,84660.9
2037-04-07,84660.9
2037-04-08,84660.9
2037-04-09,84660.9
2037-04-10,84660.9
2037-04-13,84660.9
2037-04-14,84660.9
2037-04-15,84660.9
2037-04-16,84660.9
2037-04-17,84660.9
2037-04-20,84660.9
2037-04-21,84660.9
2037-04-22,84660.9
2037-04-23,84660.9
2037-04-24,84660.9
2037-04-27,84660.9
2037-04-28,84660.9
2037-04-29,84660.9
2037-04-30,84660.9
2037-05-01,84660.9
2037-05-04,84660.9
2037-05-05,84660.9
2037-05-06,84660.9
2037-05-07,84660.9
2037-05-08,84660.9
2037-05-11,84660.9
2037-05-12,84660.9
2037-05-13,84660.9
2037-05-14,84660.9
2037-05-15,84660.9
2037-05-18,84660.9
2037-05-19,84660.9
2037-05-20,84660.9
2037-05-21,84660.9
2037-05-22,84660.9
2037-05-25,84660.9
2037-05-26,84660.9
2037-05-27,84660.9
2037-05-28,84660.9
2037-05-29,84660.9
2037-06-01,84660.9
2037-06-02,84660.9
2037-06-03,84660.9
2037-06-04,84660.9
2037-06-05,84660.9
2037-06-08,84660.9
2037-06-09,84660.9
2037-06-10,84660.9
2037-06-11,84660.9
2037-06-12,84660.9
2037-06-15,84660.9
2037-06-16,84660.9
2037-06-17,84660.9
2037-06-18,84660.9
2037-06-19,84660.9
2037-06-22,84660.9
2037-06-23,84660.9
2037-06-24,84660.9
2037-06-25,84660.9
2037-06-26,84660.9
2037-06-29,84660.9
2037-06-30,84660.9
2037-07-01,84660.9
2037-07-02,84660.9
2037-07-03,84660.9
2037-07-06,84660.9
2037-07-07,84660.9
2037-07-08,84727.9
2037-07-09,84756.6
2037-07-10,84134.5
2037-07-13,83895.3
2037-07-14,83837.9
2037-07-15,82986.1
2037-07-16,82900
2037-07-17,82823.5
2037-07-20,83608.2
2037-07-21,84268.5
2037-07-22,84823.6
2037-07-23,84239.8
2037-07-24,83991
2037-07-27,84737.5
2037-07-28,84498.2
2037-07-29,83636.9
2037-07-30,83646.5
2037-07-31,83522.1
2037-08-03,84010.1
2037-08-04,83837.9
2037-08-05,83579.5
2037-08-06,83857
2037-08-07,84364.2
2037-08-10,84747
2037-08-11,84345.1
2037-08-12,84909.7
2037-08-13,84613
2037-08-14,85225.5
2037-08-17,86134.7
2037-08-18,87311.8
2037-08-19,87311.8
2037-08-20,87311.8
2037-08-21,87311.8
2037-08-24,87311.8
2037-08-25,87311.8
2037-08-26,87311.8
2037-08-27,87311.8
2037-08-28,87311.8
2037-08-31,87311.8
2037-09-01,87311.8
2037-09-02,87311.8
2037-09-03,87311.8
2037-09-04,87311.8
2037-09-07,87311.8
2037-09-08,87103.5
2037-09-09,87867.3
2037-09-10,88264.1
2037-09-11,88760.1
2037-09-14,88432.7
2037-09-15,87163
2037-09-16,87073.7
2037-09-17,87381.2
2037-09-18,86944.7
2037-09-21,86518.2
2037-09-22,86022.2
2037-09-23,85526.2
2037-09-24,84931
2037-09-25,85784.1
2037-09-28,85436.9
2037-09-29,85932.9
2037-09-30,86022.2
2037-10-01,84891.3
2037-10-02,84633.4
2037-10-05,85139.3
2037-10-06,86250.3
2037-10-07,86240.4
2037-10-08,85228.6
2037-10-09,84732.6
2037-10-12,86012.3
2037-10-13,86627.3
2037-10-14,87629.2
2037-10-15,87430.8
2037-10-16,87282
2037-10-19,86696.7
2037-10-20,86845.5
2037-10-21,87212.6
2037-10-22,87510.2
2037-10-23,88472.4
2037-10-26,88472.4
2037-10-27,88472.4
2037-10-28,88472.4
2037-10-29,88472.4
2037-10-30,88472.4
2037-11-02,88472.4
2037-11-03,88472.4
2037-11-04,88472.4
2037-11-05,88472.4
2037-11-06,88472.4
2037-11-09,88472.4
2037-11-10,88472.4
2037-11-11,88472.4
2037-11-12,88472.4
2037-11-13,88472.4
2037-11-16,88472.4
2037-11-17,88472.4
2037-11-18,88472.4
2037-11-19,88472.4
2037-11-20,88472.4
2037-11-23,88472.4
2037-11-24,88472.4
2037-11-25,88472.4
2037-11-26,88472.4
2037-11-27,88472.4
2037-11-30,88472.4
2037-12-01,88472.4
2037-12-02,88472.4
2037-12-03,88472.4
2037-12-04,88472.4
2037-12-07,88472.4
2037-12-08,88472.4
2037-12-09,88472.4
2037-12-10,88472.4
2037-12-11,88472.4
2037-12-14,88472.4
2037-12-15,88472.4
2037-12-16,88472.4
2037-12-17,88472.4
2037-12-18,88472.4
2037-12-21,88472.4
2037-12-22,88472.4
2037-12-23,88472.4
2037-12-24,88472.4
2037-12-25,88472.4
2037-12-28,88472.4
2037-12-29,88472.4
2037-12-30,88472.4
2037-12-31,88472.4
2038-01-01,88472.4
2038-01-04,88472.4
2038-01-05,88472.4
2038-01-06,88472.4
2038-01-07,88472.4
2038-01-08,88472.4
2038-01-11,88472.4
2038-01-12,88472.4
2038-01-13,88472.4
2038-01-14,88472.4
2038-01-15,88472.4
2038-01-18,88472.4
2038-01-19,88472.4
2038-01-20,88472.4
2038-01-21,88472.4
2038-01-22,88029.1
2038-01-25,88101.3
2038-01-26,88070.3
2038-01-27,87647.6
2038-01-28,88524
2038-01-29,86864.1
2038-02-01,87833.2
2038-02-02,87575.5
2038-02-03,87204.3
2038-02-04,85719.7
2038-02-05,86039.3
2038-02-08,85936.2
2038-02-09,86152.7
2038-02-10,85843.4
2038-02-11,85750.6
2038-02-12,85616.6
2038-02-15,85018.6
2038-02-16,85132
2038-02-17,83946.3
2038-02-18,83678.3
2038-02-19,82410.1
2038-02-22,82616.3
2038-02-23,82090.5
2038-02-24,81822.5
2038-02-25,81905
2038-02-26,81420.4
2038-03-01,80688.4
2038-03-02,80440.9
2038-03-03,79843
2038-03-04,80399.7
2038-03-05,81399.8
2038-03-08,80595.6
2038-03-09,79863.6
2038-03-10,81152.3
2038-03-11,81245.1
2038-03-12,81471.9
2038-03-15,82111.2
2038-03-16,82214.3
2038-03-17,81874
2038-03-18,82461.7
2038-03-19,82090.5
2038-03-22,81172.9
2038-03-23,81193.6
2038-03-24,81781.2
2038-03-25,81966.8
2038-03-26,82028.7
2038-03-29,82874.1
2038-03-30,82874.1
2038-03-31,82874.1
2038-04-01,82874.1
2038-04-02,82874.1
2038-04-05,82874.1
2038-04-06,82874.1
2038-04-07,82874.1
2038-04-08,82874.1
2038-04-09,82874.1
2038-04-12,82874.1
2038-04-13,82874.1
2038-04-14,82874.1
2038-04-15,82874.1
2038-04-16,82874.1
2038-04-19,82874.1
2038-04-20,82874.1
2038-04-21,82874.1
2038-04-22,82874.1
2038-04-23,82874.1
2038-04-26,82874.1
2038-04-27,82874.1
2038-04-28,82874.1
2038-04-29,82874.1
2038-04-30,82874.1
2038-05-03,82874.1
2038-05-04,82874.1
2038-05-05,82874.1
2038-05-06,82874.1
2038-05-07,82874.1
2038-05-10,82874.1
2038-05-11,82874.1
2038-05-12,82874.1
2038-05-13,82874.1
2038-05-14,82874.1
2038-05-17,82874.1
2038-05-18,82874.1
2038-05-19,82874.1
2038-05-20,82874.1
2038-05-21,82874.1
2038-05-24,82874.1
2038-05-25,82874.1
2038-05-26,82874.1
2038-05-27,82874.1
2038-05-28,82874.1
2038-05-31,82874.1
2038-06-01,82874.1
2038-06-02,82874.1
2038-06-03,82874.1
2038-06-04,82874.1
2038-06-07,82874.1
2038-06-08,82874.1
2038-06-09,82874.1
2038-06-10,82874.1
2038-06-11,82874.1
2038-06-14,82874.1
2038-06-15,82874.1
2038-06-16,82874.1
2038-06-17,82874.1
2038-06-18,82785
2038-06-21,82963.2
2038-06-22,82656.3
2038-06-23,81705.9
2038-06-24,80884.2
2038-06-25,81072.3
2038-06-28,80191.2
2038-06-29,81795
2038-06-30,82725.6
2038-07-01,82339.5
2038-07-02,82646.4
2038-07-05,82537.5
2038-07-06,82438.5
2038-07-07,81131.7
2038-07-08,81062.4
2038-07-09,80735.7
2038-07-12,80904
2038-07-13,79310.1
2038-07-14,80003.1
2038-07-15,79983.3
2038-07-16,79755.6
2038-07-19,80527.8
2038-07-20,79636.8
2038-07-21,80250.6
2038-07-22,78696.3
2038-07-23,79607.1
2038-07-26,78834.9
2038-07-27,79112.1
2038-07-28,78943.8
2038-07-29,78815.1
2038-07-30,78379.5
2038-08-02,77637
2038-08-03,78448.8
2038-08-04,77419.2
2038-08-05,77736
2038-08-06,76944
2038-08-09,76458.9
2038-08-10,76924.2
2038-08-11,76637.1
2038-08-12,76439.1
2038-08-13,75864.9
2038-08-16,75270.9
2038-08-17,75983.7
2038-08-18,76082.7
2038-08-19,75666.9
2038-08-20,75429.3
2038-08-23,75944.1
2038-08-24,77181.6
2038-08-25,77676.6
2038-08-26,77231.1
2038-08-27,77201.4
2038-08-30,76755.9
2038-08-31,76627.2
2038-09-01,76280.7
2038-09-02,76033.2
2038-09-03,76280.7
2038-09-06,75736.2
2038-09-07,75944.1
2038-09-08,75508.5
2038-09-09,76251
2038-09-10,77439
2038-09-13,77092.5
2038-09-14,77934
2038-09-15,78033
2038-09-16,78785.4
2038-09-17,78745.8
2038-09-20,81092.1
2038-09-21,81092.1
2038-09-22,81092.1
2038-09-23,81092.1
2038-09-24,81092.1
2038-09-27,81092.1
2038-09-28,81092.1
2038-09-29,81092.1
2038-09-30,81092.1
2038-10-01,81092.1
2038-10-04,81092.1
2038-10-05,81092.1
2038-10-06,81092.1
2038-10-07,81092.1
2038-10-08,81092.1
2038-10-11,81092.1
2038-10-12,81092.1
2038-10-13,81092.1
2038-10-14,81092.1
2038-10-15,81092.1
2038-10-18,81092.1
2038-10-19,81092.1
2038-10-20,81092.1
2038-10-21,81092.1
2038-10-22,81092.1
2038-10-25,81092.1
2038-10-26,81092.1
2038-10-27,80416.3
2038-10-28,80682.5
2038-10-29,80559.6
2038-11-01,80303.6
2038-11-02,80825.9
2038-11-03,80590.3
2038-11-04,80252.4
2038-11-05,80713.2
2038-11-08,82331.1
2038-11-09,83355.1
2038-11-10,83600.9
2038-11-11,83600.9
2038-11-12,83600.9
2038-11-15,83600.9
2038-11-16,83600.9
2038-11-17,83600.9
2038-11-18,83600.9
2038-11-19,83600.9
2038-11-22,83600.9
2038-11-23,83600.9
2038-11-24,83600.9
2038-11-25,83600.9
2038-11-26,83600.9
2038-11-29,83600.9
2038-11-30,83600.9
2038-12-01,83600.9
2038-12-02,83600.9
2038-12-03,83600.9
2038-12-06,83399.9
2038-12-07,84034.7
2038-12-08,83738.4
2038-12-09,83093.1
2038-12-10,82394.8
2038-12-13,82246.7
2038-12-14,81601.3
2038-12-15,82140.9
2038-12-16,81834
2038-12-17,81559
2038-12-20,82024.5
2038-12-21,81961
2038-12-22,81707.1
2038-12-23,81908.1
2038-12-24,80998.2
2038-12-27,81072.3
2038-12-28,81823.5
2038-12-29,81791.7
2038-12-30,82870.9
2038-12-31,83357.6
2039-01-03,81791.7
2039-01-04,83019
2039-01-05,82267.8
2039-01-06,82394.8
2039-01-07,83061.3
2039-01-10,83262.3
2039-01-11,84193.4
2039-01-12,84648.3
2039-01-13,85378.3
2039-01-14,85378.3
2039-01-17,85378.3
2039-01-18,85378.3
2039-01-19,85378.3
2039-01-20,85378.3
2039-01-21,85378.3
2039-01-24,85378.3
2039-01-25,85378.3
2039-01-26,85378.3
2039-01-27,85378.3
2039-01-28,85378.3
2039-01-31,85378.3
2039-02-01,85378.3
2039-02-02,85378.3
2039-02-03,85378.3
2039-02-04,85378.3
2039-02-07,85378.3
2039-02-08,85378.3
2039-02-09,85378.3
2039-02-10,85378.3
2039-02-11,85378.3
2039-02-14,85378.3
2039-02-15,85378.3
2039-02-16,85378.3
2039-02-17,85378.3
2039-02-18,85378.3
2039-02-21,85378.3
2039-02-22,85378.3
2039-02-23,85378.3
2039-02-24,85378.3
2039-02-25,85378.3
2039-02-28,85378.3
2039-03-01,85378.3
2039-03-02,85378.3
2039-03-03,84761.8
2039-03-04,85026
2039-03-07,85719.6
2039-03-08,85906.8
2039-03-09,85510.5
2039-03-10,84838.8
2039-03-11,84728.7
2039-03-14,84794.8
2039-03-15,85136.1
2039-03-16,84651.7
2039-03-17,84574.6
2039-03-18,84607.6
2039-03-21,85389.3
2039-03-22,85796.7
2039-03-23,85114.1
2039-03-24,84871.9
2039-03-25,85147.1
2039-03-28,84002.1
2039-03-29,83539.7
2039-03-30,83572.7
2039-03-31,83572.7
2039-04-01,84563.6
2039-04-04,83947
2039-04-05,83859
2039-04-06,83242.4
2039-04-07,84376.4
2039-04-08,84893.9
2039-04-11,86204.1
2039-04-12,85620.6
2039-04-13,84662.7
2039-04-14,85697.6
2039-04-15,86402.3
2039-04-18,86644.5
2039-04-19,87305.1
2039-04-20,86897.7
2039-04-21,86897.7
2039-04-22,86897.7
2039-04-25,86897.7
2039-04-26,86897.7
2039-04-27,86897.7
2039-04-28,86897.7
2039-04-29,86897.7
2039-05-02,86897.7
2039-05-03,86897.7
2039-05-04,86897.7
2039-05-05,86897.7
2039-05-06,86897.7
2039-05-09,86897.7
2039-05-10,86897.7
2039-05-11,86897.7
2039-05-12,86897.7
2039-05-13,86897.7
2039-05-16,86897.7
2039-05-17,86897.7
2039-05-18,86897.7
2039-05-19,86897.7
2039-05-20,86897.7
2039-05-23,86897.7
2039-05-24,86897.7
2039-05-25,86897.7
2039-05-26,86897.7
2039-05-27,86897.7
2039-05-30,86897.7
2039-05-31,86897.7
2039-06-01,86897.7
2039-06-02,86897.7
2039-06-03,86897.7
2039-06-06,86897.7
2039-06-07,86897.7
2039-06-08,86897.7
2039-06-09,86897.7
2039-06-10,86897.7
2039-06-13,86403.2
2039-06-14,86470.6
2039-06-15,86324.5
2039-06-16,85234.2
2039-06-17,85166.8
2039-06-20,83649.4
2039-06-21,83402.1
2039-06-22,83986.6
2039-06-23,84076.5
2039-06-24,84762.1
2039-06-27,85200.5
2039-06-28,85234.2
2039-06-29,85245.4
2039-06-30,85571.4
2039-07-01,85335.4
2039-07-04,85492.7
2039-07-05,86009.8
2039-07-06,85908.6
2039-07-07,86425.6
2039-07-08,86032.2
2039-07-11,86032.2
2039-07-12,86032.2
2039-07-13,86032.2
2039-07-14,86032.2
2039-07-15,86032.2
2039-07-18,86032.2
2039-07-19,86032.2
2039-07-20,86032.2
2039-07-21,86032.2
2039-07-22,86032.2
2039-07-25,86032.2
2039-07-26,86032.2
2039-07-27,86032.2
2039-07-28,86032.2
2039-07-29,86032.2
2039-08-01,86032.2
2039-08-02,86032.2
2039-08-03,86032.2
2039-08-04,86032.2
2039-08-05,86032.2
2039-08-08,86032.2
2039-08-09,86032.2
2039-08-10,86032.2
2039-08-11,86032.2
2039-08-12,86032.2
2039-08-15,86032.2
2039-08-16,86032.2
2039-08-17,86032.2
2039-08-18,86032.2
2039-08-19,86032.2
2039-08-22,86032.2
2039-08-23,86032.2
2039-08-24,86032.2
2039-08-25,86032.2
2039-08-26,86032.2
2039-08-29,86032.2
2039-08-30,86032.2
2039-08-31,86032.2
2039-09-01,86032.2
2039-09-02,86032.2
2039-09-05,86032.2
2039-09-06,86032.2
2039-09-07,86032.2
2039-09-08,86032.2
2039-09-09,86032.2
2039-09-12,86032.2
2039-09-13,86032.2
2039-09-14,86032.2
2039-09-15,86032.2
2039-09-16,86032.2
2039-09-19,86032.2
2039-09-20,86032.2
2039-09-21,86032.2
2039-09-22,86032.2
2039-09-23,86032.2
2039-09-26,86032.2
2039-09-27,86032.2
2039-09-28,86032.2
2039-09-29,86032.2
2039-09-30,86032.2
2039-10-03,86032.2
2039-10-04,86668.9
2039-10-05,85489.9
2039-10-06,85548.8
2039-10-07,85324.8
2039-10-10,84841.4
2039-10-11,84145.8
2039-10-12,84452.4
2039-10-13,84782.5
2039-10-14,84582.1
2039-10-17,84193
2039-10-18,84027.9
2039-10-19,84523.1
2039-10-20,85749.3
2039-10-21,85937.9
2039-10-24,86881.1
2039-10-25,86256.2
2039-10-26,86291.6
2039-10-27,85183.4
2039-10-28,85218.7
2039-10-31,84806.1
2039-11-01,84428.8
2039-11-02,84641
2039-11-03,85006.5
2039-11-04,85360.2
2039-11-07,85336.6
2039-11-08,85879
2039-11-09,86763.2
2039-11-10,86161.9
2039-11-11,86916.5
2039-11-14,87246.6
2039-11-15,86468.5
2039-11-16,87623.9
2039-11-17,87730
2039-11-18,88071.9
2039-11-21,88071.9
2039-11-22,88071.9
2039-11-23,88071.9
2039-11-24,88071.9
2039-11-25,88071.9
2039-11-28,88071.9
2039-11-29,88071.9
2039-11-30,88071.9
2039-12-01,88071.9
2039-12-02,88071.9
2039-12-05,88071.9
2039-12-06,88071.9
2039-12-07,88071.9
2039-12-08,88071.9
2039-12-09,88071.9
2039-12-12,88071.9
2039-12-13,88071.9
2039-12-14,88071.9
2039-12-15,88071.9
2039-12-16,88071.9
2039-12-19,88071.9
2039-12-20,88071.9
2039-12-21,88071.9
2039-12-22,88071.9
2039-12-23,88071.9
2039-12-26,88071.9
2039-12-27,88071.9
2039-12-28,88071.9
2039-12-29,88071.9
2039-12-30,88071.9
2040-01-02,88071.9
2040-01-03,88071.9
2040-01-04,88071.9
2040-01-05,88071.9
2040-01-06,88071.9
2040-01-09,88071.9
2040-01-10,88071.9
2040-01-11,88071.9
2040-01-12,88071.9
2040-01-13,88071.9
2040-01-16,88071.9
2040-01-17,88071.9
2040-01-18,88071.9
2040-01-19,88071.9
2040-01-20,88071.9
2040-01-23,88071.9
2040-01-24,88071.9
2040-01-25,88071.9
2040-01-26,88071.9
2040-01-27,88071.9
2040-01-30,88071.9
2040-01-31,88071.9
2040-02-01,88071.9
2040-02-02,88071.9
2040-02-03,88071.9
2040-02-06,88071.9
2040-02-07,88071.9
2040-02-08,88071.9
2040-02-09,88071.9
2040-02-10,88071.9
2040-02-13,88071.9
2040-02-14,88071.9
2040-02-15,88071.9
2040-02-16,87411.7
2040-02-17,87482.4
2040-02-20,87506
2040-02-21,86763.2
2040-02-22,86185.5
2040-02-23,85360.2
2040-02-24,85784.6
2040-02-27,84994.7
2040-02-28,84782.5
2040-02-29,84605.6
2040-03-01,84570.3
2040-03-02,84558.5
2040-03-05,84440.6
2040-03-06,84487.7
2040-03-07,85148
2040-03-08,84947.6
2040-03-09,85171.6
2040-03-12,85407.4
2040-03-13,85713.9
2040-03-14,86515.6
2040-03-15,86044
2040-03-16,85784.6
2040-03-19,85159.8
2040-03-20,83933.6
2040-03-21,84676.4
2040-03-22,84216.6
2040-03-23,83332.3
2040-03-26,83544.5
2040-03-27,83745
2040-03-28,83532.8
2040-03-29,82707.5
2040-03-30,82613.1
2040-04-02,82613.1
2040-04-03,82778.2
2040-04-04,82955
2040-04-05,82648.5
2040-04-06,83226.2
2040-04-09,83049.4
2040-04-10,82011.8
2040-04-11,82129.7
2040-04-12,82766.4
2040-04-13,82695.7
2040-04-16,82813.6
2040-04-17,82518.8
2040-04-18,82530.6
2040-04-19,82082.6
2040-04-20,82530.6
2040-04-23,82848.9
2040-04-24,82589.6
2040-04-25,82896.1
2040-04-26,83167.3
2040-04-27,83249.8
2040-04-30,83214.4
2040-05-01,83214.4
2040-05-02,83214.4
2040-05-03,83214.4
2040-05-04,83214.4
2040-05-07,83214.4
2040-05-08,83214.4
2040-05-09,83214.4
2040-05-10,83214.4
2040-05-11,83214.4
2040-05-14,83214.4
2040-05-15,83214.4
2040-05-16,83214.4
2040-05-17,83214.4
2040-05-18,83214.4
2040-05-21,83214.4
2040-05-22,83214.4
2040-05-23,83214.4
2040-05-24,83214.4
2040-05-25,83214.4
2040-05-28,83214.4
2040-05-29,83214.4
2040-05-30,83214.4
2040-05-31,83214.4
2040-06-01,83214.4
2040-06-04,83214.4
2040-06-05,83214.4
2040-06-06,83214.4
2040-06-07,83214.4
2040-06-08,83214.4
2040-06-11,83214.4
2040-06-12,83214.4
2040-06-13,83214.4
2040-06-14,83214.4
2040-06-15,83214.4
2040-06-18,82814.7
2040-06-19,83191.6
2040-06-20,83522.8
2040-06-21,83522.8
2040-06-22,82083.8
2040-06-25,82266.6
2040-06-26,81090.3
2040-06-27,80382.3
2040-06-28,80359.4
2040-06-29,81136
2040-07-02,81067.5
2040-07-03,81901.1
2040-07-04,82312.2
2040-07-05,82392.2
2040-07-06,82552.1
2040-07-09,83557
2040-07-10,83294.4
2040-07-11,84333.6
2040-07-12,85053
2040-07-13,85053
2040-07-16,85053
2040-07-17,85053
2040-07-18,85053
2040-07-19,85053
2040-07-20,85053
2040-07-23,85053
2040-07-24,85053
2040-07-25,85053
2040-07-26,85053
2040-07-27,85053
2040-07-30,85053
2040-07-31,85053
2040-08-01,85053
2040-08-02,85053
2040-08-03,85053
2040-08-06,85053
2040-08-07,85053
2040-08-08,85053
2040-08-09,85053
2040-08-10,85053
2040-08-13,85053
2040-08-14,85053
2040-08-15,85053
2040-08-16,85053
2040-08-17,85053
2040-08-20,85053
2040-08-21,85053
2040-08-22,85133.5
2040-08-23,84490
2040-08-24,84604.9
2040-08-27,84788.8
2040-08-28,84122.4
2040-08-29,83869.6
2040-08-30,84995.6
2040-08-31,84846.2
2040-09-03,85018.6
2040-09-04,84524.5
2040-09-05,83973
2040-09-06,83800.6
2040-09-07,82628.7
2040-09-10,82536.7
2040-09-11,81226.9
2040-09-12,80951.1
2040-09-13,81445.2
2040-09-14,81341.8
2040-09-17,80365.1
2040-09-18,79239.1
2040-09-19,78687.6
2040-09-20,77446.7
2040-09-21,76424.1
2040-09-24,77481.1
2040-09-25,77412.2
2040-09-26,76378.1
2040-09-27,76274.7
2040-09-28,76550.4
2040-10-01,76734.3
2040-10-02,76240.2
2040-10-03,76194.3
2040-10-04,76665.3
2040-10-05,76343.6
2040-10-08,75849.6
2040-10-09,76504.5
2040-10-10,75757.6
2040-10-11,76217.2
2040-10-12,76630.9
2040-10-15,77779.9
2040-10-16,77366.2
2040-10-17,76665.3
2040-10-18,78136.1
2040-10-19,77469.6
2040-10-22,77561.6
2040-10-23,77837.3
2040-10-24,78492.3
2040-10-25,77975.2
2040-10-26,77412.2
2040-10-29,76791.7
2040-10-30,76424.1
2040-10-31,76217.2
2040-11-01,76768.8
2040-11-02,76263.2
2040-11-05,76734.3
2040-11-06,76975.6
2040-11-07,76090.8
2040-11-08,77205.4
2040-11-09,77653.5
2040-11-12,77274.3
2040-11-13,77998.2
2040-11-14,77297.3
2040-11-15,76722.8
2040-11-16,76826.2
2040-11-19,76217.2
2040-11-20,75367
2040-11-21,75792.1
2040-11-22,76734.3
2040-11-23,76676.8
2040-11-26,76826.2
2040-11-27,76791.7
2040-11-28,76378.1
2040-11-29,75872.5
2040-11-30,76010.4
2040-12-03,76906.6
2040-12-04,76389.6
2040-12-05,76447
2040-12-06,76665.3
2040-12-07,75930
2040-12-10,75435.9
2040-12-11,75975.9
2040-12-12,75562.3
2040-12-13,75206.1
2040-12-14,75746.1
2040-12-17,74815.5
2040-12-18,74769.5
2040-12-19,74424.8
2040-12-20,74758
2040-12-21,74080.1
2040-12-24,73471.1
2040-12-25,74700.6
2040-12-26,75355.5
2040-12-27,75321
2040-12-28,75148.7
2040-12-31,74758
2041-01-01,75125.7
2041-01-02,74666.1
2041-01-03,74332.9
2041-01-04,74447.8
2041-01-07,74229.5
2041-01-08,74677.6
2041-01-09,74344.4
2041-01-10,74654.6
2041-01-11,75102.7
2041-01-14,74114.6
2041-01-15,74252.4
2041-01-16,73000
2041-01-17,72483
2041-01-18,72000.4
2041-01-21,71667.2
2041-01-22,72322.1
2041-01-23,72551.9
2041-01-24,72264.7
2041-01-25,72287.7
2041-01-28,70966.3
2041-01-29,71115.7
2041-01-30,71265
2041-01-31,70989.3
2041-02-01,70299.9
2041-02-04,70299.9
2041-02-05,69748.4
2041-02-06,70816.9
2041-02-07,71069.7
2041-02-08,71219.1
2041-02-11,72402.6
2041-02-12,71954.4
2041-02-13,72310.6
2041-02-14,72460
2041-02-15,72873.6
2041-02-18,72345.1
2041-02-19,72678.3
2041-02-20,72724.3
2041-02-21,73551.6
2041-02-22,73551.6
2041-02-25,73551.6
2041-02-26,73551.6
2041-02-27,73551.6
2041-02-28,73551.6
2041-03-01,73551.6
2041-03-04,73551.6
2041-03-05,73551.6
2041-03-06,73551.6
2041-03-07,73551.6
2041-03-08,73551.6
2041-03-11,73551.6
2041-03-12,73551.6
2041-03-13,73551.6
2041-03-14,73551.6
2041-03-15,73551.6
2041-03-18,73551.6
2041-03-19,73551.6
2041-03-20,73551.6
2041-03-21,73551.6
2041-03-22,73551.6
2041-03-25,73551.6
2041-03-26,73551.6
2041-03-27,73551.6
2041-03-28,73551.6
2041-03-29,73551.6
2041-04-01,73551.6
2041-04-02,73551.6
2041-04-03,73551.6
2041-04-04,73551.6
2041-04-05,73551.6
2041-04-08,73551.6
2041-04-09,73551.6
2041-04-10,73551.6
2041-04-11,73045.6
2041-04-12,74376.6
2041-04-15,73991.6
2041-04-16,73804.6
2041-04-17,72649.6
2041-04-18,72539.6
2041-04-19,72275.6
2041-04-22,72561.6
2041-04-23,72858.6
2041-04-24,72418.6
2041-04-25,71681.6
2041-04-26,72264.6
2041-04-29,71890.6
2041-04-30,72517.6
2041-05-01,71846.6
2041-05-02,71219.6
2041-05-03,70570.6
2041-05-06,70603.6
2041-05-07,69833.6
2041-05-08,69052.6
2041-05-09,70251.6
2041-05-10,69833.6
2041-05-13,70702.6
2041-05-14,71175.6
2041-05-15,72176.6
2041-05-16,72803.6
2041-05-17,72737.6
2041-05-20,71890.6
2041-05-21,72913.6
2041-05-22,73408.6
2041-05-23,73507.6
2041-05-24,73837.6
2041-05-27,74552.6
2041-05-28,74552.6
2041-05-29,74552.6
2041-05-30,74552.6
2041-05-31,74552.6
2041-06-03,74552.6
2041-06-04,74552.6
2041-06-05,74552.6
2041-06-06,74552.6
2041-06-07,74552.6
2041-06-10,74552.6
2041-06-11,74552.6
2041-06-12,74552.6
2041-06-13,74552.6
2041-06-14,73996.9
2041-06-17,74609.3
2041-06-18,74325.8
2041-06-19,72987.6
2041-06-20,73010.3
2041-06-21,72636.1
2041-06-24,72999
2041-06-25,72159.8
2041-06-26,72534
2041-06-27,72715.5
2041-06-28,73486.6
2041-07-01,72874.2
2041-07-02,72602.1
2041-07-03,73463.9
2041-07-04,73736.1
2041-07-05,73849.5
2041-07-08,74643.3
2041-07-09,74212.4
2041-07-10,74768
2041-07-11,74983.5
2041-07-12,74280.4
2041-07-15,74235
2041-07-16,73736.1
2041-07-17,73180.4
2041-07-18,72919.6
2041-07-19,72534
2041-07-22,73112.4
2041-07-23,73611.3
2041-07-24,73463.9
2041-07-25,73055.7
2041-07-26,72930.9
2041-07-29,73271.1
2041-07-30,73021.7
2041-07-31,71899
2041-08-01,73225.8
2041-08-02,74019.6
2041-08-05,73928.9
2041-08-06,74110.3
2041-08-07,73475.3
2041-08-08,73248.5
2041-08-09,73509.3
2041-08-12,72681.5
2041-08-13,72624.8
2041-08-14,71899
2041-08-15,72193.8
2041-08-16,71241.3
2041-08-19,71762.9
2041-08-20,72341.3
2041-08-21,71388.7
2041-08-22,72159.8
2041-08-23,71740.2
2041-08-26,71604.2
2041-08-27,72568.1
2041-08-28,72148.5
2041-08-29,72091.8
2041-08-30,73055.7
2041-09-02,72545.4
2041-09-03,73520.6
2041-09-04,73191.8
2041-09-05,74609.3
2041-09-06,74768
2041-09-09,75550.5
2041-09-10,75879.3
2041-09-11,75879.3
2041-09-12,75879.3
2041-09-13,75879.3
2041-09-16,75879.3
2041-09-17,75879.3
2041-09-18,75879.3
2041-09-19,75879.3
2041-09-20,75879.3
2041-09-23,75879.3
2041-09-24,75879.3
2041-09-25,75879.3
2041-09-26,75879.3
2041-09-27,75879.3
2041-09-30,75879.3
2041-10-01,75879.3
2041-10-02,75879.3
2041-10-03,75879.3
2041-10-04,75879.3
2041-10-07,75879.3
2041-10-08,75879.3
2041-10-09,75879.3
2041-10-10,75879.3
2041-10-11,75879.3
2041-10-14,75879.3
2041-10-15,75879.3
2041-10-16,75879.3
2041-10-17,75879.3
2041-10-18,75879.3
2041-10-21,75879.3
2041-10-22,75879.3
2041-10-23,75879.3
2041-10-24,75879.3
2041-10-25,75879.3
2041-10-28,75879.3
2041-10-29,75879.3
2041-10-30,75879.3
2041-10-31,75879.3
2041-11-01,75879.3
2041-11-04,75879.3
2041-11-05,75879.3
2041-11-06,75879.3
2041-11-07,75879.3
2041-11-08,75879.3
2041-11-11,75879.3
2041-11-12,75879.3
2041-11-13,75879.3
2041-11-14,75879.3
2041-11-15,75879.3
2041-11-18,75879.3
2041-11-19,75879.3
2041-11-20,75879.3
2041-11-21,75879.3
2041-11-22,75879.3
2041-11-25,75879.3
2041-11-26,75879.3
2041-11-27,75879.3
2041-11-28,75879.3
2041-11-29,75879.3
2041-12-02,75879.3
2041-12-03,75879.3
2041-12-04,75879.3
2041-12-05,75879.3
2041-12-06,75879.3
2041-12-09,75879.3
2041-12-10,75879.3
2041-12-11,75879.3
2041-12-12,75879.3
2041-12-13,75879.3
2041-12-16,75879.3
2041-12-17,75879.3
2041-12-18,75879.3
2041-12-19,75879.3
2041-12-20,75879.3
2041-12-23,75879.3
2041-12-24,75879.3
2041-12-25,75879.3
2041-12-26,75879.3
2041-12-27,75879.3
2041-12-30,75879.3
2041-12-31,75879.3
2042-01-01,75879.3
2042-01-02,75879.3
2042-01-03,75879.3
2042-01-06,75879.3
2042-01-07,75879.3
2042-01-08,75555.4
2042-01-09,75451.2
2042-01-10,74733.9
2042-01-13,75185.1
2042-01-14,76319
2042-01-15,77140.5
2042-01-16,77395
2042-01-17,77024.8
2042-01-20,77742.1
2042-01-21,77765.2
2042-01-22,77961.9
2042-01-23,77626.4
2042-01-24,78204.9
2042-01-27,77233
2042-01-28,76689.2
2042-01-29,76689.2
2042-01-30,77499.1
2042-01-31,77730.5
2042-02-03,77094.2
2042-02-04,76839.6
2042-02-05,76851.2
2042-02-06,76527.3
2042-02-07,75879.3
2042-02-10,76238
2042-02-11,75971.9
2042-02-12,75671.1
2042-02-13,75289.3
2042-02-14,75925.6
2042-02-17,76677.7
2042-02-18,76110.7
2042-02-19,76816.5
2042-02-20,77464.4
2042-02-21,76862.8
2042-02-24,76943.8
2042-02-25,77290.9
2042-02-26,77695.8
2042-02-27,77996.6
2042-02-28,78424.7
2042-03-03,78528.9
2042-03-04,78528.9
2042-03-05,78528.9
2042-03-06,78528.9
2042-03-07,78528.9
2042-03-10,78528.9
2042-03-11,78528.9
2042-03-12,78528.9
2042-03-13,78528.9
2042-03-14,78528.9
2042-03-17,78528.9
2042-03-18,78528.9
2042-03-19,78528.9
2042-03-20,78528.9
2042-03-21,78528.9
2042-03-24,78528.9
2042-03-25,78528.9
2042-03-26,78528.9
2042-03-27,78528.9
2042-03-28,78528.9
2042-03-31,78528.9
2042-04-01,78528.9
2042-04-02,78528.9
2042-04-03,78528.9
2042-04-04,78528.9
2042-04-07,78528.9
2042-04-08,78528.9
2042-04-09,78528.9
2042-04-10,78528.9
2042-04-11,78528.9
2042-04-14,78528.9
2042-04-15,78528.9
2042-04-16,78528.9
2042-04-17,78528.9
2042-04-18,78528.9
2042-04-21,78528.9
2042-04-22,78528.9
2042-04-23,78528.9
2042-04-24,78528.9
2042-04-25,78528.9
2042-04-28,78528.9
2042-04-29,78528.9
2042-04-30,78528.9
2042-05-01,78528.9
2042-05-02,78528.9
2042-05-05,78528.9
2042-05-06,78528.9
2042-05-07,78528.9
2042-05-08,78528.9
2042-05-09,78528.9
2042-05-12,78528.9
2042-05-13,78528.9
2042-05-14,78528.9
2042-05-15,78528.9
2042-05-16,78528.9
2042-05-19,78528.9
2042-05-20,78528.9
2042-05-21,78528.9
2042-05-22,78528.9
2042-05-23,78528.9
2042-05-26,78528.9
2042-05-27,78528.9
2042-05-28,78247.3
2042-05-29,78892.5
2042-05-30,78575.8
2042-06-02,79068.4
2042-06-03,79091.9
2042-06-04,78657.9
2042-06-05,78892.5
2042-06-06,78540.6
2042-06-09,78141.8
2042-06-10,78669.6
2042-06-11,78916
2042-06-12,78575.8
2042-06-13,78657.9
2042-06-16,78657.9
2042-06-17,79174
2042-06-18,79866.1
2042-06-19,79220.9
2042-06-20,78998.1
2042-06-23,80030.3
2042-06-24,79537.6
2042-06-25,79350
2042-06-26,79408.6
2042-06-27,79631.5
2042-06-30,79525.9
2042-07-01,79596.3
2042-07-02,79080.2
2042-07-03,79244.4
2042-07-04,78364.6
2042-07-07,78306
2042-07-08,78200.4
2042-07-09,78153.5
2042-07-10,77860.3
2042-07-11,78024.5
2042-07-14,78716.5
2042-07-15,78493.7
2042-07-16,78939.4
2042-07-17,78974.6
2042-07-18,78974.6
2042-07-21,79350
2042-07-22,79748.8
2042-07-23,80218
2042-07-24,80335.3
2042-07-25,80335.3
2042-07-28,80335.3
2042-07-29,80335.3
2042-07-30,80335.3
2042-07-31,80335.3
2042-08-01,80335.3
2042-08-04,80335.3
2042-08-05,80335.3
2042-08-06,80335.3
2042-08-07,80335.3
2042-08-08,80335.3
2042-08-11,80335.3
2042-08-12,80335.3
2042-08-13,80335.3
2042-08-14,80068.6
2042-08-15,80032.3
2042-08-18,79450.5
2042-08-19,79874.7
2042-08-20,78420.3
2042-08-21,79026.3
2042-08-22,79535.4
2042-08-25,79923.2
2042-08-26,80626.2
2042-08-27,81123.1
2042-08-28,80480.7
2042-08-29,80698.9
2042-09-01,82286.6
2042-09-02,82262.4
2042-09-03,81838.2
2042-09-04,82565.4
2042-09-05,82153.3
2042-09-08,82153.3
2042-09-09,82153.3
2042-09-10,82153.3
2042-09-11,82153.3
2042-09-12,82153.3
2042-09-15,82153.3
2042-09-16,82153.3
2042-09-17,82153.3
2042-09-18,82153.3
2042-09-19,82153.3
2042-09-22,82153.3
2042-09-23,82153.3
2042-09-24,82153.3
2042-09-25,82153.3
2042-09-26,82153.3
2042-09-29,82153.3
2042-09-30,82153.3
2042-10-01,82153.3
2042-10-02,82153.3
2042-10-03,82153.3
2042-10-06,82153.3
2042-10-07,82153.3
2042-10-08,82153.3
2042-10-09,82153.3
2042-10-10,82153.3
2042-10-13,82153.3
2042-10-14,82153.3
2042-10-15,82153.3
2042-10-16,82153.3
2042-10-17,82153.3
2042-10-20,82153.3
2042-10-21,82153.3
2042-10-22,82153.3
2042-10-23,82153.3
2042-10-24,82153.3
2042-10-27,82153.3
2042-10-28,82153.3
2042-10-29,82153.3
2042-10-30,82153.3
2042-10-31,82153.3
2042-11-03,82153.3
2042-11-04,82298.4
2042-11-05,82612.7
2042-11-06,82286.3
2042-11-07,83374.4
2042-11-10,83398.6
2042-11-11,81851
2042-11-12,81645.5
2042-11-13,81500.4
2042-11-14,81101.5
2042-11-17,81524.6
2042-11-18,81512.5
2042-11-19,81331.2
2042-11-20,81790.6
2042-11-21,82370.9
2042-11-24,82951.2
2042-11-25,82818.2
2042-11-26,82153.3
2042-11-27,82395.1
2042-11-28,82890.8
2042-12-01,82866.6
2042-12-02,83205.1
2042-12-03,83060
2042-12-04,84341.6
2042-12-05,84341.6
2042-12-08,84341.6
2042-12-09,84341.6
2042-12-10,84341.6
2042-12-11,84341.6
2042-12-12,84341.6
2042-12-15,84341.6
2042-12-16,84341.6
2042-12-17,84341.6
2042-12-18,84341.6
2042-12-19,84341.6
2042-12-22,84341.6
2042-12-23,84341.6
2042-12-24,84341.6
2042-12-25,84341.6
2042-12-26,84341.6
2042-12-29,84341.6
2042-12-30,84341.6
2042-12-31,84341.6
2043-01-01,84341.6
2043-01-02,84341.6
2043-01-05,84341.6
2043-01-06,84341.6
2043-01-07,84341.6
2043-01-08,84341.6
2043-01-09,84341.6
2043-01-12,84341.6
2043-01-13,85111.4
2043-01-14,84366
2043-01-15,85954.6
2043-01-16,85856.9
2043-01-19,85514.7
2043-01-20,84573.8
2043-01-21,84647.1
2043-01-22,84781.5
2043-01-23,83437.3
2043-01-26,84158.3
2043-01-27,85111.4
2043-01-28,85979.1
2043-01-29,86920
2043-01-30,87506.6
2043-02-02,88374.2
2043-02-03,87531
2043-02-04,87897.6
2043-02-05,88386.4
2043-02-06,89461.8
2043-02-09,89217.4
2043-02-10,89217.4
2043-02-11,89217.4
2043-02-12,89217.4
2043-02-13,89217.4
2043-02-16,89217.4
2043-02-17,89217.4
2043-02-18,89217.4
2043-02-19,89217.4
2043-02-20,89217.4
2043-02-23,89217.4
2043-02-24,89217.4
2043-02-25,89217.4
2043-02-26,89217.4
2043-02-27,89217.4
2043-03-02,89217.4
2043-03-03,89217.4
2043-03-04,89217.4
2043-03-05,89217.4
2043-03-06,89217.4
2043-03-09,89217.4
2043-03-10,89217.4
2043-03-11,89217.4
2043-03-12,89217.4
2043-03-13,89217.4
2043-03-16,89217.4
2043-03-17,89217.4
2043-03-18,89217.4
2043-03-19,89217.4
2043-03-20,89217.4
2043-03-23,89217.4
2043-03-24,89217.4
2043-03-25,89217.4
2043-03-26,89217.4
2043-03-27,89217.4
2043-03-30,89217.4
2043-03-31,89217.4
2043-04-01,89217.4
2043-04-02,89217.4
2043-04-03,89217.4
2043-04-06,89217.4
2043-04-07,89217.4
2043-04-08,89217.4
2043-04-09,89217.4
2043-04-10,89217.4
2043-04-13,89217.4
2043-04-14,89217.4
2043-04-15,89217.4
2043-04-16,89217.4
2043-04-17,89900.6
2043-04-20,89559
2043-04-21,88558.6
2043-04-22,89193
2043-04-23,88741.6
2043-04-24,89522.4
2043-04-27,89620
2043-04-28,90986.4
2043-04-29,91925.8
2043-04-30,92316.2
2043-05-01,90803.4
2043-05-04,89522.4
2043-05-05,88534.2
2043-05-06,88229.2
2043-05-07,89754.2
2043-05-08,88839.2
2043-05-11,90852.2
2043-05-12,90742.4
2043-05-13,90949.8
2043-05-14,90571.6
2043-05-15,89961.6
2043-05-18,90498.4
2043-05-19,89083.2
2043-05-20,88863.6
2043-05-21,88241.4
2043-05-22,87790
2043-05-25,87704.6
2043-05-26,86814
2043-05-27,86411.4
2043-05-28,85764.8
2043-05-29,86033.2
2043-06-01,86301.6
2043-06-02,86679.8
2043-06-03,87387.4
2043-06-04,88265.8
2043-06-05,88656.2
2043-06-08,88070.6
2043-06-09,88119.4
2043-06-10,86838.4
2043-06-11,86936
2043-06-12,86789.6
2043-06-15,86021
2043-06-16,86789.6
2043-06-17,87277.6
2043-06-18,86911.6
2043-06-19,87509.4
2043-06-22,86094.2
2043-06-23,85935.6
2043-06-24,86484.6
2043-06-25,85630.6
2043-06-26,86960.4
2043-06-29,86777.4
2043-06-30,88583
2043-07-01,89559
2043-07-02,89595.6
2043-07-03,89498
2043-07-06,88302.4
2043-07-07,88326.8
2043-07-08,89632.2
2043-07-09,90108
2043-07-10,89071
2043-07-13,88424.4
2043-07-14,87594.8
2043-07-15,87314.2
2043-07-16,87838.8
2043-07-17,87765.6
2043-07-20,86643.2
2043-07-21,86167.4
2043-07-22,86448
2043-07-23,86167.4
2043-07-24,85874.6
2043-07-27,84630.2
2043-07-28,84715.6
2043-07-29,85337.8
2043-07-30,84923
2043-07-31,83812.8
2043-08-03,84410.6
2043-08-04,85825.8
2043-08-05,85398.8
2043-08-06,85728.2
2043-08-07,86069.8
2043-08-10,87460.6
2043-08-11,87875.4
2043-08-12,88766
2043-08-13,89473.6
2043-08-14,91108.4
2043-08-17,91108.4
2043-08-18,91108.4
2043-08-19,91108.4
2043-08-20,91108.4
2043-08-21,91108.4
2043-08-24,91108.4
2043-08-25,91108.4
2043-08-26,91108.4
2043-08-27,91108.4
2043-08-28,91108.4
2043-08-31,91108.4
2043-09-01,91108.4
2043-09-02,91108.4
2043-09-03,91108.4
2043-09-04,91108.4
2043-09-07,91108.4
2043-09-08,91108.4
2043-09-09,91108.4
2043-09-10,91108.4
2043-09-11,91108.4
2043-09-14,91108.4
2043-09-15,91108.4
2043-09-16,91108.4
2043-09-17,91108.4
2043-09-18,91108.4
2043-09-21,91108.4
2043-09-22,91108.4
2043-09-23,91108.4
2043-09-24,91108.4
2043-09-25,91108.4
2043-09-28,91108.4
2043-09-29,91108.4
2043-09-30,91108.4
2043-10-01,91108.4
2043-10-02,91108.4
2043-10-05,91108.4
2043-10-06,91108.4
2043-10-07,91108.4
2043-10-08,91108.4
2043-10-09,91108.4
2043-10-12,91108.4
2043-10-13,91108.4
2043-10-14,91108.4
2043-10-15,91108.4
2043-10-16,91108.4
2043-10-19,91108.4
2043-10-20,91108.4
2043-10-21,91108.4
2043-10-22,91108.4
2043-10-23,91108.4
2043-10-26,91108.4
2043-10-27,91108.4
2043-10-28,91108.4
2043-10-29,91108.4
2043-10-30,91108.4
2043-11-02,91108.4
2043-11-03,91108.4
2043-11-04,91108.4
2043-11-05,91108.4
2043-11-06,91108.4
2043-11-09,91108.4
2043-11-10,91108.4
2043-11-11,91108.4
2043-11-12,91108.4
2043-11-13,91108.4
2043-11-16,91108.4
2043-11-17,91108.4
2043-11-18,91957.2
2043-11-19,90742.9
2043-11-20,91886.5
2043-11-23,91674.3
2043-11-24,92511.4
2043-11-25,91862.9
2043-11-26,91320.6
2043-11-27,91580
2043-11-30,92428.8
2043-12-01,91627.1
2043-12-02,90601.4
2043-12-03,90106.2
2043-12-04,89575.7
2043-12-07,89622.8
2043-12-08,89186.6
2043-12-09,89328.1
2043-12-10,89976.5
2043-12-11,90436.3
2043-12-14,89422.4
2043-12-15,89870.4
2043-12-16,90094.4
2043-12-17,90118
2043-12-18,89504.9
2043-12-21,89339.9
2043-12-22,88373.1
2043-12-23,89422.4
2043-12-24,90707.5
2043-12-25,90106.2
2043-12-28,90943.3
2043-12-29,90896.1
2043-12-30,90483.5
2043-12-31,90518.9
2044-01-01,91650.7
2044-01-04,91992.6
2044-01-05,92782.5
2044-01-06,93360.2
2044-01-07,94680.7
2044-01-08,94680.7
2044-01-11,94680.7
2044-01-12,94680.7
2044-01-13,94680.7
2044-01-14,94680.7
2044-01-15,94680.7
2044-01-18,94680.7
2044-01-19,94680.7
2044-01-20,94680.7
2044-01-21,94680.7
2044-01-22,94680.7
2044-01-25,94680.7
2044-01-26,94680.7
2044-01-27,94680.7
2044-01-28,94680.7
2044-01-29,94680.7
2044-02-01,94680.7
2044-02-02,94680.7
2044-02-03,94680.7
2044-02-04,94680.7
2044-02-05,94680.7
2044-02-08,93872.9
2044-02-09,94741.9
2044-02-10,92820.2
2044-02-11,93628.1
2044-02-12,92808
2044-02-15,92636.6
2044-02-16,91596.2
2044-02-17,91694.2
2044-02-18,92820.2
2044-02-19,93444.5
2044-02-22,93187.4
2044-02-23,91547.3
2044-02-24,92673.4
2044-02-25,93150.7
2044-02-26,92342.9
2044-02-29,93566.9
2044-03-01,94448.2
2044-03-02,95256
2044-03-03,95427.4
2044-03-04,95855.8
2044-03-07,95770.1
2044-03-08,95770.1
2044-03-09,95770.1
2044-03-10,95770.1
2044-03-11,95770.1
2044-03-14,95770.1
2044-03-15,95770.1
2044-03-16,95770.1
2044-03-17,95770.1
2044-03-18,95770.1
2044-03-21,95770.1
2044-03-22,95770.1
2044-03-23,95770.1
2044-03-24,95770.1
2044-03-25,95770.1
2044-03-28,95770.1
2044-03-29,95770.1
2044-03-30,95770.1
2044-03-31,95770.1
2044-04-01,95770.1
2044-04-04,95770.1
2044-04-05,95770.1
2044-04-06,95770.1
2044-04-07,95770.1
2044-04-08,95770.1
2044-04-11,95770.1
2044-04-12,95770.1
2044-04-13,95770.1
2044-04-14,95770.1
2044-04-15,95770.1
2044-04-18,95770.1
2044-04-19,95770.1
2044-04-20,95770.1
2044-04-21,95770.1
2044-04-22,95770.1
2044-04-25,95770.1
2044-04-26,95770.1
2044-04-27,95770.1
2044-04-28,95770.1
2044-04-29,95770.1
2044-05-02,95770.1
2044-05-03,95770.1
2044-05-04,95770.1
2044-05-05,95770.1
2044-05-06,95770.1
2044-05-09,95770.1
2044-05-10,95770.1
2044-05-11,95770.1
2044-05-12,95770.1
2044-05-13,95770.1
2044-05-16,95770.1
2044-05-17,95770.1
2044-05-18,95770.1
2044-05-19,95770.1
2044-05-20,95770.1
2044-05-23,95770.1
2044-05-24,95770.1
2044-05-25,95770.1
2044-05-26,95770.1
2044-05-27,95770.1
2044-05-30,95770.1
2044-05-31,95770.1
2044-06-01,95770.1
2044-06-02,95770.1
2044-06-03,95770.1
2044-06-06,95770.1
2044-06-07,95770.1
2044-06-08,95770.1
2044-06-09,95770.1
2044-06-10,95770.1
2044-06-13,95770.1
2044-06-14,95770.1
2044-06-15,95770.1
2044-06-16,95770.1
2044-06-17,95770.1
2044-06-20,95770.1
2044-06-21,95770.1
2044-06-22,95770.1
2044-06-23,95770.1
2044-06-24,95770.1
2044-06-27,95770.1
2044-06-28,95770.1
2044-06-29,95770.1
2044-06-30,95770.1
2044-07-01,95770.1
2044-07-04,95770.1
2044-07-05,95770.1
2044-07-06,95770.1
2044-07-07,95770.1
2044-07-08,95770.1
2044-07-11,95770.1
2044-07-12,95770.1
2044-07-13,95127.7
2044-07-14,96485.2
2044-07-15,96436.7
2044-07-18,95467.1
2044-07-19,96436.7
2044-07-20,96982.1
2044-07-21,98412.2
2044-07-22,97721.4
2044-07-25,98594
2044-07-26,97479
2044-07-27,98654.6
2044-07-28,98460.7
2044-07-29,98727.4
2044-08-01,98933.4
2044-08-02,100254
2044-08-03,100254
2044-08-04,100254
2044-08-05,100254
2044-08-08,100254
2044-08-09,100254
2044-08-10,100254
2044-08-11,100254
2044-08-12,100254
2044-08-15,100254
2044-08-16,100254
2044-08-17,100254
2044-08-18,100254
2044-08-19,100254
2044-08-22,100254
2044-08-23,100254
2044-08-24,100254
2044-08-25,100478
2044-08-26,100379
2044-08-29,100031
2044-08-30,98925.5
2044-08-31,98205.2
2044-09-01,97894.7
2044-09-02,98615
2044-09-05,98950.4
2044-09-06,100528
2044-09-07,99434.8
2044-09-08,99397.5
2044-09-09,98018.9
2044-09-12,97931.9
2044-09-13,97733.2
2044-09-14,97869.8
2044-09-15,96876.2
2044-09-16,97733.2
2044-09-19,97199.2
2044-09-20,98515.7
2044-09-21,98403.9
2044-09-22,98317
2044-09-23,97559.3
2044-09-26,96454
2044-09-27,96627.8
2044-09-28,96565.7
2044-09-29,97994
2044-09-30,96702.4
2044-10-03,96851.4
2044-10-04,96652.7
2044-10-05,97373
2044-10-06,97857.4
2044-10-07,96913.5
2044-10-10,96876.2
2044-10-11,97137.1
2044-10-12,97845
2044-10-13,97435.1
2044-10-14,95919.9
2044-10-17,96491.2
2044-10-18,95746
2044-10-19,94715.2
2044-10-20,94466.8
2044-10-21,93783.7
2044-10-24,93063.3
2044-10-25,94181.1
2044-10-26,95125
2044-10-27,96255.2
2044-10-28,96776.9
2044-10-31,97062.5
2044-11-01,98267.3
2044-11-02,99211.2
2044-11-03,100453
2044-11-04,100702
2044-11-07,101857
2044-11-08,101857
2044-11-09,101857
2044-11-10,101857
2044-11-11,101857
2044-11-14,101857
2044-11-15,101857
2044-11-16,101857
2044-11-17,101857
2044-11-18,101857
2044-11-21,101857
2044-11-22,101857
2044-11-23,102106
2044-11-24,102224
2044-11-25,102892
2044-11-28,103561
2044-11-29,104505
2044-11-30,104479
2044-12-01,105056
2044-12-02,103155
2044-12-05,102538
2044-12-06,101136
2044-12-07,100205
2044-12-08,99378.9
2044-12-09,98933.1
2044-12-12,97989.2
2044-12-13,97032.2
2044-12-14,96455.3
2044-12-15,94869
2044-12-16,93767.8
2044-12-19,93177.8
2044-12-20,92719
2044-12-21,92469.9
2044-12-22,93872.7
2044-12-23,94593.7
2044-12-26,94541.3
2044-12-27,93217.2
2044-12-28,92325.7
2044-12-29,93413.8
2044-12-30,93741.6
2045-01-02,94764.2
2045-01-03,95209.9
2045-01-04,93859.6
2045-01-05,93951.3
2045-01-06,94344.6
2045-01-09,95000.1
2045-01-10,95288.6
2045-01-11,94947.7
2045-01-12,95786.7
2045-01-13,95039.5
2045-01-16,94370.9
2045-01-17,93794
2045-01-18,93230.3
2045-01-19,93348.3
2045-01-20,95183.7
2045-01-23,95498.3
2045-01-24,95721.2
2045-01-25,95786.7
2045-01-26,95537.6
2045-01-27,95039.5
2045-01-30,94921.5
2045-01-31,95799.8
2045-02-01,95144.3
2045-02-02,94908.4
2045-02-03,94331.5
2045-02-06,94541.3
2045-02-07,95354.1
2045-02-08,94777.3
2045-02-09,96363.6
2045-02-10,96114.5
2045-02-13,95472.1
2045-02-14,96416
2045-02-15,96874.9
2045-02-16,96966.6
2045-02-17,96468.5
2045-02-20,96324.2
2045-02-21,96612.7
2045-02-22,98212.1
2045-02-23,98159.6
2045-02-24,98159.6
2045-02-27,98159.6
2045-02-28,98159.6
2045-03-01,98159.6
2045-03-02,98159.6
2045-03-03,98159.6
2045-03-06,98159.6
2045-03-07,98159.6
2045-03-08,98159.6
2045-03-09,98159.6
2045-03-10,98159.6
2045-03-13,98159.6
2045-03-14,98159.6
2045-03-15,98159.6
2045-03-16,98159.6
2045-03-17,98159.6
2045-03-20,98159.6
2045-03-21,98159.6
2045-03-22,98159.6
2045-03-23,98159.6
2045-03-24,98159.6
2045-03-27,98159.6
2045-03-28,98159.6
2045-03-29,98159.6
2045-03-30,98159.6
2045-03-31,98159.6
2045-04-03,98159.6
2045-04-04,98159.6
2045-04-05,98159.6
2045-04-06,98121.2
2045-04-07,96941.7
2045-04-10,96544.3
2045-04-11,94993.1
2045-04-12,94749.5
2045-04-13,94095.7
2045-04-14,93518.8
2045-04-17,93518.8
2045-04-18,94159.8
2045-04-19,95698.2
2045-04-20,95172.6
2045-04-21,94570
2045-04-24,95095.7
2045-04-25,95275.1
2045-04-26,94211.1
2045-04-27,93365
2045-04-28,94108.5
2045-05-01,93877.8
2045-05-02,94223.9
2045-05-03,93659.8
2045-05-04,94467.5
2045-05-05,94954.6
2045-05-08,94595.7
2045-05-09,93198.3
2045-05-10,92121.4
2045-05-11,91890.7
2045-05-12,92595.8
2045-05-15,92480.4
2045-05-16,90749.7
2045-05-17,91467.6
2045-05-18,90980.4
2045-05-19,91954.8
2045-05-22,90929.2
2045-05-23,89736.9
2045-05-24,89621.5
2045-05-25,88826.7
2045-05-26,88493.4
2045-05-29,88865.1
2045-05-30,88942.1
2045-05-31,88749.8
2045-06-01,88185.7
2045-06-02,88647.2
2045-06-05,88813.9
2045-06-06,89301
2045-06-07,89275.4
2045-06-08,88429.3
2045-06-09,88185.7
2045-06-12,88711.3
2045-06-13,87762.6
2045-06-14,87275.5
2045-06-15,86852.4
2045-06-16,87852.4
2045-06-19,86557.5
2045-06-20,86121.7
2045-06-21,85647.3
2045-06-22,85249.9
2045-06-23,84467.9
2045-06-26,85442.2
2045-06-27,85967.8
2045-06-28,85980.6
2045-06-29,85942.2
2045-06-30,86019.1
2045-07-03,86070.4
2045-07-04,85980.6
2045-07-05,85096.1
2045-07-06,86275.5
2045-07-07,87352.4
2045-07-10,87198.5
2045-07-11,88493.4
2045-07-12,89301
2045-07-13,89301
2045-07-14,89301
2045-07-17,89301
2045-07-18,89301
2045-07-19,89301
2045-07-20,89301
2045-07-21,89301
2045-07-24,89301
2045-07-25,89301
2045-07-26,89301
2045-07-27,89301
2045-07-28,89301
2045-07-31,89301
2045-08-01,89301
2045-08-02,89301
2045-08-03,89301
2045-08-04,89301
2045-08-07,89301
2045-08-08,89301
2045-08-09,89301
2045-08-10,89301
2045-08-11,89301
2045-08-14,89301
2045-08-15,89301
2045-08-16,89100.5
2045-08-17,88993.5
2045-08-18,89033.6
2045-08-21,89274.3
2045-08-22,89220.8
2045-08-23,88873.2
2045-08-24,88619.2
2045-08-25,89140.6
2045-08-28,88726.1
2045-08-29,89234.2
2045-08-30,88726.1
2045-08-31,90116.6
2045-09-01,89501.6
2045-09-04,90878.7
2045-09-05,90704.9
2045-09-06,93084.7
2045-09-07,93084.7
2045-09-08,93084.7
2045-09-11,93084.7
2045-09-12,93084.7
2045-09-13,93084.7
2045-09-14,93084.7
2045-09-15,93084.7
2045-09-18,93084.7
2045-09-19,93084.7
2045-09-20,93084.7
2045-09-21,93084.7
2045-09-22,93084.7
2045-09-25,93084.7
2045-09-26,93084.7
2045-09-27,93084.7
2045-09-28,93084.7
2045-09-29,93084.7
2045-10-02,93084.7
2045-10-03,93084.7
2045-10-04,93084.7
2045-10-05,93084.7
2045-10-06,93084.7
2045-10-09,93084.7
2045-10-10,93084.7
2045-10-11,93084.7
2045-10-12,93084.7
2045-10-13,93084.7
2045-10-16,92442.2
2045-10-17,94028
2045-10-18,93399.1
2045-10-19,92688.3
2045-10-20,92934.4
2045-10-23,93317.1
2045-10-24,93071.1
2045-10-25,92989
2045-10-26,92729.3
2045-10-27,91745.1
2045-10-30,91553.7
2045-10-31,91909.1
2045-11-01,93057.4
2045-11-02,92702
2045-11-03,91608.4
2045-11-06,92729.3
2045-11-07,93317.1
2045-11-08,94424.4
2045-11-09,94670.5
2045-11-10,93672.5
2045-11-13,94602.1
2045-11-14,94779.8
2045-11-15,94615.8
2045-11-16,94178.3
2045-11-17,93604.2
2045-11-20,93768.2
2045-11-21,92920.7
2045-11-22,92278.2
2045-11-23,92168.8
2045-11-24,91512.7
2045-11-27,90678.8
2045-11-28,91512.7
2045-11-29,91458
2045-11-30,90747.2
2045-12-01,89790.3
2045-12-04,90282.4
2045-12-05,91239.3
2045-12-06,90460.1
2045-12-07,90637.8
2045-12-08,91512.7
2045-12-11,90022.7
2045-12-12,89243.5
2045-12-13,87958.5
2045-12-14,89202.5
2045-12-15,89940.6
2045-12-18,89817.6
2045-12-19,90227.7
2045-12-20,90788.2
2045-12-21,91211.9
2045-12-22,90952.2
2045-12-25,90432.8
2045-12-26,90706.2
2045-12-27,91704.1
2045-12-28,92469.6
2045-12-29,93057.4
2046-01-01,92524.3
2046-01-02,93440.2
2046-01-03,93440.2
2046-01-04,93440.2
2046-01-05,93440.2
2046-01-08,93440.2
2046-01-09,93440.2
2046-01-10,93440.2
2046-01-11,93440.2
2046-01-12,93440.2
2046-01-15,93440.2
2046-01-16,93440.2
2046-01-17,93440.2
2046-01-18,93440.2
2046-01-19,93440.2
2046-01-22,93440.2
2046-01-23,93440.2
2046-01-24,93440.2
2046-01-25,93440.2
2046-01-26,94285
2046-01-29,92853
2046-01-30,93411.5
2046-01-31,93783.8
2046-02-01,92924.6
2046-02-02,93869.8
2046-02-05,94900.8
2046-02-06,94872.2
2046-02-07,96032.1
2046-02-08,97220.6
2046-02-09,98094.2
2046-02-12,98437.8
2046-02-13,96676.5
2046-02-14,95702.7
2046-02-15,97292.2
2046-02-16,97349.5
2046-02-19,97363.8
2046-02-20,96246.9
2046-02-21,96519
2046-02-22,97020.2
2046-02-23,96390.1
2046-02-26,95817.3
2046-02-27,95115.6
2046-02-28,94542.8
2046-03-01,94170.5
2046-03-02,94800.6
2046-03-05,94958.1
2046-03-06,95230.2
2046-03-07,96461.7
2046-03-08,96733.8
2046-03-09,96361.4
2046-03-12,97836.4
2046-03-13,98437.8
2046-03-14,99039.3
2046-03-15,99769.6
2046-03-16,99769.6
2046-03-19,99769.6
2046-03-20,99769.6
2046-03-21,99769.6
2046-03-22,99769.6
2046-03-23,99769.6
2046-03-26,99769.6
2046-03-27,99769.6
2046-03-28,99769.6
2046-03-29,99769.6
2046-03-30,99769.6
2046-04-02,99769.6
2046-04-03,99769.6
2046-04-04,99769.6
2046-04-05,99769.6
2046-04-06,99769.6
2046-04-09,99769.6
2046-04-10,99769.6
2046-04-11,99769.6
2046-04-12,99769.6
2046-04-13,99769.6
2046-04-16,99769.6
2046-04-17,99769.6
2046-04-18,99769.6
2046-04-19,99769.6
2046-04-20,99769.6
2046-04-23,99769.6
2046-04-24,99769.6
2046-04-25,99769.6
2046-04-26,99769.6
2046-04-27,99769.6
2046-04-30,99769.6
2046-05-01,99769.6
2046-05-02,99769.6
2046-05-03,99769.6
2046-05-04,99769.6
2046-05-07,99769.6
2046-05-08,99769.6
2046-05-09,99769.6
2046-05-10,99769.6
2046-05-11,99769.6
2046-05-14,99769.6
2046-05-15,99769.6
2046-05-16,99769.6
2046-05-17,99769.6
2046-05-18,99769.6
2046-05-21,99769.6
2046-05-22,99769.6
2046-05-23,99769.6
2046-05-24,99769.6
2046-05-25,99769.6
2046-05-28,99769.6
2046-05-29,99769.6
2046-05-30,99769.6
2046-05-31,99769.6
2046-06-01,99769.6
2046-06-04,99769.6
2046-06-05,99769.6
2046-06-06,99769.6
2046-06-07,99769.6
2046-06-08,99769.6
2046-06-11,99769.6
2046-06-12,99769.6
2046-06-13,99769.6
2046-06-14,99769.6
2046-06-15,99769.6
2046-06-18,99769.6
2046-06-19,99769.6
2046-06-20,99769.6
2046-06-21,99769.6
2046-06-22,99769.6
2046-06-25,99769.6
2046-06-26,99769.6
2046-06-27,99769.6
2046-06-28,99769.6
2046-06-29,99769.6
2046-07-02,99769.6
2046-07-03,99769.6
2046-07-04,99769.6
2046-07-05,99769.6
2046-07-06,99769.6
2046-07-09,99769.6
2046-07-10,99769.6
2046-07-11,99769.6
2046-07-12,99769.6
2046-07-13,99769.6
2046-07-16,99769.6
2046-07-17,99769.6
2046-07-18,100173
2046-07-19,99795.6
2046-07-20,99509.6
2046-07-23,100121
2046-07-24,100043
2046-07-25,100524
2046-07-26,99782.6
2046-07-27,100017
2046-07-30,99899.6
2046-07-31,99821.6
2046-08-01,99756.6
2046-08-02,99938.6
2046-08-03,101096
2046-08-06,100784
2046-08-07,99886.6
2046-08-08,99184.6
2046-08-09,99470.6
2046-08-10,100550
2046-08-13,101252
2046-08-14,100862
2046-08-15,99717.6
2046-08-16,100251
2046-08-17,99288.6
2046-08-20,99782.6
2046-08-21,100498
2046-08-22,99366.6
2046-08-23,98170.6
2046-08-24,97182.6
2046-08-27,97949.6
2046-08-28,97585.6
2046-08-29,96831.6
2046-08-30,97143.6
2046-08-31,96701.6
2046-09-03,97871.6
2046-09-04,98144.6
2046-09-05,97728.6
2046-09-06,98469.6
2046-09-07,98482.6
2046-09-10,99210.6
2046-09-11,97624.6
2046-09-12,97715.6
2046-09-13,97507.6
2046-09-14,97234.6
2046-09-17,95869.6
2046-09-18,96753.6
2046-09-19,96818.6
2046-09-20,95726.6
2046-09-21,95219.6
2046-09-24,94218.6
2046-09-25,94868.6
2046-09-26,95440.6
2046-09-27,94452.6
2046-09-28,94647.6
2046-10-01,94842.6
2046-10-02,94868.6
2046-10-03,94725.6
2046-10-04,95414.6
2046-10-05,95557.6
2046-10-08,95050.6
2046-10-09,94556.6
2046-10-10,93815.6
2046-10-11,94712.6
2046-10-12,94400.6
2046-10-15,94660.6
2046-10-16,96675.6
2046-10-17,96155.6
2046-10-18,95349.6
2046-10-19,95414.6
2046-10-22,96831.6
2046-10-23,96324.6
2046-10-24,95219.6
2046-10-25,94140.6
2046-10-26,93230.6
2046-10-29,92216.6
2046-10-30,92021.6
2046-10-31,90825.6
2046-11-01,91007.6
2046-11-02,91670.6
2046-11-05,91631.6
2046-11-06,92034.6
2046-11-07,92528.6
2046-11-08,93191.6
2046-11-09,94322.6
2046-11-12,94439.6
2046-11-13,94868.6
2046-11-14,95063.6
2046-11-15,94101.6
2046-11-16,93750.6
2046-11-19,93464.6
2046-11-20,95024.6
2046-11-21,95024.6
2046-11-22,95024.6
2046-11-23,95024.6
2046-11-26,95024.6
2046-11-27,95024.6
2046-11-28,95024.6
2046-11-29,95024.6
2046-11-30,95024.6
2046-12-03,95024.6
2046-12-04,95024.6
2046-12-05,95024.6
2046-12-06,95024.6
2046-12-07,95024.6
2046-12-10,95024.6
2046-12-11,95024.6
2046-12-12,95024.6
2046-12-13,95024.6
2046-12-14,95024.6
2046-12-17,95024.6
2046-12-18,95024.6
2046-12-19,95024.6
2046-12-20,95024.6
2046-12-21,95024.6
2046-12-24,95728.4
2046-12-25,94693.4
2046-12-26,95286.8
2046-12-27,94238
2046-12-28,93934.4
2046-12-31,93768.8
2047-01-01,93465.2
2047-01-02,93258.2
2047-01-03,94196.6
2047-01-04,95162.6
2047-01-07,95024.6
2047-01-08,94583
2047-01-09,96073.4
2047-01-10,96597.8
2047-01-11,97108.4
2047-01-14,97922.6
2047-01-15,97922.6
2047-01-16,97922.6
2047-01-17,97922.6
2047-01-18,97922.6
2047-01-21,97922.6
2047-01-22,97922.6
2047-01-23,97922.6
2047-01-24,97922.6
2047-01-25,97922.6
2047-01-28,97922.6
2047-01-29,97922.6
2047-01-30,97922.6
2047-01-31,97922.6
2047-02-01,97922.6
2047-02-04,97922.6
2047-02-05,97922.6
2047-02-06,97922.6
2047-02-07,97922.6
2047-02-08,97922.6
2047-02-11,97922.6
2047-02-12,97922.6
2047-02-13,97922.6
2047-02-14,97922.6
2047-02-15,97922.6
2047-02-18,97922.6
2047-02-19,97922.6
2047-02-20,97922.6
2047-02-21,97922.6
2047-02-22,97922.6
2047-02-25,97922.6
2047-02-26,97922.6
2047-02-27,97922.6
2047-02-28,97447.4
2047-03-01,97562.6
2047-03-04,97836.2
2047-03-05,96943.4
2047-03-06,96540.2
2047-03-07,97721
2047-03-08,97951.4
2047-03-11,97937
2047-03-12,97605.8
2047-03-13,97620.2
2047-03-14,98239.4
2047-03-15,97893.8
2047-03-18,98282.6
2047-03-19,97260.2
2047-03-20,97231.4
2047-03-21,97620.2
2047-03-22,97908.2
2047-03-25,97749.8
2047-03-26,97778.6
2047-03-27,96252.2
2047-03-28,95431.4
2047-03-29,95762.6
2047-04-01,96669.8
2047-04-02,96756.2
2047-04-03,96482.6
2047-04-04,96338.6
2047-04-05,96597.8
2047-04-08,97029.8
2047-04-09,96799.4
2047-04-10,96194.6
2047-04-11,97044.2
2047-04-12,97591.4
2047-04-15,97706.6
2047-04-16,98225
2047-04-17,97461.8
2047-04-18,98023.4
2047-04-19,98124.2
2047-04-22,97591.4
2047-04-23,96612.2
2047-04-24,95575.4
2047-04-25,96137
2047-04-26,95503.4
2047-04-29,95287.4
2047-04-30,95287.4
2047-05-01,96151.4
2047-05-02,95733.8
2047-05-03,97418.6
2047-05-06,95647.4
2047-05-07,95402.6
2047-05-08,96381.8
2047-05-09,96036.2
2047-05-10,95445.8
2047-05-13,95561
2047-05-14,96093.8
2047-05-15,93991.4
2047-05-16,93689
2047-05-17,93026.6
2047-05-20,91658.6
2047-05-21,91557.8
2047-05-22,91327.4
2047-05-23,91241
2047-05-24,91399.4
2047-05-27,91514.6
2047-05-28,91428.2
2047-05-29,91442.6
2047-05-30,91644.2
2047-05-31,92162.6
2047-06-03,92565.8
2047-06-04,92205.8
2047-06-05,91140.2
2047-06-06,92666.6
2047-06-07,91773.8
2047-06-10,91485.8
2047-06-11,91730.6
2047-06-12,90636.2
2047-06-13,90650.6
2047-06-14,90549.8
2047-06-17,91313
2047-06-18,91298.6
2047-06-19,90866.6
2047-06-20,90996.2
2047-06-21,90362.6
2047-06-24,89685.8
2047-06-25,89253.8
2047-06-26,89412.2
2047-06-27,90218.6
2047-06-28,89700.2
2047-07-01,90218.6
2047-07-02,89210.6
2047-07-03,88893.8
2047-07-04,88908.2
2047-07-05,89829.8
2047-07-08,88922.6
2047-07-09,89642.6
2047-07-10,88951.4
2047-07-11,88130.6
2047-07-12,89009
2047-07-15,88490.6
2047-07-16,88980.2
2047-07-17,89383.4
2047-07-18,90535.4
2047-07-19,90665
2047-07-22,91413.8
2047-07-23,91572.2
2047-07-24,91845.8
2047-07-25,92292.2
2047-07-26,92565.8
2047-07-29,92565.8
2047-07-30,92565.8
2047-07-31,92565.8
2047-08-01,92565.8
2047-08-02,92565.8
2047-08-05,92565.8
2047-08-06,92565.8
2047-08-07,92565.8
2047-08-08,92565.8
2047-08-09,92565.8
2047-08-12,92565.8
2047-08-13,92565.8
2047-08-14,92565.8
2047-08-15,92565.8
2047-08-16,92565.8
2047-08-19,92565.8
2047-08-20,92565.8
2047-08-21,92565.8
2047-08-22,92565.8
2047-08-23,92565.8
2047-08-26,92565.8
2047-08-27,92565.8
2047-08-28,92565.8
2047-08-29,92565.8
2047-08-30,92565.8
2047-09-02,92565.8
2047-09-03,91869.7
2047-09-04,93543.3
2047-09-05,93854.3
2047-09-06,94742.9
2047-09-09,94965
2047-09-10,94224.5
2047-09-11,93528.4
2047-09-12,94580
2047-09-13,95350.1
2047-09-16,95098.3
2047-09-17,95631.5
2047-09-18,94076.4
2047-09-19,95157.5
2047-09-20,95113.1
2047-09-23,94624.4
2047-09-24,94431.9
2047-09-25,93587.7
2047-09-26,92921.2
2047-09-27,93854.3
2047-09-30,93335.9
2047-10-01,93691.4
2047-10-02,94935.4
2047-10-03,94283.8
2047-10-04,94091.2
2047-10-07,93365.5
2047-10-08,94239.3
2047-10-09,93335.9
2047-10-10,93350.7
2047-10-11,93498.8
2047-10-14,93661.7
2047-10-15,94831.7
2047-10-16,96031.3
2047-10-17,96771.8
2047-10-18,96712.6
2047-10-21,96712.6
2047-10-22,96712.6
2047-10-23,96712.6
2047-10-24,96712.6
2047-10-25,96712.6
2047-10-28,96712.6
2047-10-29,96712.6
2047-10-30,96712.6
2047-10-31,96712.6
2047-11-01,96712.6
2047-11-04,96712.6
2047-11-05,96712.6
2047-11-06,97065.9
2047-11-07,97511.3
2047-11-08,97188.8
2047-11-11,96820.1
2047-11-12,97741.7
2047-11-13,96451.5
2047-11-14,96359.3
2047-11-15,97127.3
2047-11-18,97388.4
2047-11-19,96390
2047-11-20,96175
2047-11-21,96651.2
2047-11-22,96159.6
2047-11-25,96620.4
2047-11-26,95898.5
2047-11-27,96159.6
2047-11-28,97327
2047-11-29,96420.8
2047-12-02,95867.8
2047-12-03,95606.7
2047-12-04,96835.5
2047-12-05,95652.8
2047-12-06,95591.3
2047-12-09,95591.3
2047-12-10,96912.3
2047-12-11,96251.8
2047-12-12,96589.7
2047-12-13,95821.7
2047-12-16,97234.8
2047-12-17,97572.8
2047-12-18,99369.9
2047-12-19,99262.4
2047-12-20,99723.2
2047-12-23,98863
2047-12-24,97419.2
2047-12-25,96774
2047-12-26,94792.6
2047-12-27,93917.1
2047-12-30,95038.4
2047-12-31,94577.6
2048-01-01,94285.7
2048-01-02,95053.7
2048-01-03,95637.4
2048-01-06,94869.4
2048-01-07,95161.2
2048-01-08,94270.4
2048-01-09,95622
2048-01-10,95330.2
2048-01-13,96651.2
2048-01-14,96205.7
2048-01-15,97695.6
2048-01-16,96820.1
2048-01-17,96881.6
2048-01-20,96835.5
2048-01-21,97004.4
2048-01-22,97050.5
2048-01-23,96635.8
2048-01-24,97956.8
2048-01-27,97434.5
2048-01-28,97419.2
2048-01-29,96328.6
2048-01-30,96390
2048-01-31,96743.3
2048-02-03,95852.4
2048-02-04,95391.6
2048-02-05,96067.5
2048-02-06,97250.2
2048-02-07,97618.8
2048-02-10,97219.5
2048-02-11,97526.7
2048-02-12,97757.1
2048-02-13,98432.9
2048-02-14,97342.4
2048-02-17,97327
2048-02-18,96927.6
2048-02-19,96297.9
2048-02-20,95591.3
2048-02-21,95652.8
2048-02-24,95714.2
2048-02-25,95360.9
2048-02-26,96359.3
2048-02-27,95606.7
2048-02-28,94761.9
2048-03-02,95176.6
2048-03-03,95192
2048-03-04,95176.6
2048-03-05,94685.1
2048-03-06,94685.1
2048-03-09,94946.2
2048-03-10,95683.5
2048-03-11,94777.2
2048-03-12,94577.6
2048-03-13,94546.8
2048-03-16,94255
2048-03-17,93702
2048-03-18,93794.2
2048-03-19,93748.1
2048-03-20,94838.7
2048-03-23,94823.3
2048-03-24,93364.1
2048-03-25,93287.3
2048-03-26,93379.5
2048-03-27,94669.7
2048-03-30,94792.6
2048-03-31,94178.2
2048-04-01,94424
2048-04-02,93748.1
2048-04-03,93978.5
2048-04-06,94731.2
2048-04-07,95069.1
2048-04-08,96620.4
2048-04-09,96113.6
2048-04-10,96006
2048-04-13,95913.9
2048-04-14,95437.7
2048-04-15,95437.7
2048-04-16,95437.7
2048-04-17,95437.7
2048-04-20,95437.7
2048-04-21,95437.7
2048-04-22,95437.7
2048-04-23,95437.7
2048-04-24,95437.7
2048-04-27,95437.7
2048-04-28,95437.7
2048-04-29,95437.7
2048-04-30,95437.7
