date, equity 
2010-01-01,100000
2010-01-04,100000
2010-01-05,100000
2010-01-06,100000
2010-01-07,100000
2010-01-08,100000
2010-01-11,100000
2010-01-12,100000
2010-01-13,100000
2010-01-14,100000
2010-01-15,100000
2010-01-18,100000
2010-01-19,100000
2010-01-20,100000
2010-01-21,100000
2010-01-22,100000
2010-01-25,100000
2010-01-26,100000
2010-01-27,100000
2010-01-28,100000
2010-01-29,100000
2010-02-01,100000
2010-02-02,100000
2010-02-03,100000
2010-02-04,100000
2010-02-05,100000
2010-02-08,100000
2010-02-09,100000
2010-02-10,100000
2010-02-11,100000
2010-02-12,100000
2010-02-15,100000
2010-02-16,100000
2010-02-17,100000
2010-02-18,100000
2010-02-19,100000
2010-02-22,100000
2010-02-23,100000
2010-02-24,100000
2010-02-25,100000
2010-02-26,100000
2010-03-01,100000
2010-03-02,100000
2010-03-03,100000
2010-03-04,100000
2010-03-05,100000
2010-03-08,100000
2010-03-09,100000
2010-03-10,100000
2010-03-11,100000
2010-03-12,100000
2010-03-15,100000
2010-03-16,100000
2010-03-17,100000
2010-03-18,100000
2010-03-19,100000
2010-03-22,100000
2010-03-23,100000
2010-03-24,100000
2010-03-25,100000
2010-03-26,100000
2010-03-29,100000
2010-03-30,100000
2010-03-31,100000
2010-04-01,100000
2010-04-02,100000
2010-04-05,100000
2010-04-06,100000
2010-04-07,100000
2010-04-08,100000
2010-04-09,100000
2010-04-12,100000
2010-04-13,100000
2010-04-14,100000
2010-04-15,100000
2010-04-16,100000
2010-04-19,100000
2010-04-20,100000
2010-04-21,100000
2010-04-22,100000
2010-04-23,100000
2010-04-26,100000
2010-04-27,100000
2010-04-28,100000
2010-04-29,100000
2010-04-30,100000
2010-05-03,100000
2010-05-04,100000
2010-05-05,100000
2010-05-06,100000
2010-05-07,100000
2010-05-10,100083
2010-05-11,99408.9
2010-05-12,99014.8
2010-05-13,99512.6
2010-05-14,101099
2010-05-17,100695
2010-05-18,101421
2010-05-19,102955
2010-05-20,104656
2010-05-21,103007
2010-05-24,103235
2010-05-25,103381
2010-05-26,102707
2010-05-27,101960
2010-05-28,102022
2010-05-31,101856
2010-06-01,102551
2010-06-02,101950
2010-06-03,102012
2010-06-04,102541
2010-06-07,102603
2010-06-08,101763
2010-06-09,100394
2010-06-10,101721
2010-06-11,102084
2010-06-14,103464
2010-06-15,101556
2010-06-16,101649
2010-06-17,102198
2010-06-18,102790
2010-06-21,103080
2010-06-22,103184
2010-06-23,102302
2010-06-24,101141
2010-06-25,100871
2010-06-28,100767
2010-06-29,101203
2010-06-30,100166
2010-07-01,100923
2010-07-02,100083
2010-07-05,100850
2010-07-06,100311
2010-07-07,101556
2010-07-08,101556
2010-07-09,101638
2010-07-12,101638
2010-07-13,101638
2010-07-14,101638
2010-07-15,101638
2010-07-16,101638
2010-07-19,101638
2010-07-20,101638
2010-07-21,101638
2010-07-22,101638
2010-07-23,101638
2010-07-26,101730
2010-07-27,100833
2010-07-28,101526
2010-07-29,100720
2010-07-30,100486
2010-08-02,99894.3
2010-08-03,99506.7
2010-08-04,100139
2010-08-05,99812.7
2010-08-06,99802.5
2010-08-09,99394.5
2010-08-10,98619.3
2010-08-11,99180.3
2010-08-12,99629.1
2010-08-13,98690.7
2010-08-16,98833.5
2010-08-17,99486.3
2010-08-18,100720
2010-08-19,100720
2010-08-20,100720
2010-08-23,100720
2010-08-24,100720
2010-08-25,100720
2010-08-26,100720
2010-08-27,100720
2010-08-30,100720
2010-08-31,100720
2010-09-01,100720
2010-09-02,100720
2010-09-03,100720
2010-09-06,100720
2010-09-07,100720
2010-09-08,100720
2010-09-09,100720
2010-09-10,100720
2010-09-13,100720
2010-09-14,100720
2010-09-15,100720
2010-09-16,100720
2010-09-17,100720
2010-09-20,100720
2010-09-21,100720
2010-09-22,100720
2010-09-23,100720
2010-09-24,100720
2010-09-27,100720
2010-09-28,100720
2010-09-29,100720
2010-09-30,100720
2010-10-01,100720
2010-10-04,100720
2010-10-05,100720
2010-10-06,100347
2010-10-07,101387
2010-10-08,101417
2010-10-11,100569
2010-10-12,99932.7
2010-10-13,100720
2010-10-14,100821
2010-10-15,100852
2010-10-18,100155
2010-10-19,99841.8
2010-10-20,98488.4
2010-10-21,98468.2
2010-10-22,97801.6
2010-10-25,97084.5
2010-10-26,96518.9
2010-10-27,96619.9
2010-10-28,95912.9
2010-10-29,95882.6
2010-11-01,95882.6
2010-11-02,95882.6
2010-11-03,95882.6
2010-11-04,95882.6
2010-11-05,95882.6
2010-11-08,95882.6
2010-11-09,95882.6
2010-11-10,95882.6
2010-11-11,95882.6
2010-11-12,95882.6
2010-11-15,95882.6
2010-11-16,95882.6
2010-11-17,95882.6
2010-11-18,95882.6
2010-11-19,95882.6
2010-11-22,95882.6
2010-11-23,95882.6
2010-11-24,95882.6
2010-11-25,95882.6
2010-11-26,95882.6
2010-11-29,95882.6
2010-11-30,96340.8
2010-12-01,95317.1
2010-12-02,94810.1
2010-12-03,96243.3
2010-12-06,95638.8
2010-12-07,95414.6
2010-12-08,95102.6
2010-12-09,95463.3
2010-12-10,95824.1
2010-12-13,97072.1
2010-12-14,96750.3
2010-12-15,96457.8
2010-12-16,95190.3
2010-12-17,95375.6
2010-12-20,94478.6
2010-12-21,94546.8
2010-12-22,93815.6
2010-12-23,93094.1
2010-12-24,93893.6
2010-12-27,93181.8
2010-12-28,92353.1
2010-12-29,91865.6
2010-12-30,91865.6
2010-12-31,91865.6
2011-01-03,91865.6
2011-01-04,91865.6
2011-01-05,91865.6
2011-01-06,91865.6
2011-01-07,91865.6
2011-01-10,91865.6
2011-01-11,91865.6
2011-01-12,91865.6
2011-01-13,91865.6
2011-01-14,91865.6
2011-01-17,91865.6
2011-01-18,91865.6
2011-01-19,91865.6
2011-01-20,91865.6
2011-01-21,91865.6
2011-01-24,91865.6
2011-01-25,91865.6
2011-01-26,91865.6
2011-01-27,91865.6
2011-01-28,91865.6
2011-01-31,91865.6
2011-02-01,91865.6
2011-02-02,91865.6
2011-02-03,91865.6
2011-02-04,91865.6
2011-02-07,91865.6
2011-02-08,91865.6
2011-02-09,91865.6
2011-02-10,91865.6
2011-02-11,91865.6
2011-02-14,91865.6
2011-02-15,91865.6
2011-02-16,91865.6
2011-02-17,91865.6
2011-02-18,91865.6
2011-02-21,91865.6
2011-02-22,91865.6
2011-02-23,91865.6
2011-02-24,91865.6
2011-02-25,91865.6
2011-02-28,91865.6
2011-03-01,91865.6
2011-03-02,91865.6
2011-03-03,91865.6
2011-03-04,91865.6
2011-03-07,91865.6
2011-03-08,91865.6
2011-03-09,91865.6
2011-03-10,91865.6
2011-03-11,91865.6
2011-03-14,91865.6
2011-03-15,91865.6
2011-03-16,91865.6
2011-03-17,91865.6
2011-03-18,91865.6
2011-03-21,91865.6
2011-03-22,91865.6
2011-03-23,91865.6
2011-03-24,91865.6
2011-03-25,91865.6
2011-03-28,91865.6
2011-03-29,91865.6
2011-03-30,91865.6
2011-03-31,91865.6
2011-04-01,91865.6
2011-04-04,91865.6
2011-04-05,91865.6
2011-04-06,91865.6
2011-04-07,91865.6
2011-04-08,91865.6
2011-04-11,91865.6
2011-04-12,91865.6
2011-04-13,91865.6
2011-04-14,91865.6
2011-04-15,91865.6
2011-04-18,91865.6
2011-04-19,91865.6
2011-04-20,91865.6
2011-04-21,91865.6
2011-04-22,91865.6
2011-04-25,91865.6
2011-04-26,91865.6
2011-04-27,91865.6
2011-04-28,91865.6
2011-04-29,91865.6
2011-05-02,91865.6
2011-05-03,91865.6
2011-05-04,91865.6
2011-05-05,91865.6
2011-05-06,91865.6
2011-05-09,91865.6
2011-05-10,91865.6
2011-05-11,91865.6
2011-05-12,91865.6
2011-05-13,91865.6
2011-05-16,91865.6
2011-05-17,91322.7
2011-05-18,92523.3
2011-05-19,93181
2011-05-20,94047.5
2011-05-23,94266.8
2011-05-24,95342.1
2011-05-25,94444.2
2011-05-26,94945.4
2011-05-27,95394.3
2011-05-30,96855.9
2011-05-31,97471.8
2011-06-01,97837.2
2011-06-02,97179.5
2011-06-03,96709.7
2011-06-06,97962.5
2011-06-07,98672.4
2011-06-08,97712
2011-06-09,97805.9
2011-06-10,99058.7
2011-06-13,98171.3
2011-06-14,97899.9
2011-06-15,97743.3
2011-06-16,98599.4
2011-06-17,98484.5
2011-06-20,99591.2
2011-06-21,101168
2011-06-22,100823
2011-06-23,101909
2011-06-24,101731
2011-06-27,102368
2011-06-28,102525
2011-06-29,102514
2011-06-30,101627
2011-07-01,101794
2011-07-04,101105
2011-07-05,101502
2011-07-06,101710
2011-07-07,101731
2011-07-08,101032
2011-07-11,102347
2011-07-12,102086
2011-07-13,100750
2011-07-14,101001
2011-07-15,99998.3
2011-07-18,100927
2011-07-19,100197
2011-07-20,101512
2011-07-21,100197
2011-07-22,100917
2011-07-25,100134
2011-07-26,99090
2011-07-27,99424.1
2011-07-28,98641.1
2011-07-29,98756
2011-08-01,99747.8
2011-08-02,99476.3
2011-08-03,100322
2011-08-04,99591.2
2011-08-05,98380.1
2011-08-08,98442.8
2011-08-09,97377.9
2011-08-10,97377.9
2011-08-11,97377.9
2011-08-12,97377.9
2011-08-15,97377.9
2011-08-16,97377.9
2011-08-17,97377.9
2011-08-18,97377.9
2011-08-19,97377.9
2011-08-22,97377.9
2011-08-23,97377.9
2011-08-24,97377.9
2011-08-25,97377.9
2011-08-26,97377.9
2011-08-29,97377.9
2011-08-30,97377.9
2011-08-31,97377.9
2011-09-01,97377.9
2011-09-02,97377.9
2011-09-05,97377.9
2011-09-06,97377.9
2011-09-07,97377.9
2011-09-08,97377.9
2011-09-09,97377.9
2011-09-12,97377.9
2011-09-13,97377.9
2011-09-14,97377.9
2011-09-15,97377.9
2011-09-16,97377.9
2011-09-19,97377.9
2011-09-20,97377.9
2011-09-21,97377.9
2011-09-22,97377.9
2011-09-23,97377.9
2011-09-26,97377.9
2011-09-27,97377.9
2011-09-28,97706.5
2011-09-29,97285.4
2011-09-30,96587.1
2011-10-03,98764.3
2011-10-04,98230.3
2011-10-05,97686
2011-10-06,97634.6
2011-10-07,95950.4
2011-10-10,95755.2
2011-10-11,95683.3
2011-10-12,95693.6
2011-10-13,94902.8
2011-10-14,93783.4
2011-10-17,93023.4
2011-10-18,94276.3
2011-10-19,95467.7
2011-10-20,96207.1
2011-10-21,97932.5
2011-10-24,97511.4
2011-10-25,97932.5
2011-10-26,97018.4
2011-10-27,97562.7
2011-10-28,97768.1
2011-10-31,98538.4
2011-11-01,97008.2
2011-11-02,98086.5
2011-11-03,98569.2
2011-11-04,98096.8
2011-11-07,98261.1
2011-11-08,98137.9
2011-11-09,99226.5
2011-11-10,99267.6
2011-11-11,98004.4
2011-11-14,96792.5
2011-11-15,97193
2011-11-16,97911.9
2011-11-17,98713
2011-11-18,98784.9
2011-11-21,99801.6
2011-11-22,99914.6
2011-11-23,99965.9
2011-11-24,99277.8
2011-11-25,101322
2011-11-28,99904.3
2011-11-29,100572
2011-11-30,101393
2011-12-01,100490
2011-12-02,100428
2011-12-05,99811.9
2011-12-06,100859
2011-12-07,99493.5
2011-12-08,99113.5
2011-12-09,98610.3
2011-12-12,98497.3
2011-12-13,96874.6
2011-12-14,96083.9
2011-12-15,96761.7
2011-12-16,95549.8
2011-12-19,95282.8
2011-12-20,94779.6
2011-12-21,94276.3
2011-12-22,93783.4
2011-12-23,93968.2
2011-12-26,93968.2
2011-12-27,93968.2
2011-12-28,93968.2
2011-12-29,93968.2
2011-12-30,93968.2
2012-01-02,93968.2
2012-01-03,93968.2
2012-01-04,93968.2
2012-01-05,93968.2
2012-01-06,93968.2
2012-01-09,93968.2
2012-01-10,93968.2
2012-01-11,93968.2
2012-01-12,93968.2
2012-01-13,93968.2
2012-01-16,93968.2
2012-01-17,93968.2
2012-01-18,93968.2
2012-01-19,93968.2
2012-01-20,93968.2
2012-01-23,93968.2
2012-01-24,93968.2
2012-01-25,93968.2
2012-01-26,93968.2
2012-01-27,93968.2
2012-01-30,93968.2
2012-01-31,93968.2
2012-02-01,93968.2
2012-02-02,93968.2
2012-02-03,93968.2
2012-02-06,93968.2
2012-02-07,93968.2
2012-02-08,93968.2
2012-02-09,93968.2
2012-02-10,93698.6
2012-02-13,93709
2012-02-14,94040.8
2012-02-15,94372.7
2012-02-16,94040.8
2012-02-17,93636.4
2012-02-20,92184.6
2012-02-21,92952
2012-02-22,92931.2
2012-02-23,93615.7
2012-02-24,94186
2012-02-27,92952
2012-02-28,92952
2012-02-29,92952
2012-03-01,92952
2012-03-02,92952
2012-03-05,92952
2012-03-06,92952
2012-03-07,92952
2012-03-08,92952
2012-03-09,92952
2012-03-12,92952
2012-03-13,92952
2012-03-14,92952
2012-03-15,92952
2012-03-16,92952
2012-03-19,92952
2012-03-20,92952
2012-03-21,92952
2012-03-22,92952
2012-03-23,92952
2012-03-26,92952
2012-03-27,92952
2012-03-28,92952
2012-03-29,92952
2012-03-30,92952
2012-04-02,92952
2012-04-03,92952
2012-04-04,92952
2012-04-05,92952
2012-04-06,92952
2012-04-09,92952
2012-04-10,92952
2012-04-11,92952
2012-04-12,92952
2012-04-13,92952
2012-04-16,92952
2012-04-17,92952
2012-04-18,92952
2012-04-19,92952
2012-04-20,92952
2012-04-23,92952
2012-04-24,92952
2012-04-25,92952
2012-04-26,92952
2012-04-27,93013.5
2012-04-30,92510.8
2012-05-01,93280.3
2012-05-02,94552.5
2012-05-03,94634.6
2012-05-04,94101.1
2012-05-07,95209.2
2012-05-08,95188.7
2012-05-09,94419.2
2012-05-10,94819.3
2012-05-11,95229.7
2012-05-14,94788.5
2012-05-15,95065.5
2012-05-16,94860.3
2012-05-17,95773.5
2012-05-18,96696.9
2012-05-21,97179.1
2012-05-22,97189.4
2012-05-23,96943.1
2012-05-24,96009.5
2012-05-25,95127.1
2012-05-28,94060.1
2012-05-29,95219.4
2012-05-30,94449.9
2012-05-31,95311.8
2012-06-01,94962.9
2012-06-04,96532.7
2012-06-05,95517
2012-06-06,95701.7
2012-06-07,96194.1
2012-06-08,95660.6
2012-06-11,96891.8
2012-06-12,97189.4
2012-06-13,97928.1
2012-06-14,97343.3
2012-06-15,97353.5
2012-06-18,96758.4
2012-06-19,96296.7
2012-06-20,95999.2
2012-06-21,94603.8
2012-06-22,94624.4
2012-06-25,94234.5
2012-06-26,94306.3
2012-06-27,94603.8
2012-06-28,94183.2
2012-06-29,94255
2012-07-02,93023.8
2012-07-03,92192.7
2012-07-04,90612.7
2012-07-05,92377.4
2012-07-06,92377.4
2012-07-09,92377.4
2012-07-10,92377.4
2012-07-11,92377.4
2012-07-12,92377.4
2012-07-13,92377.4
2012-07-16,92377.4
2012-07-17,92377.4
2012-07-18,92377.4
2012-07-19,92377.4
2012-07-20,92377.4
2012-07-23,92377.4
2012-07-24,92377.4
2012-07-25,92377.4
2012-07-26,92377.4
2012-07-27,92377.4
2012-07-30,92377.4
2012-07-31,92377.4
2012-08-01,92377.4
2012-08-02,92377.4
2012-08-03,92377.4
2012-08-06,92377.4
2012-08-07,92377.4
2012-08-08,92377.4
2012-08-09,92377.4
2012-08-10,92377.4
2012-08-13,92377.4
2012-08-14,92377.4
2012-08-15,92377.4
2012-08-16,92377.4
2012-08-17,92377.4
2012-08-20,92377.4
2012-08-21,92377.4
2012-08-22,92377.4
2012-08-23,92377.4
2012-08-24,92377.4
2012-08-27,92377.4
2012-08-28,92377.4
2012-08-29,92377.4
2012-08-30,92377.4
2012-08-31,92377.4
2012-09-03,92377.4
2012-09-04,92377.4
2012-09-05,92377.4
2012-09-06,92377.4
2012-09-07,92377.4
2012-09-10,92377.4
2012-09-11,92377.4
2012-09-12,92377.4
2012-09-13,92377.4
2012-09-14,92377.4
2012-09-17,92377.4
2012-09-18,92377.4
2012-09-19,92377.4
2012-09-20,92377.4
2012-09-21,92377.4
2012-09-24,92377.4
2012-09-25,92377.4
2012-09-26,92377.4
2012-09-27,92377.4
2012-09-28,92377.4
2012-10-01,92377.4
2012-10-02,92377.4
2012-10-03,92377.4
2012-10-04,92377.4
2012-10-05,92377.4
2012-10-08,92377.4
2012-10-09,92377.4
2012-10-10,92377.4
2012-10-11,92377.4
2012-10-12,92377.4
2012-10-15,92377.4
2012-10-16,92377.4
2012-10-17,92377.4
2012-10-18,92377.4
2012-10-19,92377.4
2012-10-22,92377.4
2012-10-23,92377.4
2012-10-24,92377.4
2012-10-25,92377.4
2012-10-26,92377.4
2012-10-29,92377.4
2012-10-30,92377.4
2012-10-31,92377.4
2012-11-01,92377.4
2012-11-02,92377.4
2012-11-05,92377.4
2012-11-06,92377.4
2012-11-07,92377.4
2012-11-08,92377.4
2012-11-09,92377.4
2012-11-12,92377.4
2012-11-13,92377.4
2012-11-14,92377.4
2012-11-15,92377.4
2012-11-16,92377.4
2012-11-19,92377.4
2012-11-20,92377.4
2012-11-21,92377.4
2012-11-22,92377.4
2012-11-23,92377.4
2012-11-26,92377.4
2012-11-27,92377.4
2012-11-28,92377.4
2012-11-29,92377.4
2012-11-30,92377.4
2012-12-03,92377.4
2012-12-04,92377.4
2012-12-05,92377.4
2012-12-06,92377.4
2012-12-07,92377.4
2012-12-10,92377.4
2012-12-11,92377.4
2012-12-12,92377.4
2012-12-13,92377.4
2012-12-14,92377.4
2012-12-17,92377.4
2012-12-18,92377.4
2012-12-19,92377.4
2012-12-20,92377.4
2012-12-21,92377.4
2012-12-24,92377.4
2012-12-25,92377.4
2012-12-26,92377.4
2012-12-27,92377.4
2012-12-28,92377.4
2012-12-31,92377.4
2013-01-01,92377.4
2013-01-02,92377.4
2013-01-03,92377.4
2013-01-04,92377.4
2013-01-07,92377.4
2013-01-08,92377.4
2013-01-09,92377.4
2013-01-10,92377.4
2013-01-11,92377.4
2013-01-14,92377.4
2013-01-15,92377.4
2013-01-16,92377.4
2013-01-17,92377.4
2013-01-18,92377.4
2013-01-21,92377.4
2013-01-22,92377.4
2013-01-23,92377.4
2013-01-24,92377.4
2013-01-25,92377.4
2013-01-28,92377.4
2013-01-29,92377.4
2013-01-30,92377.4
2013-01-31,92377.4
2013-02-01,92377.4
2013-02-04,92377.4
2013-02-05,92377.4
2013-02-06,92377.4
2013-02-07,92377.4
2013-02-08,92377.4
2013-02-11,92377.4
2013-02-12,92377.4
2013-02-13,92377.4
2013-02-14,92377.4
2013-02-15,92377.4
2013-02-18,92377.4
2013-02-19,92377.4
2013-02-20,92377.4
2013-02-21,92377.4
2013-02-22,92377.4
2013-02-25,92377.4
2013-02-26,92377.4
2013-02-27,92377.4
2013-02-28,92377.4
2013-03-01,92377.4
2013-03-04,92377.4
2013-03-05,92377.4
2013-03-06,91850.7
2013-03-07,91792.2
2013-03-08,91880
2013-03-11,92187.2
2013-03-12,92874.8
2013-03-13,92450.6
2013-03-14,92333.5
2013-03-15,92304.3
2013-03-18,91221.6
2013-03-19,91675.2
2013-03-20,91689.8
2013-03-21,91689.8
2013-03-22,91689.8
2013-03-25,91689.8
2013-03-26,91689.8
2013-03-27,91689.8
2013-03-28,91689.8
2013-03-29,91689.8
2013-04-01,91689.8
2013-04-02,91689.8
2013-04-03,91689.8
2013-04-04,91689.8
2013-04-05,91689.8
2013-04-08,91689.8
2013-04-09,91689.8
2013-04-10,91689.8
2013-04-11,91689.8
2013-04-12,91689.8
2013-04-15,91689.8
2013-04-16,91689.8
2013-04-17,91689.8
2013-04-18,91003.8
2013-04-19,91717.2
2013-04-22,91840.7
2013-04-23,91127.3
2013-04-24,91758.4
2013-04-25,90866.6
2013-04-26,90413.8
2013-04-29,89124.2
2013-04-30,88314.7
2013-05-01,88163.8
2013-05-02,88287.2
2013-05-03,87697.3
2013-05-06,87272
2013-05-07,88520.5
2013-05-08,89549.5
2013-05-09,90331.5
2013-05-10,90029.7
2013-05-13,89124.2
2013-05-14,88095.2
2013-05-15,87505.2
2013-05-16,86942.7
2013-05-17,85351.2
2013-05-20,84294.7
2013-05-21,84569.1
2013-05-22,84925.8
2013-05-23,83046.2
2013-05-24,83046.2
2013-05-27,83046.2
2013-05-28,83046.2
2013-05-29,83046.2
2013-05-30,83046.2
2013-05-31,83046.2
2013-06-03,83046.2
2013-06-04,83046.2
2013-06-05,83046.2
2013-06-06,83046.2
2013-06-07,83046.2
2013-06-10,83046.2
2013-06-11,83046.2
2013-06-12,83046.2
2013-06-13,83046.2
2013-06-14,83046.2
2013-06-17,83046.2
2013-06-18,83046.2
2013-06-19,83046.2
2013-06-20,83046.2
2013-06-21,83046.2
2013-06-24,83046.2
2013-06-25,83046.2
2013-06-26,83046.2
2013-06-27,83046.2
2013-06-28,83046.2
2013-07-01,83046.2
2013-07-02,83046.2
2013-07-03,83046.2
2013-07-04,83046.2
2013-07-05,83046.2
2013-07-08,83046.2
2013-07-09,83046.2
2013-07-10,83046.2
2013-07-11,83046.2
2013-07-12,83247.5
2013-07-15,82670.4
2013-07-16,83676.9
2013-07-17,82912
2013-07-18,83730.6
2013-07-19,83918.5
2013-07-22,83086.5
2013-07-23,83596.4
2013-07-24,83623.3
2013-07-25,84213.7
2013-07-26,83945.3
2013-07-29,83811.1
2013-07-30,83703.8
2013-07-31,82764.4
2013-08-01,83381.7
2013-08-02,83005.9
2013-08-05,82496
2013-08-06,81046.6
2013-08-07,80228
2013-08-08,80187.7
2013-08-09,79731.5
2013-08-12,80442.7
2013-08-13,80201.2
2013-08-14,79865.7
2013-08-15,79865.7
2013-08-16,79865.7
2013-08-19,79865.7
2013-08-20,79865.7
2013-08-21,79865.7
2013-08-22,79865.7
2013-08-23,79865.7
2013-08-26,79865.7
2013-08-27,79865.7
2013-08-28,79865.7
2013-08-29,79865.7
2013-08-30,79865.7
2013-09-02,79865.7
2013-09-03,79865.7
2013-09-04,79865.7
2013-09-05,79865.7
2013-09-06,79865.7
2013-09-09,79865.7
2013-09-10,79865.7
2013-09-11,79865.7
2013-09-12,79865.7
2013-09-13,79865.7
2013-09-16,79865.7
2013-09-17,79865.7
2013-09-18,79865.7
2013-09-19,79865.7
2013-09-20,79865.7
2013-09-23,79865.7
2013-09-24,79865.7
2013-09-25,79865.7
2013-09-26,79865.7
2013-09-27,79865.7
2013-09-30,79865.7
2013-10-01,79865.7
2013-10-02,79145.3
2013-10-03,79879
2013-10-04,79225.3
2013-10-07,79532.2
2013-10-08,80439.3
2013-10-09,81759.9
2013-10-10,81319.7
2013-10-11,81066.3
2013-10-14,81359.7
2013-10-15,80519.3
2013-10-16,80746.1
2013-10-17,80626
2013-10-18,80466
2013-10-21,80772.8
2013-10-22,80225.8
2013-10-23,79959
2013-10-24,79852.3
2013-10-25,78745.1
2013-10-28,78905.2
2013-10-29,79051.9
2013-10-30,78638.4
2013-10-31,78518.3
2013-11-01,78865.2
2013-11-04,79185.3
2013-11-05,78344.9
2013-11-06,79038.6
2013-11-07,79038.6
2013-11-08,79038.6
2013-11-11,79038.6
2013-11-12,79038.6
2013-11-13,79038.6
2013-11-14,79038.6
2013-11-15,79038.6
2013-11-18,79038.6
2013-11-19,79038.6
2013-11-20,79038.6
2013-11-21,79038.6
2013-11-22,79038.6
2013-11-25,79038.6
2013-11-26,79038.6
2013-11-27,79038.6
2013-11-28,79038.6
2013-11-29,79038.6
2013-12-02,79038.6
2013-12-03,79272
2013-12-04,79090.5
2013-12-05,79142.3
2013-12-06,79687.1
2013-12-09,79051.6
2013-12-10,79064.5
2013-12-11,78312.3
2013-12-12,78480.9
2013-12-13,78416
2013-12-16,78104.7
2013-12-17,78480.9
2013-12-18,78519.8
2013-12-19,78014
2013-12-20,79038.6
2013-12-23,79466.6
2013-12-24,79479.6
2013-12-25,80076.2
2013-12-26,78908.9
2013-12-27,78519.8
2013-12-30,78597.6
2013-12-31,77054.2
2014-01-01,77676.7
2014-01-02,77715.6
2014-01-03,77235.8
2014-01-06,77157.9
2014-01-07,77417.3
2014-01-08,77339.5
2014-01-09,77313.6
2014-01-10,77274.7
2014-01-13,77041.2
2014-01-14,76366.8
2014-01-15,76366.8
2014-01-16,76366.8
2014-01-17,76366.8
2014-01-20,76366.8
2014-01-21,76366.8
2014-01-22,76366.8
2014-01-23,76366.8
2014-01-24,76366.8
2014-01-27,76366.8
2014-01-28,76366.8
2014-01-29,76366.8
2014-01-30,76366.8
2014-01-31,76366.8
2014-02-03,76366.8
2014-02-04,76366.8
2014-02-05,76366.8
2014-02-06,76366.8
2014-02-07,76366.8
2014-02-10,76366.8
2014-02-11,76366.8
2014-02-12,76366.8
2014-02-13,76366.8
2014-02-14,76366.8
2014-02-17,76366.8
2014-02-18,76366.8
2014-02-19,76366.8
2014-02-20,76366.8
2014-02-21,76366.8
2014-02-24,76366.8
2014-02-25,76366.8
2014-02-26,76366.8
2014-02-27,76366.8
2014-02-28,76366.8
2014-03-03,76366.8
2014-03-04,76366.8
2014-03-05,76443.9
2014-03-06,76521.1
2014-03-07,77164.1
2014-03-10,76469.6
2014-03-11,76919.7
2014-03-12,77074.1
2014-03-13,77807.1
2014-03-14,77781.4
2014-03-17,78411.5
2014-03-18,78257.2
2014-03-19,78565.8
2014-03-20,77292.7
2014-03-21,78051.4
2014-03-24,77447
2014-03-25,77948.5
2014-03-26,77794.2
2014-03-27,77408.4
2014-03-28,76971.2
2014-03-31,77717.1
2014-04-01,77884.2
2014-04-02,79028.8
2014-04-03,79993.3
2014-04-04,80674.9
2014-04-07,81819.4
2014-04-08,81768
2014-04-09,82346.7
2014-04-10,81819.4
2014-04-11,81407.9
2014-04-14,81163.5
2014-04-15,80494.8
2014-04-16,79607.5
2014-04-17,79568.9
2014-04-18,79607.5
2014-04-21,80649.1
2014-04-22,81330.7
2014-04-23,80970.6
2014-04-24,80932.1
2014-04-25,81806.5
2014-04-28,82462.4
2014-04-29,83234
2014-04-30,82385.2
2014-05-01,82976.8
2014-05-02,82668.2
2014-05-05,82578.1
2014-05-06,82063.7
2014-05-07,81729.4
2014-05-08,80674.9
2014-05-09,81369.3
2014-05-12,81690.8
2014-05-13,81716.5
2014-05-14,81227.8
2014-05-15,80597.7
2014-05-16,80109
2014-05-19,80224.8
2014-05-20,80970.6
2014-05-21,81485
2014-05-22,81253.6
2014-05-23,80301.9
2014-05-26,79916.1
2014-05-27,80867.8
2014-05-28,81150.7
2014-05-29,80957.8
2014-05-30,81626.5
2014-06-02,82102.3
2014-06-03,80854.9
2014-06-04,81729.4
2014-06-05,82616.7
2014-06-06,84211.4
2014-06-09,85561.7
2014-06-10,85754.6
2014-06-11,84854.4
2014-06-12,84134.2
2014-06-13,83452.6
2014-06-16,82552.4
2014-06-17,82989.7
2014-06-18,82771
2014-06-19,84031.3
2014-06-20,84558.6
2014-06-23,84532.9
2014-06-24,84108.5
2014-06-25,84147.1
2014-06-26,85484.5
2014-06-27,86886.2
2014-06-30,87709.3
2014-07-01,88120.8
2014-07-02,88185.1
2014-07-03,88365.1
2014-07-04,88995.3
2014-07-07,88532.3
2014-07-08,88390.9
2014-07-09,89766.9
2014-07-10,89882.6
2014-07-11,90229.8
2014-07-14,89445.4
2014-07-15,89406.8
2014-07-16,89291.1
2014-07-17,89188.2
2014-07-18,90242.7
2014-07-21,88468
2014-07-22,88082.2
2014-07-23,87014.8
2014-07-24,86551.9
2014-07-25,85908.9
2014-07-28,86976.3
2014-07-29,87246.3
2014-07-30,87336.3
2014-07-31,87362.1
2014-08-01,86976.3
2014-08-04,86603.3
2014-08-05,86114.6
2014-08-06,85651.7
2014-08-07,85780.3
2014-08-08,85265.9
2014-08-11,85998.9
2014-08-12,85008.7
2014-08-13,84417.1
2014-08-14,85073
2014-08-15,84442.8
2014-08-18,84442.8
2014-08-19,84442.8
2014-08-20,84442.8
2014-08-21,84442.8
2014-08-22,84442.8
2014-08-25,84442.8
2014-08-26,84442.8
2014-08-27,84442.8
2014-08-28,84442.8
2014-08-29,84442.8
2014-09-01,84442.8
2014-09-02,84442.8
2014-09-03,84442.8
2014-09-04,84442.8
2014-09-05,84442.8
2014-09-08,84442.8
2014-09-09,84442.8
2014-09-10,84442.8
2014-09-11,84442.8
2014-09-12,84442.8
2014-09-15,84442.8
2014-09-16,84442.8
2014-09-17,84442.8
2014-09-18,84442.8
2014-09-19,84442.8
2014-09-22,84442.8
2014-09-23,84442.8
2014-09-24,84442.8
2014-09-25,84442.8
2014-09-26,84442.8
2014-09-29,84442.8
2014-09-30,84442.8
2014-10-01,84442.8
2014-10-02,84442.8
2014-10-03,84442.8
2014-10-06,84442.8
2014-10-07,84442.8
2014-10-08,84442.8
2014-10-09,84442.8
2014-10-10,84442.8
2014-10-13,84442.8
2014-10-14,84442.8
2014-10-15,84442.8
2014-10-16,84442.8
2014-10-17,84442.8
2014-10-20,84442.8
2014-10-21,84442.8
2014-10-22,84442.8
2014-10-23,84442.8
2014-10-24,84442.8
2014-10-27,84442.8
2014-10-28,84442.8
2014-10-29,84442.8
2014-10-30,84442.8
2014-10-31,84442.8
2014-11-03,84442.8
2014-11-04,84442.8
2014-11-05,84442.8
2014-11-06,84442.8
2014-11-07,84442.8
2014-11-10,84442.8
2014-11-11,84442.8
2014-11-12,84442.8
2014-11-13,84442.8
2014-11-14,84442.8
2014-11-17,84442.8
2014-11-18,84442.8
2014-11-19,84442.8
2014-11-20,84442.8
2014-11-21,84442.8
2014-11-24,84442.8
2014-11-25,84442.8
2014-11-26,84442.8
2014-11-27,84442.8
2014-11-28,84442.8
2014-12-01,84442.8
2014-12-02,84442.8
2014-12-03,84442.8
2014-12-04,84442.8
2014-12-05,84442.8
2014-12-08,84442.8
2014-12-09,84442.8
2014-12-10,84442.8
2014-12-11,84442.8
2014-12-12,84442.8
2014-12-15,84442.8
2014-12-16,84442.8
2014-12-17,84442.8
2014-12-18,84442.8
2014-12-19,84442.8
2014-12-22,84442.8
2014-12-23,84442.8
2014-12-24,84442.8
2014-12-25,84442.8
2014-12-26,84442.8
2014-12-29,84442.8
2014-12-30,84442.8
2014-12-31,84442.8
2015-01-01,84442.8
2015-01-02,84442.8
2015-01-05,84442.8
2015-01-06,84442.8
2015-01-07,84442.8
2015-01-08,84442.8
2015-01-09,84442.8
2015-01-12,84442.8
2015-01-13,84194.6
2015-01-14,84387.7
2015-01-15,85339.2
2015-01-16,84429.1
2015-01-19,83918.8
2015-01-20,84842.8
2015-01-21,85587.4
2015-01-22,86594.1
2015-01-23,85711.5
2015-01-26,84856.5
2015-01-27,85366.8
2015-01-28,85683.9
2015-01-29,84622.1
2015-01-30,84042.9
2015-02-02,84773.8
2015-02-03,84801.4
2015-02-04,85187.5
2015-02-05,85766.7
2015-02-06,86180.4
2015-02-09,85463.3
2015-02-10,85091
2015-02-11,84277.4
2015-02-12,83119
2015-02-13,83022.5
2015-02-16,83091.4
2015-02-17,84691.1
2015-02-18,85725.3
2015-02-19,85242.7
2015-02-20,84208.4
2015-02-23,84111.9
2015-02-24,82994.9
2015-02-25,83243.1
2015-02-26,84401.5
2015-02-27,84153.3
2015-03-02,85435.7
2015-03-03,85946
2015-03-04,86442.4
2015-03-05,87435.3
2015-03-06,87104.3
2015-03-09,86897.5
2015-03-10,87531.8
2015-03-11,88400.6
2015-03-12,88097.2
2015-03-13,88262.7
2015-03-16,88483.3
2015-03-17,89172.8
2015-03-18,88359.2
2015-03-19,89241.8
2015-03-20,88538.5
2015-03-23,87807.6
2015-03-24,86607.9
2015-03-25,86538.9
2015-03-26,86828.5
2015-03-27,87462.9
2015-03-30,87338.7
2015-03-31,86635.5
2015-04-01,86925
2015-04-02,87683.5
2015-04-03,87504.2
2015-04-06,86690.6
2015-04-07,87159.5
2015-04-08,88690.2
2015-04-09,88386.8
2015-04-10,87945.5
2015-04-13,88179.9
2015-04-14,88566.1
2015-04-15,88400.6
2015-04-16,86994
2015-04-17,86607.9
2015-04-20,87573.2
2015-04-21,87683.5
2015-04-22,86745.8
2015-04-23,85739.1
2015-04-24,85463.3
2015-04-27,85739.1
2015-04-28,84732.4
2015-04-29,83601.7
2015-04-30,83050.1
2015-05-01,84401.5
2015-05-04,84401.5
2015-05-05,84401.5
2015-05-06,84401.5
2015-05-07,84401.5
2015-05-08,84401.5
2015-05-11,84401.5
2015-05-12,84401.5
2015-05-13,84401.5
2015-05-14,84401.5
2015-05-15,84401.5
2015-05-18,84401.5
2015-05-19,84401.5
2015-05-20,84401.5
2015-05-21,84401.5
2015-05-22,84401.5
2015-05-25,84401.5
2015-05-26,84401.5
2015-05-27,84401.5
2015-05-28,84401.5
2015-05-29,84401.5
2015-06-01,84401.5
2015-06-02,84401.5
2015-06-03,84401.5
2015-06-04,84401.5
2015-06-05,84401.5
2015-06-08,84401.5
2015-06-09,84401.5
2015-06-10,84401.5
2015-06-11,84401.5
2015-06-12,84401.5
2015-06-15,84401.5
2015-06-16,84401.5
2015-06-17,84401.5
2015-06-18,84401.5
2015-06-19,84401.5
2015-06-22,84401.5
2015-06-23,84401.5
2015-06-24,84401.5
2015-06-25,84401.5
2015-06-26,84401.5
2015-06-29,84401.5
2015-06-30,84401.5
2015-07-01,84401.5
2015-07-02,84401.5
2015-07-03,84401.5
2015-07-06,84401.5
2015-07-07,84401.5
2015-07-08,84401.5
2015-07-09,84401.5
2015-07-10,84401.5
2015-07-13,84401.5
2015-07-14,84401.5
2015-07-15,84401.5
2015-07-16,84401.5
2015-07-17,84401.5
2015-07-20,84401.5
2015-07-21,84401.5
2015-07-22,84401.5
2015-07-23,84401.5
2015-07-24,84401.5
2015-07-27,84401.5
2015-07-28,84401.5
2015-07-29,84401.5
2015-07-30,84401.5
2015-07-31,84401.5
2015-08-03,84401.5
2015-08-04,84401.5
2015-08-05,84401.5
2015-08-06,84401.5
2015-08-07,84401.5
2015-08-10,84401.5
2015-08-11,84401.5
2015-08-12,84012
2015-08-13,84665.8
2015-08-14,84721.4
2015-08-17,83706
2015-08-18,83233
2015-08-19,82551.4
2015-08-20,82551.4
2015-08-21,82801.8
2015-08-24,81341.3
2015-08-25,82217.6
2015-08-26,81633.4
2015-08-27,81744.7
2015-08-28,82036.8
2015-08-31,82746.2
2015-09-01,82273.2
2015-09-02,82217.6
2015-09-03,82996.6
2015-09-04,81494.3
2015-09-07,81869.9
2015-09-08,81341.3
2015-09-09,81341.3
2015-09-10,81341.3
2015-09-11,81341.3
2015-09-14,81341.3
2015-09-15,81341.3
2015-09-16,81341.3
2015-09-17,81341.3
2015-09-18,81341.3
2015-09-21,81341.3
2015-09-22,81341.3
2015-09-23,81341.3
2015-09-24,81341.3
2015-09-25,81341.3
2015-09-28,81341.3
2015-09-29,81341.3
2015-09-30,81341.3
2015-10-01,81341.3
2015-10-02,81341.3
2015-10-05,81341.3
2015-10-06,81341.3
2015-10-07,81341.3
2015-10-08,81341.3
2015-10-09,81341.3
2015-10-12,81341.3
2015-10-13,81341.3
2015-10-14,81341.3
2015-10-15,81341.3
2015-10-16,81341.3
2015-10-19,81341.3
2015-10-20,81341.3
2015-10-21,81341.3
2015-10-22,81341.3
2015-10-23,81341.3
2015-10-26,81341.3
2015-10-27,81341.3
2015-10-28,81341.3
2015-10-29,81341.3
2015-10-30,81341.3
2015-11-02,81663.7
2015-11-03,80836.6
2015-11-04,80906.7
2015-11-05,80065.5
2015-11-06,79448.6
2015-11-09,80163.6
2015-11-10,79855.2
2015-11-11,80303.8
2015-11-12,79841.1
2015-11-13,79434.6
2015-11-16,79210.2
2015-11-17,78831.7
2015-11-18,79112.1
2015-11-19,78985.9
2015-11-20,78999.9
2015-11-23,79630.8
2015-11-24,79672.9
2015-11-25,79672.9
2015-11-26,79672.9
2015-11-27,79672.9
2015-11-30,79672.9
2015-12-01,79672.9
2015-12-02,79672.9
2015-12-03,79672.9
2015-12-04,79672.9
2015-12-07,79672.9
2015-12-08,79672.9
2015-12-09,79672.9
2015-12-10,79672.9
2015-12-11,79672.9
2015-12-14,79672.9
2015-12-15,79672.9
2015-12-16,79672.9
2015-12-17,79672.9
2015-12-18,79672.9
2015-12-21,79672.9
2015-12-22,79672.9
2015-12-23,79672.9
2015-12-24,79672.9
2015-12-25,79672.9
2015-12-28,79672.9
2015-12-29,79672.9
2015-12-30,79672.9
2015-12-31,79672.9
2016-01-01,79672.9
2016-01-04,79672.9
2016-01-05,80085.6
2016-01-06,80256.3
2016-01-07,79601.7
2016-01-08,79687.1
2016-01-11,80099.8
2016-01-12,81195.5
2016-01-13,80398.6
2016-01-14,80939.4
2016-01-15,81010.5
2016-01-18,81636.6
2016-01-19,81181.3
2016-01-20,81309.3
2016-01-21,80754.4
2016-01-22,79801
2016-01-25,79801
2016-01-26,79801
2016-01-27,79801
2016-01-28,79801
2016-01-29,79801
2016-02-01,79801
2016-02-02,79801
2016-02-03,79801
2016-02-04,79801
2016-02-05,79744.4
2016-02-08,79348.5
2016-02-09,79348.5
2016-02-10,79348.5
2016-02-11,79348.5
2016-02-12,79348.5
2016-02-15,79348.5
2016-02-16,79348.5
2016-02-17,79348.5
2016-02-18,79348.5
2016-02-19,79348.5
2016-02-22,79348.5
2016-02-23,79348.5
2016-02-24,79348.5
2016-02-25,79348.5
2016-02-26,79348.5
2016-02-29,79348.5
2016-03-01,79348.5
2016-03-02,79348.5
2016-03-03,79348.5
2016-03-04,79348.5
2016-03-07,79348.5
2016-03-08,79348.5
2016-03-09,79348.5
2016-03-10,79348.5
2016-03-11,79348.5
2016-03-14,79348.5
2016-03-15,79348.5
2016-03-16,79348.5
2016-03-17,79348.5
2016-03-18,79348.5
2016-03-21,79348.5
2016-03-22,79348.5
2016-03-23,79348.5
2016-03-24,79348.5
2016-03-25,79543.9
2016-03-28,79627.7
2016-03-29,79739.4
2016-03-30,79948.8
2016-03-31,79446.2
2016-04-01,78483
2016-04-04,78385.2
2016-04-05,78022.3
2016-04-06,77980.4
2016-04-07,78552.8
2016-04-08,78496.9
2016-04-11,78287.5
2016-04-12,77757
2016-04-13,79013.4
2016-04-14,79083.2
2016-04-15,79250.8
2016-04-18,78566.7
2016-04-19,78845.9
2016-04-20,78524.8
2016-04-21,78664.4
2016-04-22,77910.6
2016-04-25,78873.8
2016-04-26,78510.9
2016-04-27,80521.1
2016-04-28,80521.1
2016-04-29,79777.6
2016-05-02,81457.5
2016-05-03,80700.1
2016-05-04,80576.2
2016-05-05,80245.7
2016-05-06,79639.9
2016-05-09,79515.9
2016-05-10,79667.4
2016-05-11,80245.7
2016-05-12,80190.7
2016-05-13,79873.9
2016-05-16,78428.1
2016-05-17,78799.9
2016-05-18,80176.9
2016-05-19,80094.3
2016-05-20,78896.3
2016-05-23,79157.9
2016-05-24,78717.3
2016-05-25,78359.2
2016-05-26,78978.9
2016-05-27,78937.6
2016-05-30,79130.4
2016-05-31,78001.2
2016-06-01,77478
2016-06-02,78125.2
2016-06-03,78455.6
2016-06-06,79378.2
2016-06-07,79942.8
2016-06-08,81223.4
2016-06-09,80232
2016-06-10,80108
2016-06-13,80810.3
2016-06-14,80314.6
2016-06-15,79157.9
2016-06-16,78345.5
2016-06-17,78593.3
2016-06-20,78469.4
2016-06-21,79295.6
2016-06-22,80273.3
2016-06-23,80631.3
2016-06-24,80590
2016-06-27,80796.5
2016-06-28,79681.2
2016-06-29,79557.2
2016-06-30,80658.8
2016-07-01,80700.1
2016-07-04,81127
2016-07-05,81843.1
2016-07-06,82338.8
2016-07-07,82187.3
2016-07-08,83247.6
2016-07-11,83426.6
2016-07-12,83922.3
2016-07-13,83963.6
2016-07-14,83688.2
2016-07-15,83109.9
2016-07-18,82132.2
2016-07-19,82008.3
2016-07-20,81512.6
2016-07-21,81237.2
2016-07-22,80438.5
2016-07-25,81361.1
2016-07-26,81774.2
2016-07-27,81760.4
2016-07-28,81705.4
2016-07-29,81457.5
2016-08-01,82104.7
2016-08-02,82297.5
2016-08-03,82751.9
2016-08-04,84239
2016-08-05,84872.5
2016-08-08,85974.1
2016-08-09,85464.6
2016-08-10,85492.1
2016-08-11,85919
2016-08-12,85244.2
2016-08-15,84060
2016-08-16,84721
2016-08-17,84101.3
2016-08-18,84115.1
2016-08-19,83853.5
2016-08-22,83688.2
2016-08-23,82283.7
2016-08-24,83013.5
2016-08-25,83206.3
2016-08-26,84445.6
2016-08-29,84321.7
2016-08-30,83853.5
2016-08-31,84610.8
2016-09-01,85492.1
2016-09-02,86469.8
2016-09-05,85505.9
2016-09-06,84789.8
2016-09-07,84858.7
2016-09-08,84459.4
2016-09-09,85216.7
2016-09-12,86166.8
2016-09-13,85987.8
2016-09-14,86098
2016-09-15,85767.5
2016-09-16,85795
2016-09-19,86221.9
2016-09-20,86524.9
2016-09-21,86841.6
2016-09-22,87929.4
2016-09-23,88838.2
2016-09-26,88728.1
2016-09-27,88810.7
2016-09-28,88370
2016-09-29,88383.8
2016-09-30,89389
2016-10-03,90036.2
2016-10-04,89347.7
2016-10-05,90421.8
2016-10-06,89774.6
2016-10-07,90490.6
2016-10-10,91509.6
2016-10-11,90834.9
2016-10-12,91674.8
2016-10-13,91578.4
2016-10-14,90738.5
2016-10-17,90614.5
2016-10-18,90518.2
2016-10-19,90821.1
2016-10-20,90339.1
2016-10-21,89650.6
2016-10-24,89829.7
2016-10-25,90284.1
2016-10-26,89939.8
2016-10-27,89568
2016-10-28,89389
2016-10-31,88962.1
2016-11-01,88838.2
2016-11-02,88631.7
2016-11-03,88053.3
2016-11-04,87227.1
2016-11-07,89223.8
2016-11-08,88673
2016-11-09,89829.7
2016-11-10,89705.7
2016-11-11,89871
2016-11-14,90008.7
2016-11-15,90063.7
2016-11-16,91537.1
2016-11-17,92514.8
2016-11-18,93409.9
2016-11-21,91606
2016-11-22,91578.4
2016-11-23,91619.8
2016-11-24,91647.3
2016-11-25,91537.1
2016-11-28,90903.7
2016-11-29,90972.6
2016-11-30,91303
2016-12-01,91881.4
2016-12-02,91275.5
2016-12-05,91991.5
2016-12-06,91041.4
2016-12-07,91482.1
2016-12-08,90752.2
2016-12-09,91413.2
2016-12-12,89829.7
2016-12-13,90518.2
2016-12-14,89788.3
2016-12-15,90463.1
2016-12-16,90931.3
2016-12-19,90215.2
2016-12-20,89691.9
2016-12-21,89402.8
2016-12-22,88425.1
2016-12-23,88810.7
2016-12-26,90063.7
2016-12-27,91041.4
2016-12-28,90394.2
2016-12-29,89802.1
2016-12-30,89843.4
2017-01-02,89843.4
2017-01-03,89843.4
2017-01-04,89843.4
2017-01-05,89843.4
2017-01-06,89843.4
2017-01-09,89843.4
2017-01-10,89843.4
2017-01-11,89843.4
2017-01-12,89843.4
2017-01-13,89843.4
2017-01-16,89843.4
2017-01-17,89843.4
2017-01-18,89843.4
2017-01-19,89843.4
2017-01-20,89843.4
2017-01-23,89843.4
2017-01-24,89843.4
2017-01-25,89843.4
2017-01-26,89843.4
2017-01-27,89843.4
2017-01-30,89843.4
2017-01-31,89843.4
2017-02-01,89843.4
2017-02-02,89843.4
2017-02-03,89843.4
2017-02-06,89843.4
2017-02-07,89843.4
2017-02-08,89843.4
2017-02-09,89843.4
2017-02-10,89843.4
2017-02-13,89843.4
2017-02-14,89843.4
2017-02-15,89843.4
2017-02-16,89843.4
2017-02-17,89843.4
2017-02-20,89843.4
2017-02-21,89843.4
2017-02-22,89843.4
2017-02-23,89843.4
2017-02-24,89843.4
2017-02-27,89843.4
2017-02-28,89843.4
2017-03-01,89843.4
2017-03-02,89843.4
2017-03-03,89843.4
2017-03-06,89843.4
2017-03-07,89843.4
2017-03-08,89843.4
2017-03-09,89843.4
2017-03-10,89843.4
2017-03-13,89843.4
2017-03-14,89843.4
2017-03-15,89843.4
2017-03-16,89843.4
2017-03-17,89843.4
2017-03-20,89843.4
2017-03-21,89843.4
2017-03-22,89843.4
2017-03-23,89843.4
2017-03-24,89843.4
2017-03-27,89843.4
2017-03-28,89843.4
2017-03-29,89843.4
2017-03-30,89843.4
2017-03-31,89843.4
2017-04-03,89774.2
2017-04-04,90203.5
2017-04-05,90314.3
2017-04-06,89691.1
2017-04-07,90882.2
2017-04-10,90203.5
2017-04-11,89580.3
2017-04-12,90868.3
2017-04-13,90757.5
2017-04-14,89815.7
2017-04-17,89261.7
2017-04-18,88264.5
2017-04-19,89704.9
2017-04-20,90134.3
2017-04-21,90078.9
2017-04-24,89483.3
2017-04-25,88943.2
2017-04-26,89483.3
2017-04-27,89594.1
2017-04-28,89995.8
2017-05-01,90812.9
2017-05-02,90549.8
2017-05-03,90286.6
2017-05-04,90965.3
2017-05-05,91020.7
2017-05-08,91422.3
2017-05-09,90882.2
2017-05-10,90729.8
2017-05-11,89746.5
2017-05-12,90660.6
2017-05-15,92059.4
2017-05-16,92156.4
2017-05-17,92378
2017-05-18,92821.2
2017-05-19,92156.4
2017-05-22,92530.3
2017-05-23,93209
2017-05-24,93763
2017-05-25,93541.4
2017-05-26,91657.8
2017-05-29,90175.8
2017-05-30,91048.4
2017-05-31,91283.8
2017-06-01,90245.1
2017-06-02,89857.3
2017-06-05,89552.6
2017-06-06,89649.5
2017-06-07,89275.6
2017-06-08,89871.1
2017-06-09,90785.2
2017-06-12,89746.5
2017-06-13,90923.7
2017-06-14,91671.6
2017-06-15,91505.4
2017-06-16,93222.8
2017-06-19,93804.5
2017-06-20,93956.9
2017-06-21,94760.2
2017-06-22,94954.1
2017-06-23,95937.4
2017-06-26,96103.6
2017-06-27,97087
2017-06-28,95882
2017-06-29,96436
2017-06-30,95992.8
2017-07-03,96436
2017-07-04,97682.5
2017-07-05,97045.4
2017-07-06,96449.9
2017-07-07,97294.7
2017-07-10,97931.8
2017-07-11,97737.9
2017-07-12,97987.2
2017-07-13,99372.2
2017-07-14,99122.9
2017-07-17,99358.4
2017-07-18,99303
2017-07-19,98624.3
2017-07-20,99413.8
2017-07-21,100259
2017-07-24,100910
2017-07-25,101145
2017-07-26,101339
2017-07-27,101256
2017-07-28,101325
2017-07-31,101103
2017-08-01,101450
2017-08-02,101588
2017-08-03,100716
2017-08-04,102669
2017-08-07,102045
2017-08-08,102392
2017-08-09,102281
2017-08-10,102946
2017-08-11,104427
2017-08-14,104206
2017-08-15,104635
2017-08-16,104206
2017-08-17,105009
2017-08-18,105660
2017-08-21,106851
2017-08-22,105702
2017-08-23,105009
2017-08-24,105078
2017-08-25,103583
2017-08-28,103860
2017-08-29,104788
2017-08-30,105605
2017-08-31,105923
2017-09-01,106463
2017-09-04,106657
2017-09-05,107017
2017-09-06,109081
2017-09-07,109441
2017-09-08,108652
2017-09-11,109150
2017-09-12,110868
2017-09-13,111796
2017-09-14,111089
2017-09-15,112654
2017-09-18,110965
2017-09-19,112003
2017-09-20,113472
2017-09-21,113915
2017-09-22,114538
2017-09-25,115771
2017-09-26,116422
2017-09-27,115660
2017-09-28,114455
2017-09-29,115161
2017-10-02,115092
2017-10-03,116726
2017-10-04,116782
2017-10-05,115355
2017-10-06,116643
2017-10-09,116034
2017-10-10,116255
2017-10-11,118181
2017-10-12,119012
2017-10-13,118222
2017-10-16,119316
2017-10-17,118236
2017-10-18,118568
2017-10-19,118596
2017-10-20,118568
2017-10-23,119289
2017-10-24,119593
2017-10-25,120133
2017-10-26,122155
2017-10-27,123250
2017-10-30,123471
2017-10-31,122183
2017-11-01,122460
2017-11-02,122557
2017-11-03,121851
2017-11-06,121477
2017-11-07,121768
2017-11-08,119746
2017-11-09,121518
2017-11-10,119995
2017-11-13,120452
2017-11-14,120563
2017-11-15,120216
2017-11-16,120161
2017-11-17,120175
2017-11-20,119856
2017-11-21,120092
2017-11-22,120009
2017-11-23,121117
2017-11-24,121560
2017-11-27,122931
2017-11-28,121034
2017-11-29,120937
2017-11-30,119053
2017-12-01,119579
2017-12-04,120120
2017-12-05,120604
2017-12-06,120660
2017-12-07,121089
2017-12-08,122737
2017-12-11,121740
2017-12-12,122543
2017-12-13,123416
2017-12-14,122986
2017-12-15,122003
2017-12-18,120175
2017-12-19,120770
2017-12-20,118665
2017-12-21,117571
2017-12-22,118097
2017-12-25,117599
2017-12-26,117599
2017-12-27,117599
2017-12-28,117599
2017-12-29,117599
2018-01-01,117599
2018-01-02,117599
2018-01-03,117599
2018-01-04,117599
2018-01-05,117599
2018-01-08,117599
2018-01-09,117599
2018-01-10,117599
2018-01-11,117599
2018-01-12,117599
2018-01-15,117599
2018-01-16,117599
2018-01-17,117599
2018-01-18,117599
2018-01-19,117599
2018-01-22,117599
2018-01-23,117599
2018-01-24,117599
2018-01-25,117599
2018-01-26,117599
2018-01-29,117599
2018-01-30,117599
2018-01-31,117599
2018-02-01,117599
2018-02-02,117599
2018-02-05,117599
2018-02-06,117599
2018-02-07,117599
2018-02-08,117599
2018-02-09,117599
2018-02-12,117599
2018-02-13,117599
2018-02-14,117599
2018-02-15,117599
2018-02-16,117599
2018-02-19,117599
2018-02-20,117599
2018-02-21,117599
2018-02-22,117599
2018-02-23,117599
2018-02-26,117599
2018-02-27,117599
2018-02-28,117599
2018-03-01,117599
2018-03-02,117599
2018-03-05,118114
2018-03-06,117543
2018-03-07,116958
2018-03-08,116387
2018-03-09,115454
2018-03-12,115036
2018-03-13,114005
2018-03-14,113824
2018-03-15,114674
2018-03-16,114242
2018-03-19,113991
2018-03-20,114242
2018-03-21,113601
2018-03-22,114088
2018-03-23,112849
2018-03-26,113044
2018-03-27,113977
2018-03-28,112974
2018-03-29,113239
2018-03-30,113963
2018-04-02,113629
2018-04-03,112180
2018-04-04,112333
2018-04-05,111567
2018-04-06,111567
2018-04-09,111567
2018-04-10,111567
2018-04-11,111567
2018-04-12,111567
2018-04-13,111567
2018-04-16,111567
2018-04-17,111567
2018-04-18,111567
2018-04-19,111567
2018-04-20,111567
2018-04-23,111083
2018-04-24,110782
2018-04-25,111476
2018-04-26,111842
2018-04-27,113478
2018-04-30,114813
2018-05-01,115049
2018-05-02,115206
2018-05-03,115494
2018-05-04,115167
2018-05-07,115481
2018-05-08,115115
2018-05-09,116829
2018-05-10,116410
2018-05-11,115874
2018-05-14,116777
2018-05-15,116253
2018-05-16,117392
2018-05-17,118308
2018-05-18,118754
2018-05-21,118806
2018-05-22,119971
2018-05-23,119604
2018-05-24,120887
2018-05-25,120953
2018-05-28,120769
2018-05-29,121293
2018-05-30,121856
2018-05-31,123374
2018-06-01,123911
2018-06-04,123139
2018-06-05,122733
2018-06-06,121201
2018-06-07,119356
2018-06-08,118361
2018-06-11,119683
2018-06-12,120259
2018-06-13,119997
2018-06-14,120639
2018-06-15,121385
2018-06-18,120612
2018-06-19,121214
2018-06-20,121437
2018-06-21,122078
2018-06-22,122628
2018-06-25,123322
2018-06-26,124395
2018-06-27,124500
2018-06-28,125560
2018-06-29,126293
2018-07-02,124880
2018-07-03,124749
2018-07-04,124251
2018-07-05,123767
2018-07-06,124173
2018-07-09,126110
2018-07-10,127419
2018-07-11,125875
2018-07-12,127170
2018-07-13,127249
2018-07-16,127236
2018-07-17,127642
2018-07-18,127249
2018-07-19,127170
2018-07-20,126725
2018-07-23,126202
2018-07-24,126346
2018-07-25,126123
2018-07-26,126987
2018-07-27,127550
2018-07-30,129487
2018-07-31,129068
2018-08-01,128650
2018-08-02,127354
2018-08-03,127995
2018-08-06,127197
2018-08-07,127144
2018-08-08,128545
2018-08-09,128388
2018-08-10,127157
2018-08-13,125560
2018-08-14,123060
2018-08-15,123937
2018-08-16,123296
2018-08-17,122039
2018-08-20,122026
2018-08-21,121555
2018-08-22,120298
2018-08-23,120220
2018-08-24,119055
2018-08-27,119055
2018-08-28,119055
2018-08-29,119055
2018-08-30,119055
2018-08-31,119055
2018-09-03,119055
2018-09-04,119055
2018-09-05,119055
2018-09-06,119055
2018-09-07,119055
2018-09-10,119055
2018-09-11,119055
2018-09-12,119055
2018-09-13,119055
2018-09-14,119055
2018-09-17,119055
2018-09-18,119055
2018-09-19,119055
2018-09-20,119055
2018-09-21,119055
2018-09-24,119055
2018-09-25,119055
2018-09-26,119055
2018-09-27,118724
2018-09-28,119311
2018-10-01,118871
2018-10-02,118920
2018-10-03,117709
2018-10-04,116670
2018-10-05,115973
2018-10-08,117685
2018-10-09,118553
2018-10-10,119360
2018-10-11,118737
2018-10-12,119287
2018-10-15,119226
2018-10-16,121513
2018-10-17,121990
2018-10-18,122014
2018-10-19,121354
2018-10-22,122112
2018-10-23,123873
2018-10-24,124558
2018-10-25,125390
2018-10-26,125231
2018-10-29,124473
2018-10-30,126062
2018-10-31,126515
2018-11-01,126356
2018-11-02,126845
2018-11-05,127457
2018-11-06,127371
2018-11-07,129120
2018-11-08,127848
2018-11-09,125989
2018-11-12,127126
2018-11-13,125549
2018-11-14,126148
2018-11-15,125475
2018-11-16,126429
2018-11-19,127824
2018-11-20,126637
2018-11-21,128142
2018-11-22,129169
2018-11-23,129401
2018-11-26,130759
2018-11-27,129230
2018-11-28,129768
2018-11-29,128985
2018-11-30,128839
2018-12-03,129095
2018-12-04,129572
2018-12-05,131260
2018-12-06,130490
2018-12-07,131236
2018-12-10,131444
2018-12-11,131431
2018-12-12,131101
2018-12-13,130991
2018-12-14,130930
2018-12-17,131150
2018-12-18,130563
2018-12-19,132459
2018-12-20,134098
2018-12-21,132520
2018-12-24,132777
2018-12-25,132226
2018-12-26,132287
2018-12-27,133975
2018-12-28,132373
2018-12-31,133351
2019-01-01,131786
2019-01-02,131248
2019-01-03,130294
2019-01-04,131382
2019-01-07,131444
2019-01-08,131884
2019-01-09,131835
2019-01-10,130624
2019-01-11,129866
2019-01-14,129866
2019-01-15,129181
2019-01-16,129352
2019-01-17,131566
2019-01-18,131407
2019-01-21,131175
2019-01-22,132569
2019-01-23,131395
2019-01-24,130942
2019-01-25,130881
2019-01-28,131859
2019-01-29,132985
2019-01-30,132557
2019-01-31,133584
2019-02-01,133400
2019-02-04,135749
2019-02-05,135908
2019-02-06,135247
2019-02-07,134685
2019-02-08,135088
2019-02-11,134513
2019-02-12,135418
2019-02-13,134538
2019-02-14,135553
2019-02-15,134049
2019-02-18,136018
2019-02-19,135687
2019-02-20,136617
2019-02-21,138329
2019-02-22,137192
2019-02-25,135969
2019-02-26,136054
2019-02-27,137522
2019-02-28,138366
2019-03-01,138451
2019-03-04,137974
2019-03-05,140005
2019-03-06,139821
2019-03-07,137767
2019-03-08,137815
2019-03-11,137950
2019-03-12,138072
2019-03-13,136531
2019-03-14,135406
2019-03-15,134623
2019-03-18,135712
2019-03-19,135223
2019-03-20,133902
2019-03-21,132239
2019-03-22,132471
2019-03-25,131847
2019-03-26,132764
2019-03-27,133351
2019-03-28,133902
2019-03-29,134513
2019-04-01,134795
2019-04-02,133449
2019-04-03,133449
2019-04-04,133449
2019-04-05,133449
2019-04-08,133449
2019-04-09,133449
2019-04-10,133449
2019-04-11,133449
2019-04-12,133449
2019-04-15,133449
2019-04-16,133449
2019-04-17,133449
2019-04-18,133449
2019-04-19,133449
2019-04-22,133449
2019-04-23,133449
2019-04-24,133449
2019-04-25,133449
2019-04-26,133449
2019-04-29,133449
2019-04-30,133449
2019-05-01,133449
2019-05-02,133449
2019-05-03,133449
2019-05-06,133449
2019-05-07,133449
2019-05-08,133449
2019-05-09,133449
2019-05-10,133449
2019-05-13,133449
2019-05-14,133449
2019-05-15,133449
2019-05-16,133449
2019-05-17,133449
2019-05-20,133449
2019-05-21,133449
2019-05-22,133449
2019-05-23,133449
2019-05-24,133449
2019-05-27,133449
2019-05-28,133449
2019-05-29,133449
2019-05-30,133449
2019-05-31,133449
2019-06-03,133449
2019-06-04,133449
2019-06-05,133449
2019-06-06,133449
2019-06-07,133449
2019-06-10,133449
2019-06-11,133449
2019-06-12,133449
2019-06-13,133449
2019-06-14,133449
2019-06-17,133449
2019-06-18,133215
2019-06-19,133461
2019-06-20,133965
2019-06-21,134011
2019-06-24,134000
2019-06-25,135171
2019-06-26,134374
2019-06-27,135054
2019-06-28,133566
2019-07-01,134199
2019-07-02,134983
2019-07-03,134421
2019-07-04,134398
2019-07-05,133590
2019-07-08,132630
2019-07-09,133438
2019-07-10,133508
2019-07-11,135756
2019-07-12,135229
2019-07-15,134726
2019-07-16,133531
2019-07-17,133391
2019-07-18,134445
2019-07-19,133660
2019-07-22,133625
2019-07-23,134550
2019-07-24,132641
2019-07-25,132044
2019-07-26,131072
2019-07-29,130440
2019-07-30,130557
2019-07-31,131857
2019-08-01,130721
2019-08-02,130346
2019-08-05,129023
2019-08-06,129257
2019-08-07,126833
2019-08-08,126189
2019-08-09,126189
2019-08-12,126189
2019-08-13,126189
2019-08-14,126189
2019-08-15,126189
2019-08-16,126189
2019-08-19,126189
2019-08-20,126189
2019-08-21,126189
2019-08-22,126189
2019-08-23,126189
2019-08-26,126189
2019-08-27,126189
2019-08-28,126189
2019-08-29,126189
2019-08-30,126189
2019-09-02,126189
2019-09-03,126189
2019-09-04,126189
2019-09-05,126189
2019-09-06,126189
2019-09-09,126189
2019-09-10,126189
2019-09-11,126189
2019-09-12,126189
2019-09-13,126189
2019-09-16,126189
2019-09-17,126189
2019-09-18,126189
2019-09-19,126189
2019-09-20,126189
2019-09-23,126189
2019-09-24,126189
2019-09-25,126189
2019-09-26,126189
2019-09-27,126189
2019-09-30,126189
2019-10-01,126189
2019-10-02,126189
2019-10-03,126189
2019-10-04,126189
2019-10-07,126189
2019-10-08,126189
2019-10-09,126189
2019-10-10,126189
2019-10-11,126189
2019-10-14,126189
2019-10-15,126189
2019-10-16,126189
2019-10-17,126189
2019-10-18,126189
2019-10-21,126189
2019-10-22,126189
2019-10-23,126189
2019-10-24,126189
2019-10-25,126189
2019-10-28,126189
2019-10-29,126189
2019-10-30,126189
2019-10-31,126189
2019-11-01,126189
2019-11-04,126189
2019-11-05,126616
2019-11-06,126360
2019-11-07,127580
2019-11-08,125872
2019-11-11,126006
2019-11-12,126104
2019-11-13,125079
2019-11-14,123298
2019-11-15,123298
2019-11-18,123298
2019-11-19,123298
2019-11-20,123298
2019-11-21,123298
2019-11-22,123298
2019-11-25,123298
2019-11-26,123298
2019-11-27,123298
2019-11-28,123298
2019-11-29,123298
2019-12-02,123298
2019-12-03,123298
2019-12-04,123298
2019-12-05,123298
2019-12-06,123298
2019-12-09,123298
2019-12-10,123298
2019-12-11,123298
2019-12-12,123298
2019-12-13,123298
2019-12-16,123298
2019-12-17,123298
2019-12-18,123298
2019-12-19,123298
2019-12-20,123298
2019-12-23,123298
2019-12-24,123298
2019-12-25,123298
2019-12-26,123298
2019-12-27,123298
2019-12-30,123298
2019-12-31,123298
2020-01-01,123298
2020-01-02,123298
2020-01-03,123298
2020-01-06,123298
2020-01-07,123298
2020-01-08,123298
2020-01-09,123298
2020-01-10,123298
2020-01-13,123298
2020-01-14,123298
2020-01-15,123298
2020-01-16,123298
2020-01-17,123298
2020-01-20,123298
2020-01-21,123298
2020-01-22,123298
2020-01-23,123298
2020-01-24,123298
2020-01-27,123298
2020-01-28,123298
2020-01-29,123298
2020-01-30,123298
2020-01-31,123298
2020-02-03,123298
2020-02-04,123298
2020-02-05,123298
2020-02-06,123298
2020-02-07,123298
2020-02-10,123298
2020-02-11,123298
2020-02-12,123298
2020-02-13,123298
2020-02-14,123298
2020-02-17,123298
2020-02-18,123298
2020-02-19,123298
2020-02-20,123298
2020-02-21,123298
2020-02-24,123298
2020-02-25,123298
2020-02-26,123298
2020-02-27,123298
2020-02-28,123298
2020-03-02,123298
2020-03-03,123298
2020-03-04,123298
2020-03-05,123298
2020-03-06,123298
2020-03-09,123298
2020-03-10,123298
2020-03-11,123298
2020-03-12,123298
2020-03-13,123298
2020-03-16,123298
2020-03-17,122945
2020-03-18,123559
2020-03-19,122984
2020-03-20,123363
2020-03-23,123794
2020-03-24,123193
2020-03-25,124657
2020-03-26,125742
2020-03-27,124801
2020-03-30,125193
2020-03-31,126382
2020-04-01,127101
2020-04-02,128395
2020-04-03,127532
2020-04-06,128147
2020-04-07,129075
2020-04-08,130042
2020-04-09,130512
2020-04-10,131283
2020-04-13,132355
2020-04-14,131257
2020-04-15,131349
2020-04-16,130761
2020-04-17,129676
2020-04-20,128421
2020-04-21,128931
2020-04-22,130643
2020-04-23,130225
2020-04-24,131453
2020-04-27,132081
2020-04-28,132617
2020-04-29,130578
2020-04-30,130486
2020-05-01,129741
2020-05-04,128839
2020-05-05,130813
2020-05-06,133427
2020-05-07,133035
2020-05-08,132107
2020-05-11,133505
2020-05-12,131323
2020-05-13,131506
2020-05-14,129833
2020-05-15,130251
2020-05-18,129924
2020-05-19,129663
2020-05-20,129545
2020-05-21,128866
2020-05-22,130918
2020-05-25,130800
2020-05-26,130565
2020-05-27,131310
2020-05-28,129976
2020-05-29,129192
2020-06-01,128879
2020-06-02,129924
2020-06-03,130382
2020-06-04,128107
2020-06-05,128212
2020-06-08,127611
2020-06-09,127611
2020-06-10,127611
2020-06-11,127611
2020-06-12,127611
2020-06-15,127611
2020-06-16,127611
2020-06-17,127611
2020-06-18,127611
2020-06-19,127611
2020-06-22,127611
2020-06-23,127611
2020-06-24,127611
2020-06-25,127611
2020-06-26,127611
2020-06-29,127611
2020-06-30,127611
2020-07-01,127611
2020-07-02,127611
2020-07-03,127611
2020-07-06,127611
2020-07-07,127611
2020-07-08,127611
2020-07-09,127611
2020-07-10,127611
2020-07-13,127611
2020-07-14,127611
2020-07-15,127611
2020-07-16,127611
2020-07-17,127611
2020-07-20,127611
2020-07-21,127611
2020-07-22,127611
2020-07-23,127611
2020-07-24,127611
2020-07-27,127611
2020-07-28,127611
2020-07-29,127611
2020-07-30,127611
2020-07-31,127611
2020-08-03,127068
2020-08-04,127227
2020-08-05,126843
2020-08-06,126843
2020-08-07,126843
2020-08-10,126843
2020-08-11,126843
2020-08-12,126843
2020-08-13,126843
2020-08-14,126843
2020-08-17,126843
2020-08-18,126843
2020-08-19,126843
2020-08-20,126843
2020-08-21,126843
2020-08-24,126843
2020-08-25,126843
2020-08-26,126843
2020-08-27,126843
2020-08-28,126843
2020-08-31,126843
2020-09-01,126843
2020-09-02,126843
2020-09-03,126843
2020-09-04,126843
2020-09-07,126843
2020-09-08,126396
2020-09-09,127434
2020-09-10,128038
2020-09-11,129028
2020-09-14,127990
2020-09-15,126746
2020-09-16,124562
2020-09-17,124743
2020-09-18,127543
2020-09-21,127265
2020-09-22,127567
2020-09-23,127205
2020-09-24,126396
2020-09-25,127157
2020-09-28,126867
2020-09-29,126010
2020-09-30,127181
2020-10-01,127398
2020-10-02,128678
2020-10-05,129643
2020-10-06,128291
2020-10-07,129160
2020-10-08,128569
2020-10-09,127543
2020-10-12,128340
2020-10-13,128943
2020-10-14,129510
2020-10-15,129040
2020-10-16,126276
2020-10-19,125032
2020-10-20,125588
2020-10-21,126276
2020-10-22,127217
2020-10-23,125250
2020-10-26,126288
2020-10-27,125395
2020-10-28,124912
2020-10-29,124043
2020-10-30,123898
2020-11-02,123801
2020-11-03,126493
2020-11-04,126082
2020-11-05,126010
2020-11-06,126336
2020-11-09,126336
2020-11-10,126336
2020-11-11,126336
2020-11-12,126336
2020-11-13,126336
2020-11-16,126336
2020-11-17,126336
2020-11-18,126336
2020-11-19,126336
2020-11-20,126336
2020-11-23,126336
2020-11-24,126336
2020-11-25,126336
2020-11-26,126336
2020-11-27,126336
2020-11-30,126336
2020-12-01,126336
2020-12-02,126336
2020-12-03,126336
2020-12-04,126336
2020-12-07,126336
2020-12-08,126336
2020-12-09,126336
2020-12-10,126336
2020-12-11,126336
2020-12-14,126336
2020-12-15,126336
2020-12-16,126336
2020-12-17,126336
2020-12-18,126336
2020-12-21,126336
2020-12-22,126336
2020-12-23,126336
2020-12-24,126336
2020-12-25,126336
2020-12-28,126336
2020-12-29,126336
2020-12-30,126336
2020-12-31,126336
2021-01-01,126336
2021-01-04,126336
2021-01-05,126336
2021-01-06,126336
2021-01-07,126336
2021-01-08,126336
2021-01-11,126336
2021-01-12,126336
2021-01-13,126336
2021-01-14,126336
2021-01-15,126336
2021-01-18,126336
2021-01-19,126336
2021-01-20,126336
2021-01-21,126336
2021-01-22,126336
2021-01-25,126336
2021-01-26,126336
2021-01-27,126336
2021-01-28,126336
2021-01-29,126336
2021-02-01,126336
2021-02-02,126336
2021-02-03,126336
2021-02-04,126336
2021-02-05,126336
2021-02-08,126336
2021-02-09,126336
2021-02-10,126336
2021-02-11,126336
2021-02-12,126336
2021-02-15,126336
2021-02-16,126336
2021-02-17,126336
2021-02-18,126336
2021-02-19,126336
2021-02-22,126336
2021-02-23,126336
2021-02-24,126336
2021-02-25,126336
2021-02-26,126336
2021-03-01,126336
2021-03-02,126336
2021-03-03,126336
2021-03-04,126336
2021-03-05,126336
2021-03-08,126336
2021-03-09,126336
2021-03-10,126336
2021-03-11,126336
2021-03-12,126336
2021-03-15,126336
2021-03-16,126336
2021-03-17,126336
2021-03-18,126336
2021-03-19,126336
2021-03-22,126336
2021-03-23,126336
2021-03-24,126336
2021-03-25,126336
2021-03-26,126336
2021-03-29,126336
2021-03-30,126336
2021-03-31,126336
2021-04-01,126336
2021-04-02,127217
2021-04-05,125427
2021-04-06,125468
2021-04-07,126065
2021-04-08,126417
2021-04-09,126838
2021-04-12,126838
2021-04-13,127272
2021-04-14,126946
2021-04-15,125699
2021-04-16,124546
2021-04-19,125536
2021-04-20,127109
2021-04-21,124885
2021-04-22,122783
2021-04-23,122593
2021-04-26,121617
2021-04-27,119570
2021-04-28,119163
2021-04-29,120451
2021-04-30,120519
2021-05-03,119814
2021-05-04,119786
2021-05-05,120803
2021-05-06,120085
2021-05-07,120085
2021-05-10,120085
2021-05-11,120085
2021-05-12,120085
2021-05-13,120085
2021-05-14,120085
2021-05-17,120085
2021-05-18,120085
2021-05-19,120085
2021-05-20,120085
2021-05-21,120085
2021-05-24,120085
2021-05-25,120085
2021-05-26,120085
2021-05-27,120085
2021-05-28,120085
2021-05-31,120085
2021-06-01,120085
2021-06-02,120085
2021-06-03,120085
2021-06-04,120085
2021-06-07,120085
2021-06-08,120085
2021-06-09,120085
2021-06-10,120085
2021-06-11,120085
2021-06-14,120085
2021-06-15,120085
2021-06-16,120085
2021-06-17,120085
2021-06-18,120085
2021-06-21,120085
2021-06-22,120085
2021-06-23,120085
2021-06-24,120085
2021-06-25,120085
2021-06-28,120085
2021-06-29,120085
2021-06-30,120085
2021-07-01,120085
2021-07-02,120085
2021-07-05,120085
2021-07-06,120085
2021-07-07,120085
2021-07-08,120085
2021-07-09,120085
2021-07-12,120085
2021-07-13,120085
2021-07-14,120085
2021-07-15,121279
2021-07-16,120646
2021-07-19,122545
2021-07-20,122229
2021-07-21,122920
2021-07-22,122387
2021-07-23,120977
2021-07-26,120718
2021-07-27,120876
2021-07-28,119797
2021-07-29,119797
2021-07-30,119797
2021-08-02,119797
2021-08-03,119797
2021-08-04,119797
2021-08-05,119797
2021-08-06,119797
2021-08-09,119797
2021-08-10,119797
2021-08-11,119797
2021-08-12,119797
2021-08-13,119797
2021-08-16,119797
2021-08-17,119797
2021-08-18,119797
2021-08-19,119797
2021-08-20,119797
2021-08-23,119797
2021-08-24,119797
2021-08-25,119797
2021-08-26,119797
2021-08-27,119797
2021-08-30,119797
2021-08-31,119797
2021-09-01,119797
2021-09-02,119797
2021-09-03,119797
2021-09-06,119797
2021-09-07,119797
2021-09-08,119797
2021-09-09,119797
2021-09-10,119797
2021-09-13,119797
2021-09-14,119797
2021-09-15,119797
2021-09-16,119797
2021-09-17,119797
2021-09-20,119797
2021-09-21,119797
2021-09-22,119797
2021-09-23,119797
2021-09-24,119797
2021-09-27,119797
2021-09-28,119797
2021-09-29,119797
2021-09-30,119797
2021-10-01,119797
2021-10-04,119797
2021-10-05,119062
2021-10-06,119755
2021-10-07,120645
2021-10-08,121097
2021-10-11,120814
2021-10-12,122185
2021-10-13,121069
2021-10-14,120009
2021-10-15,118963
2021-10-18,119444
2021-10-19,120334
2021-10-20,119571
2021-10-21,120560
2021-10-22,121323
2021-10-25,121309
2021-10-26,120687
2021-10-27,121662
2021-10-28,120998
2021-10-29,119938
2021-11-01,118059
2021-11-02,118709
2021-11-03,117706
2021-11-04,116971
2021-11-05,118172
2021-11-08,118539
2021-11-09,117593
2021-11-10,118681
2021-11-11,120772
2021-11-12,121507
2021-11-15,121902
2021-11-16,122891
2021-11-17,122524
2021-11-18,123005
2021-11-19,123273
2021-11-22,124516
2021-11-23,124502
2021-11-24,124841
2021-11-25,125562
2021-11-26,124375
2021-11-29,124771
2021-11-30,125647
2021-12-01,125802
2021-12-02,126933
2021-12-03,127032
2021-12-06,126339
2021-12-07,125859
2021-12-08,125760
2021-12-09,126014
2021-12-10,125746
2021-12-13,126297
2021-12-14,126085
2021-12-15,126664
2021-12-16,125661
2021-12-17,126156
2021-12-20,125392
2021-12-21,127102
2021-12-22,127102
2021-12-23,125760
2021-12-24,123937
2021-12-27,122637
2021-12-28,122453
2021-12-29,122510
2021-12-30,121210
2021-12-31,121705
2022-01-03,121493
2022-01-04,121281
2022-01-05,120518
2022-01-06,121309
2022-01-07,122114
2022-01-10,121789
2022-01-11,122072
2022-01-12,124276
2022-01-13,124276
2022-01-14,124276
2022-01-17,124276
2022-01-18,124276
2022-01-19,124276
2022-01-20,124276
2022-01-21,124276
2022-01-24,124276
2022-01-25,124276
2022-01-26,124276
2022-01-27,124276
2022-01-28,124276
2022-01-31,124276
2022-02-01,124276
2022-02-02,124904
2022-02-03,124500
2022-02-04,124695
2022-02-07,123983
2022-02-08,122866
2022-02-09,122880
2022-02-10,122224
2022-02-11,121889
2022-02-14,121219
2022-02-15,120898
2022-02-16,122420
2022-02-17,123606
2022-02-18,123425
2022-02-21,124500
2022-02-22,124360
2022-02-23,124932
2022-02-24,124555
2022-02-25,124625
2022-02-28,124932
2022-03-01,124723
2022-03-02,124835
2022-03-03,124011
2022-03-04,123536
2022-03-07,123020
2022-03-08,121987
2022-03-09,123536
2022-03-10,124946
2022-03-11,126300
2022-03-14,124751
2022-03-15,123704
2022-03-16,122978
2022-03-17,122964
2022-03-18,122168
2022-03-21,121582
2022-03-22,121359
2022-03-23,121359
2022-03-24,121359
2022-03-25,121359
2022-03-28,121359
2022-03-29,121359
2022-03-30,121359
2022-03-31,121359
2022-04-01,121359
2022-04-04,121359
2022-04-05,121359
2022-04-06,121359
2022-04-07,121359
2022-04-08,121359
2022-04-11,121359
2022-04-12,121359
2022-04-13,121359
2022-04-14,121359
2022-04-15,121359
2022-04-18,121359
2022-04-19,121359
2022-04-20,121359
2022-04-21,121359
2022-04-22,121359
2022-04-25,121359
2022-04-26,121359
2022-04-27,121359
2022-04-28,121359
2022-04-29,121359
2022-05-02,121359
2022-05-03,121359
2022-05-04,121359
2022-05-05,121359
2022-05-06,121359
2022-05-09,121359
2022-05-10,121359
2022-05-11,121359
2022-05-12,121359
2022-05-13,121359
2022-05-16,121359
2022-05-17,121359
2022-05-18,121359
2022-05-19,121359
2022-05-20,121359
2022-05-23,121359
2022-05-24,121359
2022-05-25,121359
2022-05-26,121359
2022-05-27,121359
2022-05-30,121359
2022-05-31,121359
2022-06-01,121359
2022-06-02,121359
2022-06-03,121359
2022-06-06,121359
2022-06-07,121359
2022-06-08,121359
2022-06-09,121359
2022-06-10,121359
2022-06-13,121359
2022-06-14,121359
2022-06-15,121359
2022-06-16,121359
2022-06-17,121359
2022-06-20,121359
2022-06-21,121359
2022-06-22,121359
2022-06-23,121359
2022-06-24,121359
2022-06-27,121359
2022-06-28,121359
2022-06-29,121359
2022-06-30,121359
2022-07-01,121359
2022-07-04,121359
2022-07-05,121359
2022-07-06,121359
2022-07-07,121359
2022-07-08,121359
2022-07-11,121315
2022-07-12,121096
2022-07-13,120105
2022-07-14,119230
2022-07-15,119390
2022-07-18,119959
2022-07-19,118413
2022-07-20,117801
2022-07-21,117889
2022-07-22,117859
2022-07-25,118268
2022-07-26,116358
2022-07-27,116649
2022-07-28,116183
2022-07-29,115672
2022-08-01,116620
2022-08-02,117728
2022-08-03,116853
2022-08-04,115876
2022-08-05,117743
2022-08-08,118851
2022-08-09,118851
2022-08-10,118851
2022-08-11,118851
2022-08-12,118851
2022-08-15,118851
2022-08-16,118851
2022-08-17,118851
2022-08-18,118851
2022-08-19,118851
2022-08-22,118851
2022-08-23,118851
2022-08-24,118851
2022-08-25,118851
2022-08-26,118851
2022-08-29,118851
2022-08-30,118851
2022-08-31,118851
2022-09-01,118851
2022-09-02,119270
2022-09-05,120167
2022-09-06,120253
2022-09-07,120456
2022-09-08,121121
2022-09-09,121974
2022-09-12,122018
2022-09-13,122813
2022-09-14,122610
2022-09-15,121237
2022-09-16,120890
2022-09-19,120615
2022-09-20,121887
2022-09-21,121020
2022-09-22,122278
2022-09-23,123304
2022-09-26,123738
2022-09-27,123999
2022-09-28,123377
2022-09-29,122929
2022-09-30,122278
2022-10-03,121483
2022-10-04,122683
2022-10-05,124403
2022-10-06,124505
2022-10-07,124505
2022-10-10,123391
2022-10-11,124288
2022-10-12,124664
2022-10-13,126168
2022-10-14,125835
2022-10-17,125184
2022-10-18,125358
2022-10-19,125300
2022-10-20,126384
2022-10-21,126139
2022-10-24,126833
2022-10-25,126515
2022-10-26,127281
2022-10-27,126457
2022-10-28,125314
2022-10-31,126124
2022-11-01,123999
2022-11-02,123594
2022-11-03,124837
2022-11-04,125199
2022-11-07,124664
2022-11-08,124606
2022-11-09,123565
2022-11-10,124794
2022-11-11,126095
2022-11-14,125126
2022-11-15,126081
2022-11-16,126168
2022-11-17,127368
2022-11-18,127802
2022-11-21,128467
2022-11-22,129464
2022-11-23,128814
2022-11-24,129884
2022-11-25,129334
2022-11-28,129421
2022-11-29,129566
2022-11-30,130780
2022-12-01,131127
2022-12-02,132573
2022-12-05,131720
2022-12-06,130375
2022-12-07,129595
2022-12-08,128337
2022-12-09,129739
2022-12-12,129349
2022-12-13,128973
2022-12-14,129609
2022-12-15,129898
2022-12-16,129349
2022-12-19,127946
2022-12-20,127527
2022-12-21,129508
2022-12-22,129985
2022-12-23,131633
2022-12-26,132863
2022-12-27,133643
2022-12-28,134077
2022-12-29,133557
2022-12-30,136102
2023-01-02,135697
2023-01-03,134844
2023-01-04,133123
2023-01-05,133875
2023-01-06,134742
2023-01-09,134627
2023-01-10,134959
2023-01-11,134222
2023-01-12,135003
2023-01-13,136694
2023-01-16,137461
2023-01-17,136073
2023-01-18,137128
2023-01-19,138198
2023-01-20,140555
2023-01-23,141915
2023-01-24,142421
2023-01-25,143982
2023-01-26,144402
2023-01-27,146498
2023-01-30,148349
2023-01-31,147539
2023-02-01,146267
2023-02-02,147091
2023-02-03,146672
2023-02-06,147655
2023-02-07,146831
2023-02-08,146180
2023-02-09,145023
2023-02-10,145472
2023-02-13,145269
2023-02-14,145226
2023-02-15,144908
2023-02-16,144561
2023-02-17,143722
2023-02-20,142811
2023-02-21,140859
2023-02-22,141076
2023-02-23,140425
2023-02-24,140873
2023-02-27,142363
2023-02-28,141481
2023-03-01,142262
2023-03-02,142638
2023-03-03,141640
2023-03-06,143332
2023-03-07,143158
2023-03-08,140223
2023-03-09,139297
2023-03-10,138372
2023-03-13,138502
2023-03-14,136940
2023-03-15,136940
2023-03-16,136940
2023-03-17,136940
2023-03-20,136940
2023-03-21,136940
2023-03-22,136940
2023-03-23,136940
2023-03-24,136940
2023-03-27,136940
2023-03-28,136940
2023-03-29,136940
2023-03-30,136940
2023-03-31,136940
2023-04-03,136940
2023-04-04,136940
2023-04-05,136940
2023-04-06,136940
2023-04-07,136940
2023-04-10,136940
2023-04-11,136940
2023-04-12,136940
2023-04-13,136940
2023-04-14,136940
2023-04-17,136940
2023-04-18,136940
2023-04-19,136940
2023-04-20,136940
2023-04-21,136940
2023-04-24,136940
2023-04-25,136940
2023-04-26,136940
2023-04-27,136940
2023-04-28,136940
2023-05-01,136940
2023-05-02,136940
2023-05-03,136940
2023-05-04,136940
2023-05-05,136940
2023-05-08,136940
2023-05-09,136940
2023-05-10,136940
2023-05-11,136940
2023-05-12,136940
2023-05-15,136940
2023-05-16,136940
2023-05-17,136940
2023-05-18,136940
2023-05-19,136940
2023-05-22,136940
2023-05-23,136940
2023-05-24,136940
2023-05-25,136940
2023-05-26,136940
2023-05-29,136940
2023-05-30,136940
2023-05-31,136940
2023-06-01,135654
2023-06-02,137028
2023-06-05,135639
2023-06-06,136151
2023-06-07,137379
2023-06-08,136970
2023-06-09,136575
2023-06-12,136502
2023-06-13,136312
2023-06-14,135566
2023-06-15,137832
2023-06-16,137554
2023-06-19,139016
2023-06-20,139616
2023-06-21,140054
2023-06-22,139674
2023-06-23,138008
2023-06-26,137467
2023-06-27,138373
2023-06-28,137744
2023-06-29,137686
2023-06-30,138943
2023-07-03,138914
2023-07-04,137393
2023-07-05,136882
2023-07-06,137525
2023-07-07,137262
2023-07-10,136341
2023-07-11,135654
2023-07-12,135274
2023-07-13,135098
2023-07-14,133929
2023-07-17,134718
2023-07-18,135639
2023-07-19,134937
2023-07-20,135668
2023-07-21,134440
2023-07-24,134221
2023-07-25,134221
2023-07-26,134221
2023-07-27,134221
2023-07-28,134221
2023-07-31,134221
2023-08-01,134221
2023-08-02,134221
2023-08-03,134221
2023-08-04,134221
2023-08-07,134221
2023-08-08,134221
2023-08-09,134221
2023-08-10,134221
2023-08-11,134221
2023-08-14,134221
2023-08-15,134221
2023-08-16,134221
2023-08-17,134221
2023-08-18,134221
2023-08-21,134221
2023-08-22,134221
2023-08-23,134221
2023-08-24,134221
2023-08-25,134221
2023-08-28,134221
2023-08-29,134221
2023-08-30,134221
2023-08-31,134221
2023-09-01,134221
2023-09-04,134221
2023-09-05,134221
2023-09-06,134221
2023-09-07,134221
2023-09-08,134221
2023-09-11,134221
2023-09-12,134221
2023-09-13,134221
2023-09-14,134221
2023-09-15,134221
2023-09-18,134221
2023-09-19,134221
2023-09-20,134221
2023-09-21,134221
2023-09-22,134221
2023-09-25,134221
2023-09-26,134221
2023-09-27,134221
2023-09-28,134221
2023-09-29,134221
2023-10-02,134221
2023-10-03,134221
2023-10-04,134221
2023-10-05,134221
2023-10-06,134221
2023-10-09,134221
2023-10-10,134221
2023-10-11,134221
2023-10-12,134221
2023-10-13,134221
2023-10-16,134221
2023-10-17,134221
2023-10-18,134221
2023-10-19,134221
2023-10-20,134221
2023-10-23,134221
2023-10-24,134221
2023-10-25,134221
2023-10-26,134221
2023-10-27,134221
2023-10-30,134221
2023-10-31,134221
2023-11-01,134221
2023-11-02,134221
2023-11-03,134221
2023-11-06,134221
2023-11-07,134221
2023-11-08,134221
2023-11-09,134221
2023-11-10,134221
2023-11-13,134221
2023-11-14,134221
2023-11-15,134221
2023-11-16,134221
2023-11-17,134221
2023-11-20,134221
2023-11-21,134221
2023-11-22,134221
2023-11-23,134221
2023-11-24,134221
2023-11-27,134221
2023-11-28,134221
2023-11-29,134221
2023-11-30,134221
2023-12-01,134221
2023-12-04,134221
2023-12-05,134221
2023-12-06,134221
2023-12-07,134221
2023-12-08,134221
2023-12-11,134221
2023-12-12,134221
2023-12-13,134221
2023-12-14,134221
2023-12-15,134221
2023-12-18,134221
2023-12-19,134221
2023-12-20,134221
2023-12-21,134221
2023-12-22,134221
2023-12-25,134221
2023-12-26,134221
2023-12-27,134221
2023-12-28,134221
2023-12-29,134221
2024-01-01,134221
2024-01-02,134221
2024-01-03,134221
2024-01-04,134221
2024-01-05,134221
2024-01-08,134221
2024-01-09,134221
2024-01-10,134221
2024-01-11,134221
2024-01-12,134221
2024-01-15,134221
2024-01-16,134221
2024-01-17,134221
2024-01-18,134221
2024-01-19,134221
2024-01-22,134221
2024-01-23,134221
2024-01-24,134221
2024-01-25,134221
2024-01-26,134221
2024-01-29,134221
2024-01-30,134221
2024-01-31,134221
2024-02-01,134221
2024-02-02,134221
2024-02-05,134221
2024-02-06,133512
2024-02-07,134609
2024-02-08,134069
2024-02-09,133900
2024-02-12,135942
2024-02-13,137291
2024-02-14,138793
2024-02-15,138540
2024-02-16,139552
2024-02-19,139417
2024-02-20,140935
2024-02-21,141138
2024-02-22,141155
2024-02-23,141205
2024-02-26,141138
2024-02-27,140429
2024-02-28,141931
2024-02-29,143297
2024-03-01,145895
2024-03-04,146097
2024-03-05,145305
2024-03-06,143972
2024-03-07,144259
2024-03-08,144950
2024-03-11,146064
2024-03-12,145608
2024-03-13,143584
2024-03-14,143769
2024-03-15,144022
2024-03-18,143702
2024-03-19,143634
2024-03-20,144006
2024-03-21,144022
2024-03-22,144377
2024-03-25,143820
2024-03-26,143196
2024-03-27,142588
2024-03-28,142673
2024-03-29,141728
2024-04-01,141812
2024-04-02,138810
2024-04-03,138860
2024-04-04,138961
2024-04-05,138624
2024-04-08,139957
2024-04-09,139839
2024-04-10,138877
2024-04-11,138894
2024-04-12,137342
2024-04-15,135233
2024-04-16,135233
2024-04-17,135233
2024-04-18,135233
2024-04-19,135233
2024-04-22,135233
2024-04-23,135233
2024-04-24,135233
2024-04-25,135233
2024-04-26,135233
2024-04-29,135233
2024-04-30,135233
2024-05-01,135233
2024-05-02,135233
2024-05-03,135233
2024-05-06,135233
2024-05-07,135233
2024-05-08,135233
2024-05-09,135233
2024-05-10,135233
2024-05-13,135233
2024-05-14,135233
2024-05-15,135233
2024-05-16,135233
2024-05-17,135233
2024-05-20,135233
2024-05-21,135233
2024-05-22,135233
2024-05-23,135233
2024-05-24,135233
2024-05-27,135233
2024-05-28,135233
2024-05-29,135233
2024-05-30,135233
2024-05-31,135233
2024-06-03,135233
2024-06-04,135233
2024-06-05,135233
2024-06-06,135233
2024-06-07,135233
2024-06-10,135233
2024-06-11,135233
2024-06-12,134928
2024-06-13,135024
2024-06-14,135153
2024-06-17,134526
2024-06-18,135121
2024-06-19,136327
2024-06-20,137002
2024-06-21,134670
2024-06-24,133834
2024-06-25,134252
2024-06-26,133320
2024-06-27,133062
2024-06-28,133271
2024-07-01,133689
2024-07-02,133304
2024-07-03,133738
2024-07-04,133834
2024-07-05,130827
2024-07-08,131470
2024-07-09,131937
2024-07-10,132869
2024-07-11,133287
2024-07-12,135394
2024-07-15,137227
2024-07-16,135748
2024-07-17,136327
2024-07-18,137677
2024-07-19,137597
2024-07-22,136423
2024-07-23,136648
2024-07-24,138787
2024-07-25,139784
2024-07-26,140105
2024-07-29,138224
2024-07-30,139398
2024-07-31,137565
2024-08-01,139366
2024-08-02,138948
2024-08-05,138256
2024-08-06,138401
2024-08-07,138755
2024-08-08,137549
2024-08-09,138530
2024-08-12,139125
2024-08-13,138224
2024-08-14,138063
2024-08-15,137533
2024-08-16,138851
2024-08-19,138369
2024-08-20,138353
2024-08-21,138867
2024-08-22,139189
2024-08-23,138417
2024-08-26,137999
2024-08-27,138144
2024-08-28,137967
2024-08-29,137565
2024-08-30,136423
2024-09-02,134976
2024-09-03,132902
2024-09-04,130956
2024-09-05,132033
2024-09-06,131631
2024-09-09,134349
2024-09-10,134349
2024-09-11,134349
2024-09-12,134349
2024-09-13,134349
2024-09-16,134349
2024-09-17,134349
2024-09-18,134349
2024-09-19,134349
2024-09-20,134349
2024-09-23,134349
2024-09-24,134349
2024-09-25,134349
2024-09-26,134349
2024-09-27,134349
2024-09-30,134349
2024-10-01,134349
2024-10-02,134349
2024-10-03,134349
2024-10-04,134349
2024-10-07,134349
2024-10-08,134349
2024-10-09,134349
2024-10-10,134349
2024-10-11,134349
2024-10-14,134349
2024-10-15,134349
2024-10-16,134349
2024-10-17,134349
2024-10-18,134349
2024-10-21,134349
2024-10-22,134349
2024-10-23,134349
2024-10-24,134349
2024-10-25,134349
2024-10-28,134349
2024-10-29,134349
2024-10-30,134349
2024-10-31,134349
2024-11-01,134349
2024-11-04,134349
2024-11-05,134349
2024-11-06,134349
2024-11-07,134349
2024-11-08,134349
2024-11-11,134349
2024-11-12,134349
2024-11-13,134349
2024-11-14,134349
2024-11-15,134349
2024-11-18,134349
2024-11-19,134349
2024-11-20,134349
2024-11-21,134349
2024-11-22,134349
2024-11-25,134349
2024-11-26,134349
2024-11-27,134349
2024-11-28,134349
2024-11-29,134349
2024-12-02,134349
2024-12-03,134349
2024-12-04,134349
2024-12-05,134349
2024-12-06,134349
2024-12-09,134349
2024-12-10,134349
2024-12-11,134349
2024-12-12,134349
2024-12-13,134349
2024-12-16,134349
2024-12-17,134782
2024-12-18,133375
2024-12-19,136189
2024-12-20,138390
2024-12-23,139472
2024-12-24,141276
2024-12-25,142539
2024-12-26,142088
2024-12-27,142954
2024-12-30,144253
2024-12-31,142034
2025-01-01,141493
2025-01-02,140410
2025-01-03,142178
2025-01-06,142377
2025-01-07,141980
2025-01-08,142286
2025-01-09,142250
2025-01-10,143224
2025-01-13,141348
2025-01-14,143152
2025-01-15,142755
2025-01-16,142990
2025-01-17,143982
2025-01-20,143964
2025-01-21,145750
2025-01-22,144595
2025-01-23,143621
2025-01-24,144181
2025-01-27,144776
2025-01-28,144126
2025-01-29,143423
2025-01-30,142359
2025-01-31,143369
2025-02-03,142828
2025-02-04,141258
2025-02-05,139653
2025-02-06,139292
2025-02-07,140410
2025-02-10,140699
2025-02-11,140482
2025-02-12,140122
2025-02-13,139202
2025-02-14,137470
2025-02-17,134836
2025-02-18,134728
2025-02-19,135070
2025-02-20,135070
2025-02-21,135070
2025-02-24,135070
2025-02-25,135070
2025-02-26,135070
2025-02-27,135070
2025-02-28,135070
2025-03-03,135070
2025-03-04,135070
2025-03-05,135070
2025-03-06,135070
2025-03-07,135070
2025-03-10,135070
2025-03-11,135070
2025-03-12,135070
2025-03-13,135070
2025-03-14,135070
2025-03-17,135070
2025-03-18,135070
2025-03-19,135070
2025-03-20,135070
2025-03-21,135070
2025-03-24,135070
2025-03-25,135070
2025-03-26,135070
2025-03-27,135070
2025-03-28,135070
2025-03-31,135070
2025-04-01,135070
2025-04-02,135070
2025-04-03,135070
2025-04-04,135070
2025-04-07,135070
2025-04-08,135070
2025-04-09,135070
2025-04-10,135070
2025-04-11,135070
2025-04-14,135070
2025-04-15,135070
2025-04-16,135070
2025-04-17,135070
2025-04-18,135070
2025-04-21,135070
2025-04-22,135070
2025-04-23,135070
2025-04-24,135070
2025-04-25,135070
2025-04-28,135070
2025-04-29,135070
2025-04-30,135070
2025-05-01,135070
2025-05-02,135070
2025-05-05,135070
2025-05-06,135070
2025-05-07,135070
2025-05-08,135070
2025-05-09,135070
2025-05-12,135070
2025-05-13,135070
2025-05-14,135070
2025-05-15,135070
2025-05-16,135070
2025-05-19,135070
2025-05-20,135070
2025-05-21,135070
2025-05-22,135070
2025-05-23,135070
2025-05-26,135070
2025-05-27,135070
2025-05-28,135070
2025-05-29,135070
2025-05-30,135070
2025-06-02,135070
2025-06-03,135070
2025-06-04,135070
2025-06-05,135070
2025-06-06,135070
2025-06-09,135070
2025-06-10,135070
2025-06-11,135070
2025-06-12,135070
2025-06-13,135070
2025-06-16,135070
2025-06-17,135070
2025-06-18,135070
2025-06-19,135070
2025-06-20,135070
2025-06-23,135070
2025-06-24,135070
2025-06-25,135070
2025-06-26,135070
2025-06-27,135070
2025-06-30,135070
2025-07-01,135070
2025-07-02,135070
2025-07-03,135070
2025-07-04,135070
2025-07-07,135070
2025-07-08,135070
2025-07-09,135070
2025-07-10,135070
2025-07-11,135070
2025-07-14,135070
2025-07-15,135070
2025-07-16,135070
2025-07-17,135070
2025-07-18,135070
2025-07-21,135070
2025-07-22,135070
2025-07-23,135070
2025-07-24,135070
2025-07-25,135070
2025-07-28,135070
2025-07-29,135070
2025-07-30,134115
2025-07-31,135108
2025-08-01,136064
2025-08-04,134283
2025-08-05,135295
2025-08-06,135239
2025-08-07,135857
2025-08-08,136570
2025-08-11,137881
2025-08-12,136757
2025-08-13,135408
2025-08-14,134808
2025-08-15,136026
2025-08-18,134677
2025-08-19,136963
2025-08-20,136738
2025-08-21,134377
2025-08-22,134208
2025-08-25,132091
2025-08-26,131697
2025-08-27,131266
2025-08-28,131322
2025-08-29,131247
2025-09-01,130704
2025-09-02,130760
2025-09-03,131060
2025-09-04,129636
2025-09-05,127724
2025-09-08,128343
2025-09-09,126225
2025-09-10,126300
2025-09-11,125363
2025-09-12,125363
2025-09-15,125363
2025-09-16,125363
2025-09-17,125363
2025-09-18,125363
2025-09-19,125363
2025-09-22,125363
2025-09-23,125363
2025-09-24,125363
2025-09-25,125363
2025-09-26,125363
2025-09-29,125363
2025-09-30,125363
2025-10-01,125363
2025-10-02,125363
2025-10-03,125363
2025-10-06,125363
2025-10-07,125363
2025-10-08,125363
2025-10-09,125363
2025-10-10,125363
2025-10-13,125363
2025-10-14,125363
2025-10-15,125363
2025-10-16,125363
2025-10-17,125363
2025-10-20,125363
2025-10-21,125363
2025-10-22,125363
2025-10-23,125363
2025-10-24,125363
2025-10-27,125363
2025-10-28,125363
2025-10-29,125363
2025-10-30,125363
2025-10-31,125363
2025-11-03,125363
2025-11-04,125363
2025-11-05,125363
2025-11-06,125363
2025-11-07,124570
2025-11-10,125234
2025-11-11,124294
2025-11-12,122984
2025-11-13,122357
2025-11-14,121103
2025-11-17,120919
2025-11-18,119794
2025-11-19,119849
2025-11-20,121546
2025-11-21,123242
2025-11-24,122984
2025-11-25,123814
2025-11-26,123445
2025-11-27,123667
2025-11-28,123888
2025-12-01,125142
2025-12-02,126617
2025-12-03,125916
2025-12-04,125418
2025-12-05,124459
2025-12-08,125713
2025-12-09,125326
2025-12-10,126156
2025-12-11,125345
2025-12-12,123501
2025-12-15,123740
2025-12-16,122947
2025-12-17,121933
2025-12-18,121435
2025-12-19,121749
2025-12-22,120200
2025-12-23,120108
2025-12-24,119296
2025-12-25,118356
2025-12-26,118983
2025-12-29,117987
2025-12-30,118762
2025-12-31,118762
2026-01-01,118762
2026-01-02,118762
2026-01-05,118762
2026-01-06,118762
2026-01-07,118762
2026-01-08,118762
2026-01-09,118762
2026-01-12,118762
2026-01-13,118762
2026-01-14,118762
2026-01-15,118762
2026-01-16,118762
2026-01-19,118762
2026-01-20,118762
2026-01-21,118762
2026-01-22,118762
2026-01-23,118762
2026-01-26,118762
2026-01-27,118762
2026-01-28,118762
2026-01-29,118762
2026-01-30,118762
2026-02-02,118762
2026-02-03,118762
2026-02-04,118762
2026-02-05,118762
2026-02-06,118762
2026-02-09,118762
2026-02-10,118762
2026-02-11,118762
2026-02-12,118762
2026-02-13,118762
2026-02-16,118762
2026-02-17,118762
2026-02-18,118762
2026-02-19,119013
2026-02-20,117827
2026-02-23,118169
2026-02-24,117953
2026-02-25,117306
2026-02-26,116623
2026-02-27,116587
2026-03-02,116192
2026-03-03,116264
2026-03-04,115563
2026-03-05,116947
2026-03-06,117881
2026-03-09,117881
2026-03-10,117450
2026-03-11,117504
2026-03-12,119013
2026-03-13,119966
2026-03-16,118043
2026-03-17,119624
2026-03-18,119983
2026-03-19,119552
2026-03-20,120307
2026-03-23,120397
2026-03-24,121187
2026-03-25,121780
2026-03-26,121888
2026-03-27,120343
2026-03-30,119930
2026-03-31,118941
2026-04-01,118007
2026-04-02,116947
2026-04-03,117414
2026-04-06,117953
2026-04-07,118348
2026-04-08,118618
2026-04-09,117953
2026-04-10,118169
2026-04-13,119534
2026-04-14,118815
2026-04-15,119840
2026-04-16,118654
2026-04-17,117791
2026-04-20,117324
2026-04-21,119678
2026-04-22,118546
2026-04-23,120127
2026-04-24,120774
2026-04-27,121116
2026-04-28,121924
2026-04-29,121745
2026-04-30,120864
2026-05-01,120900
2026-05-04,120846
2026-05-05,120109
2026-05-06,120343
2026-05-07,120469
2026-05-08,120199
2026-05-11,120810
2026-05-12,121313
2026-05-13,119732
2026-05-14,119966
2026-05-15,119606
2026-05-18,118833
2026-05-19,117755
2026-05-20,118115
2026-05-21,118510
2026-05-22,117180
2026-05-25,117953
2026-05-26,117468
2026-05-27,119013
2026-05-28,119013
2026-05-29,119013
2026-06-01,119013
2026-06-02,119013
2026-06-03,119013
2026-06-04,118661
2026-06-05,119454
2026-06-08,121357
2026-06-09,119806
2026-06-10,119365
2026-06-11,119947
2026-06-12,121163
2026-06-15,121163
2026-06-16,121480
2026-06-17,119824
2026-06-18,118696
2026-06-19,119013
2026-06-22,118943
2026-06-23,119436
2026-06-24,119066
2026-06-25,119630
2026-06-26,120546
2026-06-29,120053
2026-06-30,120617
2026-07-01,120916
2026-07-02,119436
2026-07-03,119859
2026-07-06,120141
2026-07-07,121163
2026-07-08,120722
2026-07-09,121216
2026-07-10,121533
2026-07-13,122643
2026-07-14,121674
2026-07-15,121022
2026-07-16,122326
2026-07-17,121057
2026-07-20,120599
2026-07-21,121656
2026-07-22,121674
2026-07-23,121973
2026-07-24,122643
2026-07-27,123013
2026-07-28,122837
2026-07-29,122784
2026-07-30,123101
2026-07-31,124000
2026-08-03,125145
2026-08-04,125726
2026-08-05,125339
2026-08-06,124475
2026-08-07,125603
2026-08-10,126132
2026-08-11,126572
2026-08-12,128933
2026-08-13,128387
2026-08-14,127576
2026-08-17,126572
2026-08-18,127171
2026-08-19,126237
2026-08-20,125585
2026-08-21,125427
2026-08-24,124634
2026-08-25,122502
2026-08-26,122960
2026-08-27,123066
2026-08-28,122625
2026-08-31,124070
2026-09-01,123260
2026-09-02,124246
2026-09-03,124616
2026-09-04,125709
2026-09-07,126273
2026-09-08,127400
2026-09-09,126484
2026-09-10,125903
2026-09-11,125057
2026-09-14,124740
2026-09-15,125726
2026-09-16,124687
2026-09-17,123982
2026-09-18,124017
2026-09-21,123400
2026-09-22,122978
2026-09-23,123541
2026-09-24,124722
2026-09-25,125585
2026-09-28,125444
2026-09-29,125814
2026-09-30,125585
2026-10-01,126114
2026-10-02,126572
2026-10-05,128757
2026-10-06,129074
2026-10-07,130308
2026-10-08,129832
2026-10-09,129973
2026-10-12,129726
2026-10-13,128863
2026-10-14,128369
2026-10-15,127242
2026-10-16,127717
2026-10-19,129039
2026-10-20,130026
2026-10-21,129532
2026-10-22,128616
2026-10-23,130078
2026-10-26,131329
2026-10-27,131699
2026-10-28,132528
2026-10-29,132986
2026-10-30,132827
2026-11-02,133268
2026-11-03,134043
2026-11-04,134254
2026-11-05,132704
2026-11-06,133268
2026-11-09,132175
2026-11-10,134607
2026-11-11,132122
2026-11-12,131611
2026-11-13,132387
2026-11-16,132721
2026-11-17,133356
2026-11-18,133162
2026-11-19,133232
2026-11-20,132492
2026-11-23,133602
2026-11-24,133144
2026-11-25,133691
2026-11-26,132492
2026-11-27,134994
2026-11-30,137109
2026-12-01,137585
2026-12-02,137532
2026-12-03,135823
2026-12-04,135611
2026-12-07,136069
2026-12-08,137162
2026-12-09,137179
2026-12-10,136157
2026-12-11,134413
2026-12-14,134254
2026-12-15,132704
2026-12-16,130519
2026-12-17,130589
2026-12-18,129638
2026-12-21,131048
2026-12-22,132034
2026-12-23,133461
2026-12-24,133373
2026-12-25,131893
2026-12-28,131418
2026-12-29,130924
2026-12-30,130202
2026-12-31,130589
2027-01-01,130589
2027-01-04,130589
2027-01-05,130589
2027-01-06,130589
2027-01-07,130589
2027-01-08,130589
2027-01-11,130589
2027-01-12,130589
2027-01-13,130589
2027-01-14,130589
2027-01-15,130589
2027-01-18,130589
2027-01-19,130589
2027-01-20,130589
2027-01-21,130589
2027-01-22,130589
2027-01-25,130589
2027-01-26,130909
2027-01-27,130035
2027-01-28,128236
2027-01-29,126303
2027-02-01,126757
2027-02-02,127194
2027-02-03,127446
2027-02-04,128202
2027-02-05,127143
2027-02-08,126740
2027-02-09,127580
2027-02-10,126303
2027-02-11,127933
2027-02-12,129614
2027-02-15,128858
2027-02-16,128387
2027-02-17,129631
2027-02-18,130320
2027-02-19,130253
2027-02-22,130388
2027-02-23,131144
2027-02-24,129362
2027-02-25,126723
2027-02-26,125446
2027-03-01,124067
2027-03-02,125160
2027-03-03,124639
2027-03-04,125462
2027-03-05,124605
2027-03-08,127009
2027-03-09,127648
2027-03-10,127648
2027-03-11,127648
2027-03-12,127648
2027-03-15,127648
2027-03-16,127648
2027-03-17,127648
2027-03-18,127648
2027-03-19,127648
2027-03-22,127648
2027-03-23,127648
2027-03-24,127648
2027-03-25,127648
2027-03-26,127648
2027-03-29,127648
2027-03-30,126792
2027-03-31,127567
2027-04-01,125808
2027-04-02,126631
2027-04-05,126034
2027-04-06,126695
2027-04-07,126841
2027-04-08,125437
2027-04-09,124323
2027-04-12,123742
2027-04-13,124032
2027-04-14,124048
2027-04-15,122854
2027-04-16,122063
2027-04-19,120223
2027-04-20,119239
2027-04-21,118480
2027-04-22,119755
2027-04-23,119642
2027-04-26,119755
2027-04-27,119126
2027-04-28,119126
2027-04-29,119126
2027-04-30,119126
2027-05-03,119126
2027-05-04,119126
2027-05-05,119126
2027-05-06,119126
2027-05-07,119126
2027-05-10,119126
2027-05-11,119126
2027-05-12,119126
2027-05-13,119126
2027-05-14,119126
2027-05-17,119126
2027-05-18,119126
2027-05-19,119126
2027-05-20,119126
2027-05-21,119126
2027-05-24,119126
2027-05-25,119126
2027-05-26,119126
2027-05-27,119126
2027-05-28,119126
2027-05-31,119126
2027-06-01,119126
2027-06-02,119126
2027-06-03,118074
2027-06-04,118928
2027-06-07,117693
2027-06-08,116794
2027-06-09,117846
2027-06-10,117556
2027-06-11,116642
2027-06-14,116565
2027-06-15,115880
2027-06-16,113594
2027-06-17,114676
2027-06-18,115742
2027-06-21,114203
2027-06-22,114051
2027-06-23,115240
2027-06-24,114782
2027-06-25,114401
2027-06-28,115544
2027-06-29,115483
2027-06-30,116885
2027-07-01,116733
2027-07-02,118714
2027-07-05,119598
2027-07-06,120558
2027-07-07,120452
2027-07-08,119354
2027-07-09,119050
2027-07-12,119720
2027-07-13,119370
2027-07-14,120055
2027-07-15,119537
2027-07-16,120375
2027-07-19,119126
2027-07-20,117754
2027-07-21,118775
2027-07-22,120025
2027-07-23,121214
2027-07-26,121366
2027-07-27,119888
2027-07-28,120452
2027-07-29,120543
2027-07-30,121122
2027-08-02,123652
2027-08-03,123500
2027-08-04,120909
2027-08-05,121244
2027-08-06,122524
2027-08-09,122265
2027-08-10,123835
2027-08-11,122631
2027-08-12,123439
2027-08-13,123896
2027-08-16,123652
2027-08-17,123820
2027-08-18,122159
2027-08-19,123484
2027-08-20,123576
2027-08-23,122402
2027-08-24,121122
2027-08-25,120406
2027-08-26,120802
2027-08-27,121092
2027-08-30,119613
2027-08-31,121229
2027-09-01,120513
2027-09-02,121930
2027-09-03,122402
2027-09-06,121595
2027-09-07,120010
2027-09-08,120223
2027-09-09,120863
2027-09-10,121518
2027-09-13,120421
2027-09-14,120086
2027-09-15,118379
2027-09-16,118379
2027-09-17,118379
2027-09-20,118379
2027-09-21,118379
2027-09-22,118379
2027-09-23,118379
2027-09-24,118379
2027-09-27,118379
2027-09-28,118379
2027-09-29,118379
2027-09-30,118379
2027-10-01,118379
2027-10-04,118379
2027-10-05,118379
2027-10-06,118379
2027-10-07,118379
2027-10-08,118379
2027-10-11,118379
2027-10-12,118379
2027-10-13,118379
2027-10-14,118379
2027-10-15,118379
2027-10-18,118379
2027-10-19,118379
2027-10-20,118379
2027-10-21,118379
2027-10-22,118379
2027-10-25,118379
2027-10-26,118379
2027-10-27,118379
2027-10-28,118379
2027-10-29,118379
2027-11-01,118379
2027-11-02,118379
2027-11-03,118379
2027-11-04,118379
2027-11-05,118379
2027-11-08,118379
2027-11-09,118379
2027-11-10,118379
2027-11-11,118379
2027-11-12,118379
2027-11-15,118379
2027-11-16,118379
2027-11-17,118379
2027-11-18,118379
2027-11-19,118379
2027-11-22,118379
2027-11-23,118379
2027-11-24,118379
2027-11-25,118379
2027-11-26,118379
2027-11-29,118379
2027-11-30,118379
2027-12-01,118379
2027-12-02,118379
2027-12-03,118379
2027-12-06,118379
2027-12-07,118379
2027-12-08,118379
2027-12-09,118379
2027-12-10,118379
2027-12-13,118379
2027-12-14,118379
2027-12-15,118379
2027-12-16,118379
2027-12-17,118379
2027-12-20,118379
2027-12-21,118379
2027-12-22,118379
2027-12-23,118379
2027-12-24,118379
2027-12-27,118379
2027-12-28,118379
2027-12-29,118379
2027-12-30,118379
2027-12-31,118379
2028-01-03,118379
2028-01-04,118379
2028-01-05,118379
2028-01-06,118379
2028-01-07,118379
2028-01-10,118379
2028-01-11,118379
2028-01-12,118379
2028-01-13,118476
2028-01-14,119796
2028-01-17,119844
2028-01-18,119409
2028-01-19,119426
2028-01-20,118830
2028-01-21,119232
2028-01-24,119538
2028-01-25,118315
2028-01-26,117622
2028-01-27,117832
2028-01-28,116350
2028-01-31,117751
2028-02-01,116431
2028-02-02,116866
2028-02-03,116061
2028-02-04,115288
2028-02-07,114451
2028-02-08,113726
2028-02-09,116045
2028-02-10,117091
2028-02-11,118138
2028-02-14,118138
2028-02-15,118138
2028-02-16,118138
2028-02-17,118138
2028-02-18,118138
2028-02-21,118138
2028-02-22,118138
2028-02-23,118138
2028-02-24,118138
2028-02-25,118138
2028-02-28,118138
2028-02-29,118138
2028-03-01,118138
2028-03-02,118138
2028-03-03,118138
2028-03-06,118138
2028-03-07,118138
2028-03-08,118138
2028-03-09,118138
2028-03-10,118138
2028-03-13,118138
2028-03-14,118138
2028-03-15,118138
2028-03-16,118138
2028-03-17,118138
2028-03-20,118138
2028-03-21,118138
2028-03-22,118138
2028-03-23,118138
2028-03-24,118138
2028-03-27,118138
2028-03-28,118138
2028-03-29,118251
2028-03-30,118073
2028-03-31,117103
2028-04-03,118089
2028-04-04,118105
2028-04-05,119107
2028-04-06,118703
2028-04-07,118331
2028-04-10,118574
2028-04-11,117426
2028-04-12,117265
2028-04-13,118299
2028-04-14,119640
2028-04-17,118138
2028-04-18,116845
2028-04-19,117572
2028-04-20,118477
2028-04-21,118089
2028-04-24,118590
2028-04-25,118105
2028-04-26,118687
2028-04-27,120061
2028-04-28,120723
2028-05-01,121757
2028-05-02,119657
2028-05-03,119479
2028-05-04,120448
2028-05-05,121370
2028-05-08,122016
2028-05-09,122630
2028-05-10,123583
2028-05-11,121806
2028-05-12,121822
2028-05-15,122210
2028-05-16,121046
2028-05-17,121838
2028-05-18,121499
2028-05-19,120562
2028-05-22,120448
2028-05-23,122856
2028-05-24,122969
2028-05-25,123648
2028-05-26,123115
2028-05-29,122743
2028-05-30,122129
2028-05-31,123632
2028-06-01,124117
2028-06-02,124634
2028-06-05,126977
2028-06-06,125846
2028-06-07,126476
2028-06-08,127349
2028-06-09,127607
2028-06-12,127042
2028-06-13,128270
2028-06-14,128642
2028-06-15,129336
2028-06-16,129886
2028-06-19,130128
2028-06-20,129013
2028-06-21,130581
2028-06-22,130015
2028-06-23,130306
2028-06-26,129126
2028-06-27,128286
2028-06-28,126767
2028-06-29,126282
2028-06-30,127219
2028-07-03,127284
2028-07-04,128044
2028-07-05,127850
2028-07-06,126056
2028-07-07,126137
2028-07-10,127042
2028-07-11,128512
2028-07-12,129498
2028-07-13,129918
2028-07-14,128399
2028-07-17,128835
2028-07-18,128124
2028-07-19,129385
2028-07-20,128270
2028-07-21,127947
2028-07-24,127947
2028-07-25,126298
2028-07-26,126880
2028-07-27,127575
2028-07-28,127106
2028-07-31,126363
2028-08-01,128205
2028-08-02,127995
2028-08-03,128561
2028-08-04,128044
2028-08-07,127155
2028-08-08,126282
2028-08-09,127236
2028-08-10,128205
2028-08-11,128205
2028-08-14,128205
2028-08-15,128205
2028-08-16,128205
2028-08-17,128205
2028-08-18,128205
2028-08-21,128205
2028-08-22,128205
2028-08-23,128205
2028-08-24,128205
2028-08-25,128205
2028-08-28,128871
2028-08-29,128481
2028-08-30,128156
2028-08-31,127961
2028-09-01,127295
2028-09-04,126743
2028-09-05,125670
2028-09-06,125995
2028-09-07,124955
2028-09-08,124955
2028-09-11,124955
2028-09-12,124955
2028-09-13,124955
2028-09-14,124955
2028-09-15,124955
2028-09-18,124955
2028-09-19,124955
2028-09-20,124955
2028-09-21,124955
2028-09-22,124955
2028-09-25,124955
2028-09-26,124955
2028-09-27,124955
2028-09-28,124955
2028-09-29,124955
2028-10-02,124955
2028-10-03,124955
2028-10-04,124955
2028-10-05,124955
2028-10-06,124955
2028-10-09,124955
2028-10-10,124955
2028-10-11,124955
2028-10-12,124955
2028-10-13,124955
2028-10-16,124955
2028-10-17,124955
2028-10-18,124955
2028-10-19,124955
2028-10-20,124955
2028-10-23,124955
2028-10-24,124955
2028-10-25,124955
2028-10-26,124955
2028-10-27,124955
2028-10-30,124955
2028-10-31,124955
2028-11-01,124955
2028-11-02,124955
2028-11-03,124955
2028-11-06,124955
2028-11-07,124955
2028-11-08,124955
2028-11-09,124955
2028-11-10,124955
2028-11-13,124955
2028-11-14,124955
2028-11-15,124955
2028-11-16,124955
2028-11-17,124955
2028-11-20,124955
2028-11-21,124955
2028-11-22,124955
2028-11-23,124955
2028-11-24,124955
2028-11-27,124955
2028-11-28,124955
2028-11-29,124955
2028-11-30,124955
2028-12-01,124955
2028-12-04,124955
2028-12-05,124955
2028-12-06,124955
2028-12-07,124955
2028-12-08,124955
2028-12-11,124921
2028-12-12,124409
2028-12-13,123589
2028-12-14,124050
2028-12-15,124238
2028-12-18,125707
2028-12-19,124614
2028-12-20,125451
2028-12-21,126339
2028-12-22,125160
2028-12-25,124443
2028-12-26,125792
2028-12-27,125929
2028-12-28,127022
2028-12-29,129601
2029-01-01,129225
2029-01-02,129874
2029-01-03,130916
2029-01-04,129925
2029-01-05,129311
2029-01-08,129054
2029-01-09,129071
2029-01-10,129960
2029-01-11,130797
2029-01-12,130523
2029-01-15,130472
2029-01-16,130848
2029-01-17,130967
2029-01-18,130404
2029-01-19,131633
2029-01-22,130233
2029-01-23,129840
2029-01-24,130250
2029-01-25,130626
2029-01-26,130762
2029-01-29,130933
2029-01-30,129686
2029-01-31,127159
2029-02-01,126322
2029-02-02,125416
2029-02-05,123999
2029-02-06,124597
2029-02-07,122376
2029-02-08,121744
2029-02-09,122410
2029-02-12,120873
2029-02-13,121437
2029-02-14,121437
2029-02-15,121437
2029-02-16,121437
2029-02-19,121437
2029-02-20,121437
2029-02-21,121437
2029-02-22,121437
2029-02-23,121437
2029-02-26,121437
2029-02-27,121437
2029-02-28,121437
2029-03-01,121437
2029-03-02,121437
2029-03-05,121437
2029-03-06,121437
2029-03-07,121437
2029-03-08,121437
2029-03-09,121437
2029-03-12,121437
2029-03-13,121437
2029-03-14,121437
2029-03-15,121437
2029-03-16,121437
2029-03-19,121437
2029-03-20,121437
2029-03-21,121437
2029-03-22,121437
2029-03-23,121437
2029-03-26,121437
2029-03-27,121437
2029-03-28,121437
2029-03-29,121437
2029-03-30,121437
2029-04-02,121437
2029-04-03,121437
2029-04-04,120280
2029-04-05,122627
2029-04-06,123420
2029-04-09,124759
2029-04-10,124363
2029-04-11,124429
2029-04-12,124511
2029-04-13,124544
2029-04-16,126263
2029-04-17,127073
2029-04-18,127007
2029-04-19,126726
2029-04-20,123834
2029-04-23,122710
2029-04-24,124197
2029-04-25,123784
2029-04-26,122081
2029-04-27,120213
2029-04-30,118974
2029-05-01,117023
2029-05-02,115899
2029-05-03,115684
2029-05-04,116874
2029-05-07,116494
2029-05-08,116445
2029-05-09,117866
2029-05-10,116808
2029-05-11,115585
2029-05-14,115288
2029-05-15,115271
2029-05-16,115271
2029-05-17,115271
2029-05-18,115271
2029-05-21,115271
2029-05-22,115271
2029-05-23,115271
2029-05-24,115271
2029-05-25,115271
2029-05-28,115271
2029-05-29,115271
2029-05-30,115271
2029-05-31,115271
2029-06-01,115271
2029-06-04,115271
2029-06-05,115271
2029-06-06,115271
2029-06-07,115271
2029-06-08,115271
2029-06-11,115271
2029-06-12,115271
2029-06-13,115271
2029-06-14,115271
2029-06-15,115271
2029-06-18,115271
2029-06-19,115271
2029-06-20,115271
2029-06-21,115271
2029-06-22,115271
2029-06-25,115271
2029-06-26,115271
2029-06-27,115271
2029-06-28,115271
2029-06-29,115271
2029-07-02,115271
2029-07-03,115271
2029-07-04,115271
2029-07-05,115271
2029-07-06,115271
2029-07-09,115271
2029-07-10,115271
2029-07-11,115271
2029-07-12,115271
2029-07-13,115271
2029-07-16,115271
2029-07-17,115271
2029-07-18,115271
2029-07-19,115287
2029-07-20,116153
2029-07-23,114790
2029-07-24,116057
2029-07-25,115848
2029-07-26,115271
2029-07-27,114645
2029-07-30,113972
2029-07-31,114132
2029-08-01,114389
2029-08-02,113876
2029-08-03,114838
2029-08-06,113924
2029-08-07,113442
2029-08-08,113491
2029-08-09,113972
2029-08-10,115592
2029-08-13,115848
2029-08-14,115255
2029-08-15,115463
2029-08-16,116554
2029-08-17,115881
2029-08-20,115752
2029-08-21,116923
2029-08-22,117164
2029-08-23,117148
2029-08-24,117132
2029-08-27,117533
2029-08-28,116426
2029-08-29,115079
2029-08-30,115993
2029-08-31,115191
2029-09-03,115239
2029-09-04,116618
2029-09-05,115736
2029-09-06,114774
2029-09-07,114918
2029-09-10,114934
2029-09-11,113266
2029-09-12,112352
2029-09-13,109689
2029-09-14,109240
2029-09-17,108727
2029-09-18,108727
2029-09-19,108727
2029-09-20,108727
2029-09-21,108727
2029-09-24,108727
2029-09-25,108727
2029-09-26,108727
2029-09-27,108727
2029-09-28,108727
2029-10-01,108727
2029-10-02,108727
2029-10-03,108727
2029-10-04,108727
2029-10-05,108727
2029-10-08,108727
2029-10-09,108727
2029-10-10,108727
2029-10-11,108727
2029-10-12,108727
2029-10-15,108727
2029-10-16,108727
2029-10-17,108727
2029-10-18,108727
2029-10-19,108727
2029-10-22,108727
2029-10-23,108727
2029-10-24,108727
2029-10-25,108727
2029-10-26,108727
2029-10-29,108727
2029-10-30,108727
2029-10-31,108727
2029-11-01,108727
2029-11-02,108727
2029-11-05,108727
2029-11-06,108727
2029-11-07,108727
2029-11-08,108727
2029-11-09,108727
2029-11-12,108727
2029-11-13,108727
2029-11-14,108727
2029-11-15,108727
2029-11-16,108727
2029-11-19,108727
2029-11-20,108727
2029-11-21,108727
2029-11-22,108727
2029-11-23,108727
2029-11-26,108727
2029-11-27,108727
2029-11-28,108727
2029-11-29,108727
2029-11-30,108727
2029-12-03,108727
2029-12-04,108727
2029-12-05,108727
2029-12-06,108727
2029-12-07,108727
2029-12-10,109652
2029-12-11,108794
2029-12-12,107835
2029-12-13,108323
2029-12-14,106623
2029-12-17,105967
2029-12-18,107582
2029-12-19,107464
2029-12-20,106640
2029-12-21,107010
2029-12-24,108053
2029-12-25,107481
2029-12-26,108239
2029-12-27,109181
2029-12-28,109181
2029-12-31,109181
2030-01-01,109181
2030-01-02,109181
2030-01-03,109181
2030-01-04,109181
2030-01-07,109181
2030-01-08,109181
2030-01-09,109181
2030-01-10,109181
2030-01-11,109181
2030-01-14,109181
2030-01-15,109181
2030-01-16,109181
2030-01-17,109181
2030-01-18,109181
2030-01-21,109181
2030-01-22,109181
2030-01-23,109181
2030-01-24,109181
2030-01-25,109181
2030-01-28,109181
2030-01-29,109181
2030-01-30,109181
2030-01-31,109784
2030-02-01,109181
2030-02-04,108812
2030-02-05,107723
2030-02-06,108511
2030-02-07,107136
2030-02-08,106198
2030-02-11,107455
2030-02-12,108762
2030-02-13,108930
2030-02-14,108812
2030-02-15,109014
2030-02-18,108527
2030-02-19,106986
2030-02-20,105527
2030-02-21,105812
2030-02-22,107136
2030-02-25,108092
2030-02-26,108779
2030-02-27,109349
2030-02-28,109349
2030-03-01,109349
2030-03-04,109349
2030-03-05,109349
2030-03-06,109349
2030-03-07,109349
2030-03-08,109349
2030-03-11,109349
2030-03-12,109349
2030-03-13,109349
2030-03-14,109349
2030-03-15,109349
2030-03-18,109349
2030-03-19,109349
2030-03-20,109349
2030-03-21,109349
2030-03-22,109349
2030-03-25,109349
2030-03-26,109349
2030-03-27,109349
2030-03-28,109349
2030-03-29,109349
2030-04-01,109349
2030-04-02,109349
2030-04-03,109349
2030-04-04,109349
2030-04-05,109349
2030-04-08,109349
2030-04-09,109349
2030-04-10,109349
2030-04-11,109349
2030-04-12,109349
2030-04-15,109349
2030-04-16,109349
2030-04-17,109349
2030-04-18,109349
2030-04-19,109349
2030-04-22,109349
2030-04-23,109349
2030-04-24,109349
2030-04-25,109349
2030-04-26,109349
2030-04-29,109349
2030-04-30,109349
2030-05-01,109349
2030-05-02,109349
2030-05-03,109349
2030-05-06,109349
2030-05-07,109349
2030-05-08,109349
2030-05-09,109349
2030-05-10,109349
2030-05-13,109349
2030-05-14,109349
2030-05-15,109349
2030-05-16,109349
2030-05-17,109349
2030-05-20,109349
2030-05-21,109349
2030-05-22,109349
2030-05-23,109349
2030-05-24,109349
2030-05-27,109349
2030-05-28,109349
2030-05-29,109349
2030-05-30,109349
2030-05-31,109349
2030-06-03,109349
2030-06-04,109349
2030-06-05,109349
2030-06-06,109349
2030-06-07,109349
2030-06-10,109349
2030-06-11,109349
2030-06-12,109349
2030-06-13,109061
2030-06-14,108874
2030-06-17,110010
2030-06-18,111586
2030-06-19,111112
2030-06-20,110959
2030-06-21,111773
2030-06-24,112535
2030-06-25,112874
2030-06-26,112315
2030-06-27,111739
2030-06-28,111162
2030-07-01,111010
2030-07-02,110908
2030-07-03,112129
2030-07-04,111603
2030-07-05,111552
2030-07-08,111162
2030-07-09,110383
2030-07-10,111925
2030-07-11,112925
2030-07-12,111044
2030-07-15,111247
2030-07-16,109857
2030-07-17,109942
2030-07-18,108654
2030-07-19,108366
2030-07-22,109857
2030-07-23,111417
2030-07-24,111790
2030-07-25,112569
2030-07-26,114027
2030-07-29,114502
2030-07-30,114824
2030-07-31,115180
2030-08-01,114061
2030-08-02,115095
2030-08-05,113705
2030-08-06,113654
2030-08-07,114044
2030-08-08,112925
2030-08-09,113959
2030-08-12,113298
2030-08-13,113146
2030-08-14,112247
2030-08-15,113349
2030-08-16,112671
2030-08-19,113501
2030-08-20,113586
2030-08-21,112264
2030-08-22,112230
2030-08-23,113773
2030-08-26,113044
2030-08-27,114468
2030-08-28,114959
2030-08-29,114841
2030-08-30,115213
2030-09-02,116095
2030-09-03,117044
2030-09-04,115925
2030-09-05,115196
2030-09-06,112925
2030-09-09,114891
2030-09-10,114705
2030-09-11,115010
2030-09-12,116163
2030-09-13,115281
2030-09-16,115078
2030-09-17,115061
2030-09-18,114688
2030-09-19,114502
2030-09-20,113976
2030-09-23,114891
2030-09-24,114230
2030-09-25,115603
2030-09-26,115841
2030-09-27,116688
2030-09-30,118536
2030-10-01,118976
2030-10-02,118942
2030-10-03,120044
2030-10-04,120265
2030-10-07,119841
2030-10-08,118773
2030-10-09,120197
2030-10-10,119976
2030-10-11,121248
2030-10-14,122129
2030-10-15,122722
2030-10-16,123434
2030-10-17,122332
2030-10-18,122960
2030-10-21,121739
2030-10-22,123180
2030-10-23,123265
2030-10-24,124095
2030-10-25,124248
2030-10-28,125434
2030-10-29,125909
2030-10-30,125011
2030-10-31,123519
2030-11-01,124875
2030-11-04,124485
2030-11-05,123451
2030-11-06,123960
2030-11-07,123892
2030-11-08,123756
2030-11-11,126350
2030-11-12,126943
2030-11-13,126739
2030-11-14,128095
2030-11-15,128740
2030-11-18,129604
2030-11-19,129977
2030-11-20,129892
2030-11-21,129841
2030-11-22,131231
2030-11-25,131011
2030-11-26,131502
2030-11-27,131892
2030-11-28,133197
2030-11-29,133231
2030-12-02,132163
2030-12-03,132367
2030-12-04,132062
2030-12-05,132485
2030-12-06,133638
2030-12-09,134926
2030-12-10,134638
2030-12-11,133723
2030-12-12,132841
2030-12-13,133079
2030-12-16,133723
2030-12-17,133892
2030-12-18,134553
2030-12-19,135130
2030-12-20,134096
2030-12-23,133113
2030-12-24,132570
2030-12-25,132808
2030-12-26,133197
2030-12-27,132113
2030-12-30,132672
2030-12-31,131892
2031-01-01,131858
2031-01-02,132621
2031-01-03,133638
2031-01-06,132824
2031-01-07,132350
2031-01-08,132892
2031-01-09,132892
2031-01-10,133028
2031-01-13,135333
2031-01-14,134333
2031-01-15,133926
2031-01-16,135892
2031-01-17,136096
2031-01-20,135248
2031-01-21,134265
2031-01-22,134791
2031-01-23,134689
2031-01-24,133926
2031-01-27,132875
2031-01-28,131638
2031-01-29,131858
2031-01-30,132841
2031-01-31,132519
2031-02-03,133587
2031-02-04,134740
2031-02-05,134164
2031-02-06,134435
2031-02-07,134248
2031-02-10,134452
2031-02-11,134299
2031-02-12,133045
2031-02-13,134977
2031-02-14,133892
2031-02-17,134418
2031-02-18,134011
2031-02-19,134519
2031-02-20,134892
2031-02-21,133333
2031-02-24,132706
2031-02-25,132045
2031-02-26,131096
2031-02-27,131672
2031-02-28,132485
2031-03-03,131452
2031-03-04,132316
2031-03-05,132316
2031-03-06,132316
2031-03-07,132316
2031-03-10,132316
2031-03-11,132316
2031-03-12,132316
2031-03-13,132316
2031-03-14,132316
2031-03-17,132316
2031-03-18,132316
2031-03-19,132316
2031-03-20,132316
2031-03-21,132316
2031-03-24,132316
2031-03-25,132316
2031-03-26,132316
2031-03-27,132316
2031-03-28,132316
2031-03-31,132316
2031-04-01,132316
2031-04-02,132316
2031-04-03,132316
2031-04-04,132316
2031-04-07,132316
2031-04-08,132316
2031-04-09,132316
2031-04-10,132316
2031-04-11,132316
2031-04-14,132316
2031-04-15,132316
2031-04-16,132316
2031-04-17,132316
2031-04-18,132316
2031-04-21,132316
2031-04-22,132316
2031-04-23,132316
2031-04-24,132316
2031-04-25,132316
2031-04-28,133059
2031-04-29,132662
2031-04-30,133440
2031-05-01,133889
2031-05-02,134028
2031-05-05,131763
2031-05-06,132523
2031-05-07,133682
2031-05-08,132299
2031-05-09,133474
2031-05-12,133976
2031-05-13,133526
2031-05-14,134425
2031-05-15,133907
2031-05-16,131572
2031-05-19,130985
2031-05-20,131763
2031-05-21,130777
2031-05-22,130051
2031-05-23,129014
2031-05-26,130016
2031-05-27,128166
2031-05-28,127872
2031-05-29,127872
2031-05-30,127872
2031-06-02,127872
2031-06-03,127872
2031-06-04,127872
2031-06-05,127872
2031-06-06,127872
2031-06-09,127872
2031-06-10,127872
2031-06-11,127872
2031-06-12,127872
2031-06-13,127872
2031-06-16,127872
2031-06-17,127872
2031-06-18,127872
2031-06-19,127872
2031-06-20,127872
2031-06-23,127872
2031-06-24,127872
2031-06-25,127872
2031-06-26,127872
2031-06-27,127872
2031-06-30,127872
2031-07-01,127872
2031-07-02,127872
2031-07-03,127872
2031-07-04,127872
2031-07-07,127872
2031-07-08,127872
2031-07-09,127872
2031-07-10,127872
2031-07-11,127872
2031-07-14,127872
2031-07-15,127872
2031-07-16,127872
2031-07-17,127872
2031-07-18,127872
2031-07-21,127872
2031-07-22,127872
2031-07-23,127872
2031-07-24,127872
2031-07-25,127872
2031-07-28,127872
2031-07-29,127872
2031-07-30,127872
2031-07-31,127872
2031-08-01,127872
2031-08-04,127872
2031-08-05,127872
2031-08-06,127872
2031-08-07,127872
2031-08-08,127872
2031-08-11,127872
2031-08-12,127872
2031-08-13,127872
2031-08-14,127872
2031-08-15,127872
2031-08-18,127872
2031-08-19,127872
2031-08-20,127872
2031-08-21,127872
2031-08-22,127872
2031-08-25,127872
2031-08-26,127872
2031-08-27,127872
2031-08-28,127872
2031-08-29,127872
2031-09-01,127872
2031-09-02,127872
2031-09-03,127872
2031-09-04,127872
2031-09-05,127872
2031-09-08,127872
2031-09-09,127872
2031-09-10,127872
2031-09-11,127872
2031-09-12,127872
2031-09-15,127872
2031-09-16,127872
2031-09-17,127872
2031-09-18,127872
2031-09-19,127872
2031-09-22,127872
2031-09-23,127872
2031-09-24,127872
2031-09-25,127872
2031-09-26,127872
2031-09-29,127872
2031-09-30,127872
2031-10-01,127872
2031-10-02,127872
2031-10-03,127872
2031-10-06,127872
2031-10-07,127872
2031-10-08,127872
2031-10-09,127872
2031-10-10,127872
2031-10-13,127872
2031-10-14,127872
2031-10-15,127872
2031-10-16,127872
2031-10-17,127872
2031-10-20,127872
2031-10-21,127872
2031-10-22,127872
2031-10-23,127872
2031-10-24,127872
2031-10-27,127872
2031-10-28,127872
2031-10-29,127872
2031-10-30,127872
2031-10-31,127872
2031-11-03,127872
2031-11-04,127872
2031-11-05,127872
2031-11-06,127872
2031-11-07,127872
2031-11-10,127872
2031-11-11,127872
2031-11-12,127872
2031-11-13,127872
2031-11-14,127872
2031-11-17,127872
2031-11-18,127872
2031-11-19,127872
2031-11-20,127872
2031-11-21,127872
2031-11-24,127872
2031-11-25,127872
2031-11-26,127872
2031-11-27,127872
2031-11-28,127872
2031-12-01,127872
2031-12-02,127872
2031-12-03,127872
2031-12-04,127872
2031-12-05,127872
2031-12-08,127872
2031-12-09,127872
2031-12-10,127872
2031-12-11,127872
2031-12-12,127872
2031-12-15,127872
2031-12-16,127872
2031-12-17,127872
2031-12-18,127872
2031-12-19,127872
2031-12-22,127872
2031-12-23,127872
2031-12-24,127872
2031-12-25,127872
2031-12-26,127872
2031-12-29,127872
2031-12-30,127872
2031-12-31,127872
2032-01-01,127872
2032-01-02,127872
2032-01-05,127872
2032-01-06,127872
2032-01-07,127872
2032-01-08,127872
2032-01-09,127872
2032-01-12,127872
2032-01-13,127872
2032-01-14,127872
2032-01-15,127872
2032-01-16,127872
2032-01-19,127872
2032-01-20,127872
2032-01-21,127872
2032-01-22,127872
2032-01-23,127872
2032-01-26,127872
2032-01-27,127872
2032-01-28,127872
2032-01-29,127872
2032-01-30,127872
2032-02-02,127872
2032-02-03,127872
2032-02-04,127872
2032-02-05,127872
2032-02-06,127872
2032-02-09,127872
2032-02-10,127872
2032-02-11,127872
2032-02-12,127872
2032-02-13,127872
2032-02-16,127872
2032-02-17,127872
2032-02-18,127872
2032-02-19,127872
2032-02-20,127872
2032-02-23,127872
2032-02-24,127872
2032-02-25,127872
2032-02-26,127872
2032-02-27,127872
2032-03-01,127872
2032-03-02,127872
2032-03-03,127872
2032-03-04,127872
2032-03-05,127872
2032-03-08,127872
2032-03-09,127872
2032-03-10,127872
2032-03-11,127872
2032-03-12,127872
2032-03-15,127872
2032-03-16,127872
2032-03-17,127872
2032-03-18,127872
2032-03-19,127872
2032-03-22,127872
2032-03-23,127872
2032-03-24,127872
2032-03-25,127872
2032-03-26,127872
2032-03-29,127872
2032-03-30,127872
2032-03-31,127872
2032-04-01,127872
2032-04-02,127872
2032-04-05,127872
2032-04-06,127872
2032-04-07,127872
2032-04-08,127872
2032-04-09,127872
2032-04-12,127872
2032-04-13,127872
2032-04-14,127872
2032-04-15,127872
2032-04-16,127872
2032-04-19,127872
2032-04-20,127872
2032-04-21,127872
2032-04-22,127872
2032-04-23,127872
2032-04-26,127872
2032-04-27,127872
2032-04-28,127872
2032-04-29,127872
2032-04-30,127872
2032-05-03,127872
2032-05-04,127872
2032-05-05,127872
2032-05-06,127872
2032-05-07,127872
2032-05-10,127872
2032-05-11,127872
2032-05-12,127872
2032-05-13,127872
2032-05-14,127872
2032-05-17,127872
2032-05-18,127872
2032-05-19,127872
2032-05-20,127872
2032-05-21,127872
2032-05-24,127872
2032-05-25,127872
2032-05-26,127872
2032-05-27,127872
2032-05-28,127872
2032-05-31,127872
2032-06-01,127872
2032-06-02,127872
2032-06-03,127872
2032-06-04,127872
2032-06-07,127872
2032-06-08,127872
2032-06-09,127872
2032-06-10,127872
2032-06-11,127872
2032-06-14,127872
2032-06-15,127872
2032-06-16,127872
2032-06-17,127872
2032-06-18,127872
2032-06-21,127872
2032-06-22,127872
2032-06-23,127872
2032-06-24,127872
2032-06-25,127872
2032-06-28,127872
2032-06-29,127872
2032-06-30,127872
2032-07-01,127872
2032-07-02,127872
2032-07-05,127872
2032-07-06,127872
2032-07-07,127872
2032-07-08,127872
2032-07-09,127827
2032-07-12,127580
2032-07-13,126522
2032-07-14,129222
2032-07-15,129380
2032-07-16,128570
2032-07-19,127377
2032-07-20,128817
2032-07-21,129717
2032-07-22,129132
2032-07-23,129357
2032-07-26,128457
2032-07-27,128210
2032-07-28,127310
2032-07-29,127220
2032-07-30,127467
2032-08-02,126545
2032-08-03,126905
2032-08-04,125555
2032-08-05,127197
2032-08-06,127917
2032-08-09,126747
2032-08-10,126792
2032-08-11,127040
2032-08-12,127130
2032-08-13,129245
2032-08-16,128705
2032-08-17,128772
2032-08-18,128705
2032-08-19,126680
2032-08-20,126680
2032-08-23,126680
2032-08-24,126680
2032-08-25,126680
2032-08-26,126680
2032-08-27,126680
2032-08-30,126680
2032-08-31,126680
2032-09-01,126680
2032-09-02,126680
2032-09-03,126680
2032-09-06,126790
2032-09-07,126636
2032-09-08,127536
2032-09-09,126987
2032-09-10,127997
2032-09-13,128019
2032-09-14,127316
2032-09-15,127931
2032-09-16,125999
2032-09-17,128765
2032-09-20,130016
2032-09-21,129292
2032-09-22,130697
2032-09-23,129907
2032-09-24,130302
2032-09-27,130763
2032-09-28,130850
2032-09-29,131948
2032-09-30,130763
2032-10-01,131180
2032-10-04,130938
2032-10-05,129533
2032-10-06,131048
2032-10-07,130148
2032-10-08,129226
2032-10-11,128480
2032-10-12,126921
2032-10-13,126570
2032-10-14,127690
2032-10-15,126065
2032-10-18,125648
2032-10-19,124353
2032-10-20,124924
2032-10-21,124243
2032-10-22,124924
2032-10-25,126043
2032-10-26,126373
2032-10-27,126109
2032-10-28,126373
2032-10-29,126373
2032-11-01,126373
2032-11-02,126373
2032-11-03,126373
2032-11-04,126373
2032-11-05,126373
2032-11-08,126373
2032-11-09,126373
2032-11-10,126373
2032-11-11,126373
2032-11-12,126373
2032-11-15,126373
2032-11-16,126373
2032-11-17,126373
2032-11-18,126373
2032-11-19,126373
2032-11-22,126373
2032-11-23,126373
2032-11-24,126373
2032-11-25,126373
2032-11-26,126373
2032-11-29,126373
2032-11-30,126373
2032-12-01,126373
2032-12-02,126373
2032-12-03,126373
2032-12-06,126373
2032-12-07,126373
2032-12-08,126373
2032-12-09,126373
2032-12-10,126373
2032-12-13,126373
2032-12-14,126373
2032-12-15,126373
2032-12-16,126373
2032-12-17,126373
2032-12-20,126373
2032-12-21,126373
2032-12-22,126373
2032-12-23,126373
2032-12-24,126373
2032-12-27,126373
2032-12-28,126373
2032-12-29,126373
2032-12-30,126373
2032-12-31,126373
2033-01-03,126373
2033-01-04,126373
2033-01-05,126373
2033-01-06,126373
2033-01-07,126373
2033-01-10,126373
2033-01-11,126373
2033-01-12,126373
2033-01-13,126373
2033-01-14,126373
2033-01-17,126373
2033-01-18,126373
2033-01-19,126373
2033-01-20,126373
2033-01-21,126373
2033-01-24,126373
2033-01-25,126373
2033-01-26,126373
2033-01-27,126373
2033-01-28,126373
2033-01-31,126373
2033-02-01,126373
2033-02-02,126373
2033-02-03,126373
2033-02-04,126373
2033-02-07,126373
2033-02-08,126373
2033-02-09,126373
2033-02-10,126373
2033-02-11,126373
2033-02-14,126373
2033-02-15,126373
2033-02-16,126373
2033-02-17,126373
2033-02-18,126373
2033-02-21,126373
2033-02-22,126373
2033-02-23,126373
2033-02-24,126373
2033-02-25,126373
2033-02-28,126373
2033-03-01,126373
2033-03-02,126373
2033-03-03,126373
2033-03-04,126373
2033-03-07,126373
2033-03-08,126373
2033-03-09,126373
2033-03-10,126373
2033-03-11,126373
2033-03-14,126373
2033-03-15,126373
2033-03-16,126373
2033-03-17,126373
2033-03-18,126373
2033-03-21,126233
2033-03-22,127394
2033-03-23,128670
2033-03-24,127394
2033-03-25,126953
2033-03-28,126674
2033-03-29,125746
2033-03-30,126674
2033-03-31,125560
2033-04-01,126141
2033-04-04,124864
2033-04-05,124678
2033-04-06,126233
2033-04-07,127185
2033-04-08,125723
2033-04-11,126628
2033-04-12,127371
2033-04-13,127696
2033-04-14,126210
2033-04-15,127394
2033-04-18,127510
2033-04-19,127069
2033-04-20,128137
2033-04-21,127092
2033-04-22,127580
2033-04-25,127742
2033-04-26,126883
2033-04-27,126767
2033-04-28,124934
2033-04-29,125862
2033-05-02,126767
2033-05-03,126860
2033-05-04,127858
2033-05-05,125839
2033-05-06,126906
2033-05-09,124980
2033-05-10,125885
2033-05-11,125212
2033-05-12,124794
2033-05-13,123912
2033-05-16,124864
2033-05-17,126048
2033-05-18,125885
2033-05-19,125885
2033-05-20,125885
2033-05-23,125885
2033-05-24,125885
2033-05-25,125885
2033-05-26,125885
2033-05-27,125885
2033-05-30,125885
2033-05-31,125885
2033-06-01,125885
2033-06-02,125885
2033-06-03,125885
2033-06-06,125885
2033-06-07,125885
2033-06-08,125885
2033-06-09,126250
2033-06-10,126182
2033-06-13,124312
2033-06-14,124996
2033-06-15,126227
2033-06-16,127983
2033-06-17,126866
2033-06-20,128188
2033-06-21,128370
2033-06-22,129396
2033-06-23,128074
2033-06-24,128781
2033-06-27,130263
2033-06-28,128120
2033-06-29,127436
2033-06-30,128553
2033-07-01,128644
2033-07-04,127230
2033-07-05,129009
2033-07-06,130582
2033-07-07,132155
2033-07-08,133592
2033-07-11,134868
2033-07-12,136008
2033-07-13,137673
2033-07-14,136852
2033-07-15,135872
2033-07-18,136373
2033-07-19,136328
2033-07-20,137262
2033-07-21,138266
2033-07-22,139588
2033-07-25,140181
2033-07-26,142142
2033-07-27,141252
2033-07-28,141161
2033-07-29,141526
2033-08-01,139725
2033-08-02,138357
2033-08-03,137468
2033-08-04,135302
2033-08-05,134435
2033-08-08,132497
2033-08-09,134367
2033-08-10,133250
2033-08-11,131220
2033-08-12,130308
2033-08-15,130149
2033-08-16,132041
2033-08-17,132657
2033-08-18,132953
2033-08-19,133660
2033-08-22,133637
2033-08-23,136214
2033-08-24,136578
2033-08-25,137399
2033-08-26,138539
2033-08-29,139200
2033-08-30,137673
2033-08-31,137673
2033-09-01,137673
2033-09-02,137673
2033-09-05,137673
2033-09-06,137673
2033-09-07,137673
2033-09-08,137673
2033-09-09,138530
2033-09-12,138809
2033-09-13,140362
2033-09-14,139411
2033-09-15,140779
2033-09-16,139944
2033-09-19,140663
2033-09-20,140478
2033-09-21,140872
2033-09-22,139434
2033-09-23,140640
2033-09-26,141358
2033-09-27,139898
2033-09-28,139713
2033-09-29,138438
2033-09-30,138994
2033-10-03,140408
2033-10-04,139713
2033-10-05,137951
2033-10-06,139249
2033-10-07,139968
2033-10-10,139968
2033-10-11,140547
2033-10-12,141567
2033-10-13,143027
2033-10-14,142262
2033-10-17,141196
2033-10-18,140501
2033-10-19,138878
2033-10-20,138994
2033-10-21,138646
2033-10-24,137928
2033-10-25,138855
2033-10-26,138878
2033-10-27,138206
2033-10-28,137928
2033-10-31,138229
2033-11-01,138229
2033-11-02,138229
2033-11-03,138229
2033-11-04,138229
2033-11-07,138229
2033-11-08,138229
2033-11-09,138229
2033-11-10,138229
2033-11-11,138229
2033-11-14,138229
2033-11-15,138229
2033-11-16,138229
2033-11-17,138229
2033-11-18,138229
2033-11-21,138229
2033-11-22,138229
2033-11-23,138229
2033-11-24,138948
2033-11-25,138027
2033-11-28,138431
2033-11-29,135423
2033-11-30,136343
2033-12-01,136590
2033-12-02,136366
2033-12-05,137084
2033-12-06,136860
2033-12-07,137915
2033-12-08,137264
2033-12-09,136500
2033-12-12,137870
2033-12-13,136254
2033-12-14,135535
2033-12-15,135849
2033-12-16,137556
2033-12-19,137847
2033-12-20,137084
2033-12-21,139217
2033-12-22,139935
2033-12-23,141305
2033-12-26,142270
2033-12-27,140766
2033-12-28,142203
2033-12-29,142944
2033-12-30,144605
2034-01-02,143482
2034-01-03,144111
2034-01-04,147052
2034-01-05,145301
2034-01-06,146513
2034-01-09,147187
2034-01-10,147254
2034-01-11,147703
2034-01-12,145144
2034-01-13,142786
2034-01-16,143505
2034-01-17,144582
2034-01-18,144089
2034-01-19,147276
2034-01-20,148421
2034-01-23,149813
2034-01-24,149679
2034-01-25,148264
2034-01-26,145952
2034-01-27,146603
2034-01-30,148017
2034-01-31,149185
2034-02-01,147658
2034-02-02,147928
2034-02-03,148309
2034-02-06,147905
2034-02-07,148623
2034-02-08,147703
2034-02-09,147119
2034-02-10,146872
2034-02-13,148264
2034-02-14,147928
2034-02-15,148332
2034-02-16,149701
2034-02-17,149701
2034-02-20,149230
2034-02-21,148579
2034-02-22,147479
2034-02-23,148174
2034-02-24,150711
2034-02-27,149566
2034-02-28,151564
2034-03-01,149903
2034-03-02,150554
2034-03-03,151138
2034-03-06,152575
2034-03-07,152013
2034-03-08,154573
2034-03-09,154909
2034-03-10,154865
2034-03-13,153113
2034-03-14,152305
2034-03-15,154393
2034-03-16,154191
2034-03-17,154820
2034-03-20,156077
2034-03-21,154797
2034-03-22,155246
2034-03-23,155022
2034-03-24,155942
2034-03-27,155089
2034-03-28,155785
2034-03-29,156526
2034-03-30,155942
2034-03-31,155358
2034-04-03,153967
2034-04-04,154954
2034-04-05,155807
2034-04-06,152979
2034-04-07,153383
2034-04-10,154034
2034-04-11,155381
2034-04-12,154685
2034-04-13,152283
2034-04-14,151071
2034-04-17,152171
2034-04-18,152350
2034-04-19,151228
2034-04-20,150846
2034-04-21,149948
2034-04-24,148511
2034-04-25,149207
2034-04-26,151766
2034-04-27,149544
2034-04-28,149544
2034-05-01,149544
2034-05-02,149544
2034-05-03,149544
2034-05-04,149544
2034-05-05,149544
2034-05-08,149544
2034-05-09,149544
2034-05-10,149544
2034-05-11,149544
2034-05-12,149544
2034-05-15,149544
2034-05-16,149544
2034-05-17,149544
2034-05-18,149544
2034-05-19,149544
2034-05-22,149544
2034-05-23,149544
2034-05-24,149544
2034-05-25,149544
2034-05-26,150286
2034-05-29,150569
2034-05-30,149828
2034-05-31,149478
2034-06-01,149500
2034-06-02,150417
2034-06-05,150962
2034-06-06,152031
2034-06-07,151115
2034-06-08,150046
2034-06-09,148737
2034-06-12,148497
2034-06-13,150548
2034-06-14,151071
2034-06-15,151268
2034-06-16,150308
2034-06-19,151486
2034-06-20,151726
2034-06-21,149653
2034-06-22,149500
2034-06-23,148889
2034-06-26,149391
2034-06-27,148257
2034-06-28,147187
2034-06-29,148213
2034-06-30,148453
2034-07-03,148169
2034-07-04,148846
2034-07-05,150395
2034-07-06,151857
2034-07-07,152511
2034-07-10,150177
2034-07-11,150657
2034-07-12,150482
2034-07-13,150482
2034-07-14,150482
2034-07-17,150482
2034-07-18,150482
2034-07-19,150482
2034-07-20,150482
2034-07-21,150482
2034-07-24,149165
2034-07-25,150524
2034-07-26,150064
2034-07-27,150566
2034-07-28,151570
2034-07-31,151005
2034-08-01,150984
2034-08-02,151611
2034-08-03,151465
2034-08-04,149625
2034-08-07,150378
2034-08-08,149918
2034-08-09,149165
2034-08-10,150106
2034-08-11,148768
2034-08-14,150838
2034-08-15,152134
2034-08-16,152364
2034-08-17,149813
2034-08-18,151967
2034-08-21,150524
2034-08-22,150231
2034-08-23,153221
2034-08-24,155187
2034-08-25,154392
2034-08-28,156253
2034-08-29,155731
2034-08-30,156358
2034-08-31,154497
2034-09-01,154727
2034-09-04,153535
2034-09-05,153765
2034-09-06,155835
2034-09-07,156839
2034-09-08,156483
2034-09-11,159202
2034-09-12,160812
2034-09-13,160289
2034-09-14,159745
2034-09-15,160289
2034-09-18,160435
2034-09-19,161941
2034-09-20,162213
2034-09-21,160373
2034-09-22,160268
2034-09-25,158930
2034-09-26,160205
2034-09-27,159996
2034-09-28,159264
2034-09-29,157654
2034-10-02,158553
2034-10-03,155626
2034-10-04,154351
2034-10-05,151820
2034-10-06,151151
2034-10-09,154121
2034-10-10,155082
2034-10-11,156232
2034-10-12,154727
2034-10-13,155605
2034-10-16,154894
2034-10-17,154413
2034-10-18,154957
2034-10-19,155480
2034-10-20,153661
2034-10-23,153661
2034-10-24,153661
2034-10-25,153661
2034-10-26,153661
2034-10-27,153661
2034-10-30,153661
2034-10-31,153661
2034-11-01,153661
2034-11-02,153661
2034-11-03,153661
2034-11-06,153661
2034-11-07,153661
2034-11-08,153661
2034-11-09,153661
2034-11-10,153661
2034-11-13,153661
2034-11-14,153661
2034-11-15,153661
2034-11-16,153661
2034-11-17,153661
2034-11-20,153661
2034-11-21,153661
2034-11-22,153661
2034-11-23,153661
2034-11-24,153661
2034-11-27,153661
2034-11-28,153661
2034-11-29,153661
2034-11-30,153249
2034-12-01,154567
2034-12-04,152239
2034-12-05,151642
2034-12-06,151415
2034-12-07,150674
2034-12-08,151044
2034-12-11,151498
2034-12-12,153084
2034-12-13,154691
2034-12-14,152507
2034-12-15,154052
2034-12-18,152157
2034-12-19,151642
2034-12-20,150385
2034-12-21,153269
2034-12-22,155494
2034-12-25,156030
2034-12-26,156215
2034-12-27,156833
2034-12-28,154958
2034-12-29,154752
2035-01-01,154546
2035-01-02,152754
2035-01-03,154258
2035-01-04,155000
2035-01-05,153805
2035-01-08,156915
2035-01-09,156792
2035-01-10,156462
2035-01-11,156751
2035-01-12,156483
2035-01-15,154794
2035-01-16,154794
2035-01-17,155226
2035-01-18,156133
2035-01-19,154773
2035-01-22,155370
2035-01-23,156174
2035-01-24,157595
2035-01-25,158646
2035-01-26,159696
2035-01-29,160376
2035-01-30,158728
2035-01-31,158234
2035-02-01,158955
2035-02-02,160376
2035-02-05,160005
2035-02-06,159841
2035-02-07,160706
2035-02-08,158687
2035-02-09,158419
2035-02-12,157492
2035-02-13,157492
2035-02-14,156215
2035-02-15,156792
2035-02-16,158749
2035-02-19,160706
2035-02-20,161715
2035-02-21,160582
2035-02-22,161839
2035-02-23,161798
2035-02-26,162065
2035-02-27,161056
2035-02-28,161736
2035-03-01,161241
2035-03-02,160809
2035-03-05,159882
2035-03-06,160562
2035-03-07,161324
2035-03-08,162889
2035-03-09,164661
2035-03-12,164723
2035-03-13,164640
2035-03-14,164970
2035-03-15,165135
2035-03-16,166288
2035-03-19,169028
2035-03-20,168513
2035-03-21,169440
2035-03-22,168493
2035-03-23,166968
2035-03-26,165773
2035-03-27,166927
2035-03-28,169028
2035-03-29,169914
2035-03-30,169605
2035-04-02,167957
2035-04-03,169708
2035-04-04,167483
2035-04-05,168307
2035-04-06,169358
2035-04-09,167545
2035-04-10,167895
2035-04-11,165547
2035-04-12,164064
2035-04-13,163693
2035-04-16,162704
2035-04-17,163549
2035-04-18,165938
2035-04-19,166597
2035-04-20,167339
2035-04-23,167936
2035-04-24,166989
2035-04-25,166412
2035-04-26,167524
2035-04-27,166227
2035-04-30,166762
2035-05-01,167710
2035-05-02,168637
2035-05-03,168225
2035-05-04,166639
2035-05-07,165197
2035-05-08,165114
2035-05-09,166680
2035-05-10,166494
2035-05-11,166762
2035-05-14,166536
2035-05-15,167566
2035-05-16,168369
2035-05-17,169584
2035-05-18,168699
2035-05-21,170985
2035-05-22,171006
2035-05-23,169399
2035-05-24,170965
2035-05-25,169646
2035-05-28,173004
2035-05-29,171912
2035-05-30,173478
2035-05-31,174570
2035-06-01,173086
2035-06-04,172283
2035-06-05,169358
2035-06-06,170759
2035-06-07,170800
2035-06-08,172365
2035-06-11,170985
2035-06-12,173766
2035-06-13,173086
2035-06-14,172345
2035-06-15,171974
2035-06-18,172798
2035-06-19,172324
2035-06-20,172283
2035-06-21,171047
2035-06-22,171933
2035-06-25,171912
2035-06-26,173746
2035-06-27,174549
2035-06-28,172201
2035-06-29,171603
2035-07-02,170347
2035-07-03,172489
2035-07-04,171953
2035-07-05,173498
2035-07-06,175352
2035-07-09,175785
2035-07-10,177639
2035-07-11,178545
2035-07-12,180502
2035-07-13,181780
2035-07-16,182130
2035-07-17,183263
2035-07-18,184272
2035-07-19,183943
2035-07-20,183778
2035-07-23,182624
2035-07-24,182439
2035-07-25,183325
2035-07-26,182356
2035-07-27,184746
2035-07-30,185034
2035-07-31,184231
2035-08-01,184046
2035-08-02,185591
2035-08-03,184808
2035-08-06,188124
2035-08-07,188433
2035-08-08,186641
2035-08-09,186765
2035-08-10,185137
2035-08-13,184931
2035-08-14,186930
2035-08-15,187239
2035-08-16,185673
2035-08-17,184725
2035-08-20,185529
2035-08-21,185323
2035-08-22,186167
2035-08-23,187156
2035-08-24,187630
2035-08-27,189216
2035-08-28,188454
2035-08-29,187960
2035-08-30,189752
2035-08-31,188681
2035-09-03,188557
2035-09-04,186950
2035-09-05,186827
2035-09-06,189608
2035-09-07,187980
2035-09-10,188536
2035-09-11,190164
2035-09-12,190040
2035-09-13,189875
2035-09-14,191647
2035-09-17,189319
2035-09-18,190473
2035-09-19,188845
2035-09-20,186435
2035-09-21,184231
2035-09-24,186044
2035-09-25,185220
2035-09-26,186229
2035-09-27,185137
2035-09-28,186971
2035-10-01,185941
2035-10-02,185549
2035-10-03,183695
2035-10-04,182871
2035-10-05,183510
2035-10-08,183407
2035-10-09,183407
2035-10-10,183407
2035-10-11,183407
2035-10-12,183407
2035-10-15,183407
2035-10-16,183407
2035-10-17,183407
2035-10-18,183407
2035-10-19,183407
2035-10-22,183407
2035-10-23,183407
2035-10-24,183407
2035-10-25,183407
2035-10-26,183407
2035-10-29,183407
2035-10-30,183407
2035-10-31,183407
2035-11-01,183407
2035-11-02,183407
2035-11-05,183407
2035-11-06,183407
2035-11-07,183407
2035-11-08,183407
2035-11-09,183407
2035-11-12,183407
2035-11-13,183407
2035-11-14,183407
2035-11-15,183407
2035-11-16,183407
2035-11-19,183407
2035-11-20,183407
2035-11-21,183407
2035-11-22,183407
2035-11-23,183407
2035-11-26,183407
2035-11-27,183407
2035-11-28,183407
2035-11-29,183407
2035-11-30,183407
2035-12-03,183407
2035-12-04,183407
2035-12-05,183407
2035-12-06,183407
2035-12-07,183407
2035-12-10,183407
2035-12-11,183407
2035-12-12,183407
2035-12-13,183407
2035-12-14,183407
2035-12-17,183407
2035-12-18,183407
2035-12-19,183407
2035-12-20,182981
2035-12-21,181845
2035-12-24,183549
2035-12-25,182880
2035-12-26,181602
2035-12-27,183610
2035-12-28,184076
2035-12-31,183022
2036-01-01,184948
2036-01-02,184441
2036-01-03,184685
2036-01-04,187037
2036-01-07,185496
2036-01-08,185881
2036-01-09,186429
2036-01-10,187138
2036-01-11,185699
2036-01-14,186591
2036-01-15,186571
2036-01-16,187402
2036-01-17,187909
2036-01-18,188822
2036-01-21,187848
2036-01-22,187220
2036-01-23,187402
2036-01-24,185942
2036-01-25,186104
2036-01-28,189308
2036-01-29,188457
2036-01-30,188659
2036-01-31,187929
2036-02-01,187666
2036-02-04,186530
2036-02-05,187544
2036-02-06,187260
2036-02-07,185273
2036-02-08,184401
2036-02-11,186084
2036-02-12,186348
2036-02-13,187808
2036-02-14,186936
2036-02-15,184238
2036-02-18,182068
2036-02-19,184401
2036-02-20,184644
2036-02-21,182636
2036-02-22,182089
2036-02-25,181845
2036-02-26,180527
2036-02-27,180527
2036-02-28,180527
2036-02-29,180527
2036-03-03,180527
2036-03-04,180527
2036-03-05,180527
2036-03-06,180527
2036-03-07,180527
2036-03-10,180527
2036-03-11,180527
2036-03-12,180527
2036-03-13,180527
2036-03-14,180527
2036-03-17,180527
2036-03-18,180527
2036-03-19,180527
2036-03-20,180527
2036-03-21,180527
2036-03-24,180527
2036-03-25,180527
2036-03-26,180527
2036-03-27,180527
2036-03-28,180527
2036-03-31,180527
2036-04-01,180527
2036-04-02,180527
2036-04-03,180527
2036-04-04,180527
2036-04-07,180527
2036-04-08,180527
2036-04-09,180527
2036-04-10,180527
2036-04-11,180527
2036-04-14,180527
2036-04-15,180527
2036-04-16,180527
2036-04-17,180527
2036-04-18,180527
2036-04-21,180527
2036-04-22,180527
2036-04-23,180527
2036-04-24,180527
2036-04-25,180527
2036-04-28,180527
2036-04-29,180527
2036-04-30,180527
2036-05-01,180527
2036-05-02,180527
2036-05-05,180527
2036-05-06,180527
2036-05-07,180527
2036-05-08,180527
2036-05-09,180527
2036-05-12,180527
2036-05-13,180527
2036-05-14,180527
2036-05-15,180527
2036-05-16,180527
2036-05-19,180527
2036-05-20,180527
2036-05-21,180527
2036-05-22,180527
2036-05-23,180527
2036-05-26,180527
2036-05-27,180527
2036-05-28,180527
2036-05-29,180527
2036-05-30,180527
2036-06-02,180527
2036-06-03,180527
2036-06-04,180527
2036-06-05,180527
2036-06-06,180527
2036-06-09,180527
2036-06-10,180527
2036-06-11,180527
2036-06-12,180527
2036-06-13,180527
2036-06-16,180527
2036-06-17,180527
2036-06-18,180527
2036-06-19,180527
2036-06-20,180527
2036-06-23,180527
2036-06-24,180527
2036-06-25,180527
2036-06-26,180527
2036-06-27,180527
2036-06-30,180527
2036-07-01,180527
2036-07-02,180527
2036-07-03,180527
2036-07-04,180527
2036-07-07,182116
2036-07-08,182051
2036-07-09,181354
2036-07-10,181006
2036-07-11,180092
2036-07-14,180135
2036-07-15,180963
2036-07-16,180331
2036-07-17,179025
2036-07-18,178198
2036-07-21,176434
2036-07-22,175368
2036-07-23,175433
2036-07-24,177545
2036-07-25,178328
2036-07-28,179112
2036-07-29,177131
2036-07-30,178546
2036-07-31,177262
2036-08-01,175847
2036-08-04,177849
2036-08-05,175564
2036-08-06,175564
2036-08-07,175564
2036-08-08,175564
2036-08-11,175564
2036-08-12,175564
2036-08-13,175564
2036-08-14,175564
2036-08-15,175564
2036-08-18,175564
2036-08-19,175564
2036-08-20,175564
2036-08-21,175564
2036-08-22,175564
2036-08-25,175564
2036-08-26,175564
2036-08-27,175564
2036-08-28,175564
2036-08-29,175564
2036-09-01,175564
2036-09-02,175564
2036-09-03,175564
2036-09-04,175564
2036-09-05,175564
2036-09-08,175564
2036-09-09,175564
2036-09-10,175564
2036-09-11,175564
2036-09-12,175564
2036-09-15,173867
2036-09-16,174391
2036-09-17,174035
2036-09-18,172360
2036-09-19,173532
2036-09-22,171313
2036-09-23,170831
2036-09-24,169407
2036-09-25,167585
2036-09-26,168612
2036-09-29,170706
2036-09-30,169261
2036-10-01,169407
2036-10-02,170768
2036-10-03,172569
2036-10-06,173637
2036-10-07,171208
2036-10-08,170119
2036-10-09,171041
2036-10-10,169805
2036-10-13,168256
2036-10-14,166790
2036-10-15,166790
2036-10-16,166790
2036-10-17,166790
2036-10-20,166790
2036-10-21,166790
2036-10-22,166790
2036-10-23,166790
2036-10-24,166790
2036-10-27,166790
2036-10-28,166790
2036-10-29,166790
2036-10-30,166790
2036-10-31,166790
2036-11-03,166790
2036-11-04,166790
2036-11-05,166790
2036-11-06,166790
2036-11-07,166790
2036-11-10,166790
2036-11-11,167415
2036-11-12,166870
2036-11-13,166326
2036-11-14,166366
2036-11-17,166689
2036-11-18,166568
2036-11-19,165197
2036-11-20,165943
2036-11-21,165399
2036-11-24,165479
2036-11-25,165439
2036-11-26,165721
2036-11-27,165278
2036-11-28,167052
2036-12-01,166145
2036-12-02,164250
2036-12-03,163080
2036-12-04,163262
2036-12-05,162334
2036-12-08,161931
2036-12-09,161971
2036-12-10,160722
2036-12-11,160722
2036-12-12,160722
2036-12-15,160722
2036-12-16,160722
2036-12-17,160722
2036-12-18,160722
2036-12-19,160722
2036-12-22,160722
2036-12-23,160722
2036-12-24,160722
2036-12-25,160722
2036-12-26,160722
2036-12-29,160722
2036-12-30,160722
2036-12-31,160722
2037-01-01,160722
2037-01-02,160722
2037-01-05,160722
2037-01-06,160722
2037-01-07,160722
2037-01-08,160722
2037-01-09,160722
2037-01-12,160722
2037-01-13,160722
2037-01-14,160722
2037-01-15,160722
2037-01-16,160722
2037-01-19,160722
2037-01-20,160722
2037-01-21,160722
2037-01-22,160722
2037-01-23,160722
2037-01-26,160722
2037-01-27,160722
2037-01-28,160722
2037-01-29,160722
2037-01-30,160722
2037-02-02,160722
2037-02-03,160722
2037-02-04,160722
2037-02-05,160722
2037-02-06,160722
2037-02-09,160722
2037-02-10,160722
2037-02-11,160722
2037-02-12,160722
2037-02-13,160722
2037-02-16,160722
2037-02-17,160722
2037-02-18,160722
2037-02-19,160722
2037-02-20,160722
2037-02-23,160272
2037-02-24,160987
2037-02-25,160660
2037-02-26,161620
2037-02-27,160905
2037-03-02,159047
2037-03-03,161028
2037-03-04,162049
2037-03-05,161783
2037-03-06,164111
2037-03-09,165214
2037-03-10,164050
2037-03-11,164418
2037-03-12,163478
2037-03-13,165990
2037-03-16,167154
2037-03-17,165745
2037-03-18,167113
2037-03-19,165847
2037-03-20,166255
2037-03-23,166500
2037-03-24,168195
2037-03-25,170339
2037-03-26,170299
2037-03-27,169380
2037-03-30,168154
2037-03-31,167930
2037-04-01,167481
2037-04-02,165827
2037-04-03,167930
2037-04-06,169257
2037-04-07,168767
2037-04-08,168073
2037-04-09,169012
2037-04-10,169972
2037-04-13,169461
2037-04-14,168399
2037-04-15,169216
2037-04-16,169645
2037-04-17,168726
2037-04-20,169604
2037-04-21,170564
2037-04-22,170666
2037-04-23,171728
2037-04-24,168706
2037-04-27,168706
2037-04-28,165786
2037-04-29,165745
2037-04-30,167215
2037-05-01,166766
2037-05-04,167399
2037-05-05,166888
2037-05-06,167889
2037-05-07,167562
2037-05-08,170809
2037-05-11,169849
2037-05-12,171013
2037-05-13,171013
2037-05-14,171360
2037-05-15,168930
2037-05-18,170339
2037-05-19,170258
2037-05-20,172238
2037-05-21,173790
2037-05-22,172933
2037-05-25,173545
2037-05-26,174525
2037-05-27,176322
2037-05-28,174913
2037-05-29,178977
2037-06-01,180141
2037-06-02,182530
2037-06-03,180264
2037-06-04,179365
2037-06-05,177568
2037-06-08,178609
2037-06-09,181734
2037-06-10,183286
2037-06-11,183102
2037-06-12,182203
2037-06-15,182714
2037-06-16,182101
2037-06-17,186206
2037-06-18,189881
2037-06-19,188983
2037-06-22,188003
2037-06-23,188636
2037-06-24,188166
2037-06-25,186900
2037-06-26,189044
2037-06-29,188411
2037-06-30,190004
2037-07-01,188574
2037-07-02,186042
2037-07-03,183041
2037-07-06,180815
2037-07-07,180121
2037-07-08,180672
2037-07-09,180733
2037-07-10,179406
2037-07-13,178895
2037-07-14,178773
2037-07-15,176955
2037-07-16,176772
2037-07-17,176608
2037-07-20,178283
2037-07-21,179692
2037-07-22,180876
2037-07-23,179630
2037-07-24,179100
2037-07-27,180141
2037-07-28,180141
2037-07-29,180141
2037-07-30,180141
2037-07-31,180141
2037-08-03,180141
2037-08-04,180141
2037-08-05,180141
2037-08-06,180141
2037-08-07,180141
2037-08-10,180141
2037-08-11,180141
2037-08-12,180141
2037-08-13,180141
2037-08-14,180141
2037-08-17,180141
2037-08-18,180141
2037-08-19,180141
2037-08-20,180141
2037-08-21,180141
2037-08-24,180141
2037-08-25,180141
2037-08-26,180141
2037-08-27,180141
2037-08-28,181288
2037-08-31,177965
2037-09-01,176778
2037-09-02,176640
2037-09-03,174484
2037-09-04,175512
2037-09-07,174345
2037-09-08,173594
2037-09-09,175117
2037-09-10,175908
2037-09-11,176897
2037-09-14,176244
2037-09-15,173712
2037-09-16,173534
2037-09-17,174148
2037-09-18,173277
2037-09-21,172427
2037-09-22,171438
2037-09-23,169005
2037-09-24,169005
2037-09-25,169005
2037-09-28,169005
2037-09-29,169005
2037-09-30,169005
2037-10-01,169005
2037-10-02,169005
2037-10-05,169005
2037-10-06,169005
2037-10-07,169005
2037-10-08,169005
2037-10-09,169005
2037-10-12,169005
2037-10-13,169005
2037-10-14,169005
2037-10-15,169005
2037-10-16,169005
2037-10-19,169005
2037-10-20,169005
2037-10-21,169005
2037-10-22,169005
2037-10-23,169005
2037-10-26,169005
2037-10-27,169005
2037-10-28,169005
2037-10-29,169005
2037-10-30,169005
2037-11-02,169005
2037-11-03,167882
2037-11-04,168187
2037-11-05,168015
2037-11-06,169956
2037-11-09,166893
2037-11-10,168282
2037-11-11,168967
2037-11-12,171764
2037-11-13,172145
2037-11-16,170013
2037-11-17,169252
2037-11-18,170052
2037-11-19,170965
2037-11-20,171346
2037-11-23,172373
2037-11-24,173610
2037-11-25,172221
2037-11-26,173172
2037-11-27,172487
2037-11-30,172145
2037-12-01,172107
2037-12-02,172830
2037-12-03,172145
2037-12-04,173458
2037-12-07,172659
2037-12-08,174809
2037-12-09,175665
2037-12-10,175665
2037-12-11,177207
2037-12-14,176084
2037-12-15,176331
2037-12-16,176312
2037-12-17,175171
2037-12-18,174238
2037-12-21,172069
2037-12-22,171669
2037-12-23,172240
2037-12-24,174276
2037-12-25,171650
2037-12-28,172754
2037-12-29,172754
2037-12-30,171288
2037-12-31,172202
2038-01-01,172640
2038-01-04,173496
2038-01-05,172430
2038-01-06,170946
2038-01-07,169918
2038-01-08,167559
2038-01-11,167368
2038-01-12,169633
2038-01-13,168967
2038-01-14,168967
2038-01-15,168967
2038-01-18,168967
2038-01-19,168967
2038-01-20,168967
2038-01-21,168967
2038-01-22,168967
2038-01-25,168967
2038-01-26,168967
2038-01-27,168967
2038-01-28,168967
2038-01-29,168967
2038-02-01,168967
2038-02-02,168967
2038-02-03,168967
2038-02-04,168967
2038-02-05,168967
2038-02-08,168967
2038-02-09,168967
2038-02-10,168967
2038-02-11,168967
2038-02-12,168967
2038-02-15,168967
2038-02-16,168967
2038-02-17,168967
2038-02-18,168967
2038-02-19,168967
2038-02-22,168967
2038-02-23,168967
2038-02-24,168967
2038-02-25,168967
2038-02-26,168967
2038-03-01,168967
2038-03-02,168967
2038-03-03,168967
2038-03-04,168967
2038-03-05,168967
2038-03-08,168967
2038-03-09,168967
2038-03-10,168967
2038-03-11,168967
2038-03-12,168967
2038-03-15,168967
2038-03-16,168967
2038-03-17,168967
2038-03-18,168967
2038-03-19,168967
2038-03-22,168967
2038-03-23,168967
2038-03-24,168967
2038-03-25,168967
2038-03-26,168967
2038-03-29,168967
2038-03-30,168967
2038-03-31,168967
2038-04-01,168967
2038-04-02,168967
2038-04-05,168967
2038-04-06,168967
2038-04-07,168967
2038-04-08,168967
2038-04-09,168967
2038-04-12,168967
2038-04-13,168967
2038-04-14,168967
2038-04-15,168967
2038-04-16,168967
2038-04-19,168967
2038-04-20,167361
2038-04-21,169296
2038-04-22,171293
2038-04-23,172673
2038-04-26,171129
2038-04-27,171438
2038-04-28,171005
2038-04-29,171314
2038-04-30,171829
2038-05-03,173764
2038-05-04,171664
2038-05-05,172858
2038-05-06,172570
2038-05-07,171438
2038-05-10,172467
2038-05-11,171664
2038-05-12,171273
2038-05-13,172611
2038-05-14,172694
2038-05-17,172096
2038-05-18,168884
2038-05-19,167340
2038-05-20,169646
2038-05-21,170264
2038-05-24,171088
2038-05-25,172611
2038-05-26,172344
2038-05-27,174176
2038-05-28,175926
2038-05-31,178212
2038-06-01,177162
2038-06-02,176297
2038-06-03,176915
2038-06-04,175947
2038-06-07,176626
2038-06-08,175123
2038-06-09,173188
2038-06-10,172694
2038-06-11,174423
2038-06-14,173105
2038-06-15,172591
2038-06-16,171520
2038-06-17,171355
2038-06-18,172241
2038-06-21,172611
2038-06-22,171973
2038-06-23,169996
2038-06-24,168287
2038-06-25,168679
2038-06-28,166846
2038-06-29,170182
2038-06-30,171746
2038-07-01,171746
2038-07-02,171746
2038-07-05,171746
2038-07-06,171746
2038-07-07,171746
2038-07-08,171746
2038-07-09,171746
2038-07-12,171746
2038-07-13,171746
2038-07-14,171746
2038-07-15,171746
2038-07-16,171746
2038-07-19,171746
2038-07-20,171746
2038-07-21,171746
2038-07-22,171746
2038-07-23,171746
2038-07-26,171746
2038-07-27,171746
2038-07-28,171746
2038-07-29,171746
2038-07-30,171746
2038-08-02,171746
2038-08-03,171746
2038-08-04,171746
2038-08-05,171746
2038-08-06,171746
2038-08-09,171746
2038-08-10,171746
2038-08-11,171746
2038-08-12,171746
2038-08-13,171746
2038-08-16,171746
2038-08-17,171746
2038-08-18,171746
2038-08-19,171746
2038-08-20,171746
2038-08-23,171746
2038-08-24,171746
2038-08-25,171746
2038-08-26,171746
2038-08-27,171746
2038-08-30,171746
2038-08-31,171746
2038-09-01,171746
2038-09-02,171746
2038-09-03,171746
2038-09-06,171746
2038-09-07,171746
2038-09-08,171746
2038-09-09,171746
2038-09-10,171746
2038-09-13,171746
2038-09-14,171746
2038-09-15,171746
2038-09-16,171746
2038-09-17,171746
2038-09-20,171746
2038-09-21,171746
2038-09-22,171746
2038-09-23,171455
2038-09-24,171517
2038-09-27,172601
2038-09-28,172414
2038-09-29,169953
2038-09-30,169203
2038-10-01,169078
2038-10-04,169140
2038-10-05,168869
2038-10-06,168786
2038-10-07,170537
2038-10-08,167764
2038-10-11,169641
2038-10-12,170454
2038-10-13,171809
2038-10-14,171309
2038-10-15,170141
2038-10-18,167493
2038-10-19,167556
2038-10-20,165491
2038-10-21,164074
2038-10-22,164053
2038-10-25,164199
2038-10-26,163427
2038-10-27,163761
2038-10-28,164303
2038-10-29,164053
2038-11-01,163532
2038-11-02,164595
2038-11-03,164115
2038-11-04,163427
2038-11-05,164366
2038-11-08,168202
2038-11-09,168202
2038-11-10,168202
2038-11-11,168202
2038-11-12,168202
2038-11-15,168202
2038-11-16,168202
2038-11-17,168202
2038-11-18,168202
2038-11-19,168202
2038-11-22,168202
2038-11-23,168202
2038-11-24,168202
2038-11-25,168202
2038-11-26,168202
2038-11-29,168202
2038-11-30,167991
2038-12-01,168392
2038-12-02,169449
2038-12-03,169301
2038-12-06,166574
2038-12-07,167843
2038-12-08,167251
2038-12-09,165961
2038-12-10,164566
2038-12-13,163255
2038-12-14,163255
2038-12-15,163255
2038-12-16,163255
2038-12-17,163255
2038-12-20,163255
2038-12-21,163255
2038-12-22,163255
2038-12-23,163255
2038-12-24,163255
2038-12-27,163255
2038-12-28,163255
2038-12-29,163255
2038-12-30,163255
2038-12-31,163255
2039-01-03,163255
2039-01-04,163255
2039-01-05,163255
2039-01-06,163255
2039-01-07,163255
2039-01-10,163255
2039-01-11,163255
2039-01-12,163255
2039-01-13,163255
2039-01-14,163255
2039-01-17,163255
2039-01-18,163255
2039-01-19,163255
2039-01-20,163255
2039-01-21,163255
2039-01-24,163255
2039-01-25,161775
2039-01-26,163458
2039-01-27,162971
2039-01-28,163417
2039-01-31,161046
2039-02-01,161411
2039-02-02,161694
2039-02-03,161066
2039-02-04,160134
2039-02-07,160803
2039-02-08,160681
2039-02-09,159526
2039-02-10,161471
2039-02-11,162181
2039-02-14,161553
2039-02-15,160012
2039-02-16,160215
2039-02-17,159059
2039-02-18,158147
2039-02-21,158411
2039-02-22,160215
2039-02-23,159566
2039-02-24,159424
2039-02-25,160681
2039-02-28,160803
2039-03-01,157924
2039-03-02,155816
2039-03-03,155816
2039-03-04,155816
2039-03-07,155816
2039-03-08,155816
2039-03-09,155816
2039-03-10,155816
2039-03-11,155816
2039-03-14,155816
2039-03-15,155816
2039-03-16,155816
2039-03-17,155816
2039-03-18,155816
2039-03-21,155816
2039-03-22,155816
2039-03-23,155816
2039-03-24,155816
2039-03-25,155816
2039-03-28,155816
2039-03-29,155816
2039-03-30,155816
2039-03-31,155816
2039-04-01,155816
2039-04-04,155816
2039-04-05,155816
2039-04-06,155816
2039-04-07,155816
2039-04-08,155816
2039-04-11,155816
2039-04-12,155816
2039-04-13,155816
2039-04-14,155816
2039-04-15,155816
2039-04-18,155816
2039-04-19,155816
2039-04-20,155816
2039-04-21,155816
2039-04-22,155816
2039-04-25,155816
2039-04-26,155816
2039-04-27,155816
2039-04-28,157139
2039-04-29,156578
2039-05-02,156197
2039-05-03,156097
2039-05-04,157320
2039-05-05,155716
2039-05-06,154573
2039-05-09,154172
2039-05-10,153931
2039-05-11,153971
2039-05-12,154733
2039-05-13,154854
2039-05-16,156357
2039-05-17,155154
2039-05-18,157059
2039-05-19,157701
2039-05-20,158142
2039-05-23,159004
2039-05-24,160909
2039-05-25,159606
2039-05-26,157500
2039-05-27,156217
2039-05-30,156438
2039-05-31,157681
2039-06-01,157961
2039-06-02,156297
2039-06-03,156498
2039-06-06,155575
2039-06-07,154192
2039-06-08,156217
2039-06-09,156478
2039-06-10,156037
2039-06-13,154072
2039-06-14,154192
2039-06-15,153931
2039-06-16,151987
2039-06-17,150683
2039-06-20,150683
2039-06-21,150683
2039-06-22,150683
2039-06-23,150683
2039-06-24,150683
2039-06-27,150683
2039-06-28,150683
2039-06-29,150683
2039-06-30,150683
2039-07-01,150683
2039-07-04,150683
2039-07-05,150683
2039-07-06,150683
2039-07-07,150683
2039-07-08,150683
2039-07-11,150683
2039-07-12,150683
2039-07-13,150683
2039-07-14,150683
2039-07-15,150683
2039-07-18,150683
2039-07-19,150683
2039-07-20,150683
2039-07-21,150683
2039-07-22,150683
2039-07-25,150683
2039-07-26,150683
2039-07-27,150683
2039-07-28,150683
2039-07-29,150683
2039-08-01,150683
2039-08-02,150683
2039-08-03,150683
2039-08-04,150683
2039-08-05,150683
2039-08-08,150683
2039-08-09,150683
2039-08-10,150683
2039-08-11,150683
2039-08-12,150683
2039-08-15,150683
2039-08-16,150683
2039-08-17,150683
2039-08-18,151404
2039-08-19,149563
2039-08-22,148962
2039-08-23,147442
2039-08-24,147602
2039-08-25,146441
2039-08-26,146441
2039-08-29,146441
2039-08-30,146441
2039-08-31,146441
2039-09-01,146441
2039-09-02,146441
2039-09-05,146441
2039-09-06,146441
2039-09-07,146441
2039-09-08,146441
2039-09-09,146441
2039-09-12,146441
2039-09-13,146441
2039-09-14,146441
2039-09-15,146441
2039-09-16,146441
2039-09-19,146441
2039-09-20,146441
2039-09-21,146441
2039-09-22,146441
2039-09-23,146441
2039-09-26,146441
2039-09-27,146441
2039-09-28,146441
2039-09-29,146441
2039-09-30,146441
2039-10-03,146441
2039-10-04,146441
2039-10-05,146441
2039-10-06,146441
2039-10-07,146441
2039-10-10,146441
2039-10-11,146441
2039-10-12,146441
2039-10-13,146441
2039-10-14,146441
2039-10-17,146441
2039-10-18,146441
2039-10-19,146441
2039-10-20,146441
2039-10-21,146441
2039-10-24,146441
2039-10-25,146441
2039-10-26,146441
2039-10-27,146441
2039-10-28,146441
2039-10-31,146441
2039-11-01,146441
2039-11-02,146441
2039-11-03,146441
2039-11-04,146441
2039-11-07,146441
2039-11-08,146441
2039-11-09,146441
2039-11-10,146441
2039-11-11,146441
2039-11-14,146441
2039-11-15,146441
2039-11-16,146441
2039-11-17,146441
2039-11-18,146441
2039-11-21,146441
2039-11-22,146441
2039-11-23,147592
2039-11-24,146617
2039-11-25,145252
2039-11-28,147163
2039-11-29,146851
2039-11-30,145154
2039-12-01,146246
2039-12-02,147338
2039-12-05,147670
2039-12-06,148859
2039-12-07,148235
2039-12-08,149366
2039-12-09,148411
2039-12-12,149542
2039-12-13,152096
2039-12-14,154280
2039-12-15,155002
2039-12-16,155197
2039-12-19,153871
2039-12-20,153890
2039-12-21,153832
2039-12-22,152311
2039-12-23,150829
2039-12-26,149893
2039-12-27,149659
2039-12-28,150556
2039-12-29,149737
2039-12-30,149581
2040-01-02,151472
2040-01-03,152701
2040-01-04,151141
2040-01-05,152038
2040-01-06,151589
2040-01-09,152798
2040-01-10,152311
2040-01-11,148840
2040-01-12,150536
2040-01-13,152818
2040-01-16,150868
2040-01-17,150556
2040-01-18,150595
2040-01-19,149795
2040-01-20,149737
2040-01-23,149503
2040-01-24,151492
2040-01-25,150926
2040-01-26,150478
2040-01-27,150926
2040-01-30,153676
2040-01-31,154592
2040-02-01,151531
2040-02-02,151004
2040-02-03,151355
2040-02-06,150439
2040-02-07,149366
2040-02-08,148372
2040-02-09,148372
2040-02-10,148372
2040-02-13,148372
2040-02-14,148372
2040-02-15,148372
2040-02-16,148372
2040-02-17,148372
2040-02-20,148372
2040-02-21,148372
2040-02-22,148372
2040-02-23,148372
2040-02-24,148372
2040-02-27,148372
2040-02-28,148372
2040-02-29,148372
2040-03-01,148372
2040-03-02,148372
2040-03-05,148372
2040-03-06,148372
2040-03-07,148372
2040-03-08,148372
2040-03-09,148372
2040-03-12,148372
2040-03-13,148372
2040-03-14,148372
2040-03-15,148372
2040-03-16,148372
2040-03-19,148372
2040-03-20,148372
2040-03-21,148372
2040-03-22,148372
2040-03-23,148372
2040-03-26,148372
2040-03-27,148372
2040-03-28,148372
2040-03-29,148372
2040-03-30,148372
2040-04-02,148372
2040-04-03,148372
2040-04-04,148372
2040-04-05,148372
2040-04-06,148372
2040-04-09,148372
2040-04-10,148372
2040-04-11,148372
2040-04-12,148372
2040-04-13,148372
2040-04-16,148372
2040-04-17,148372
2040-04-18,148372
2040-04-19,148372
2040-04-20,148372
2040-04-23,148372
2040-04-24,148372
2040-04-25,148372
2040-04-26,148372
2040-04-27,148372
2040-04-30,148372
2040-05-01,148372
2040-05-02,148372
2040-05-03,148372
2040-05-04,148372
2040-05-07,148372
2040-05-08,148372
2040-05-09,148372
2040-05-10,148372
2040-05-11,148372
2040-05-14,148372
2040-05-15,147851
2040-05-16,149193
2040-05-17,148592
2040-05-18,147811
2040-05-21,147971
2040-05-22,148833
2040-05-23,147390
2040-05-24,147450
2040-05-25,148512
2040-05-28,147851
2040-05-29,150095
2040-05-30,149414
2040-05-31,148712
2040-06-01,150476
2040-06-04,150797
2040-06-05,150255
2040-06-06,149855
2040-06-07,148793
2040-06-08,148873
2040-06-11,149233
2040-06-12,147570
2040-06-13,147570
2040-06-14,147330
2040-06-15,145506
2040-06-18,145225
2040-06-19,145887
2040-06-20,146468
2040-06-21,146468
2040-06-22,143943
2040-06-25,144263
2040-06-26,142199
2040-06-27,140957
2040-06-28,140917
2040-06-29,142280
2040-07-02,142360
2040-07-03,142360
2040-07-04,142360
2040-07-05,142360
2040-07-06,142360
2040-07-09,142360
2040-07-10,142360
2040-07-11,142360
2040-07-12,142360
2040-07-13,142360
2040-07-16,142360
2040-07-17,142360
2040-07-18,142360
2040-07-19,142360
2040-07-20,142360
2040-07-23,142360
2040-07-24,142360
2040-07-25,142360
2040-07-26,141187
2040-07-27,143513
2040-07-30,140908
2040-07-31,142025
2040-08-01,142732
2040-08-02,142397
2040-08-03,143216
2040-08-06,143160
2040-08-07,145095
2040-08-08,143458
2040-08-09,143607
2040-08-10,144090
2040-08-13,143755
2040-08-14,142192
2040-08-15,142211
2040-08-16,141113
2040-08-17,139810
2040-08-20,139252
2040-08-21,138787
2040-08-22,137837
2040-08-23,136795
2040-08-24,136981
2040-08-27,137279
2040-08-28,136200
2040-08-29,135790
2040-08-30,137614
2040-08-31,137372
2040-09-03,137651
2040-09-04,136851
2040-09-05,135958
2040-09-06,135400
2040-09-07,135400
2040-09-10,135400
2040-09-11,135400
2040-09-12,135400
2040-09-13,135400
2040-09-14,135400
2040-09-17,135400
2040-09-18,135400
2040-09-19,135400
2040-09-20,135400
2040-09-21,135400
2040-09-24,135400
2040-09-25,135400
2040-09-26,135400
2040-09-27,135400
2040-09-28,135400
2040-10-01,135400
2040-10-02,135400
2040-10-03,135400
2040-10-04,135400
2040-10-05,135400
2040-10-08,135400
2040-10-09,135400
2040-10-10,135400
2040-10-11,135400
2040-10-12,135400
2040-10-15,135400
2040-10-16,135400
2040-10-17,135400
2040-10-18,135400
2040-10-19,135400
2040-10-22,135400
2040-10-23,135400
2040-10-24,135400
2040-10-25,135400
2040-10-26,135400
2040-10-29,135400
2040-10-30,135400
2040-10-31,135400
2040-11-01,135400
2040-11-02,135400
2040-11-05,135400
2040-11-06,135400
2040-11-07,135400
2040-11-08,135400
2040-11-09,135400
2040-11-12,135400
2040-11-13,135400
2040-11-14,135400
2040-11-15,135400
2040-11-16,135400
2040-11-19,135400
2040-11-20,135400
2040-11-21,135400
2040-11-22,135400
2040-11-23,135400
2040-11-26,135400
2040-11-27,135400
2040-11-28,135400
2040-11-29,135400
2040-11-30,135400
2040-12-03,135400
2040-12-04,135400
2040-12-05,135400
2040-12-06,135400
2040-12-07,135400
2040-12-10,135400
2040-12-11,135400
2040-12-12,135400
2040-12-13,135400
2040-12-14,135400
2040-12-17,135400
2040-12-18,135400
2040-12-19,135400
2040-12-20,135400
2040-12-21,135400
2040-12-24,135400
2040-12-25,135400
2040-12-26,135400
2040-12-27,135400
2040-12-28,135400
2040-12-31,135400
2041-01-01,135400
2041-01-02,135400
2041-01-03,135400
2041-01-04,135400
2041-01-07,135400
2041-01-08,135400
2041-01-09,135400
2041-01-10,135400
2041-01-11,135400
2041-01-14,135400
2041-01-15,135400
2041-01-16,135400
2041-01-17,135400
2041-01-18,135400
2041-01-21,135400
2041-01-22,135400
2041-01-23,135400
2041-01-24,135400
2041-01-25,135400
2041-01-28,135400
2041-01-29,135400
2041-01-30,135400
2041-01-31,135400
2041-02-01,135400
2041-02-04,135400
2041-02-05,135400
2041-02-06,135400
2041-02-07,135400
2041-02-08,135400
2041-02-11,135400
2041-02-12,135400
2041-02-13,135400
2041-02-14,135400
2041-02-15,135400
2041-02-18,135400
2041-02-19,135400
2041-02-20,135400
2041-02-21,135400
2041-02-22,135400
2041-02-25,135400
2041-02-26,135400
2041-02-27,135400
2041-02-28,135400
2041-03-01,135400
2041-03-04,135400
2041-03-05,135400
2041-03-06,135751
2041-03-07,136662
2041-03-08,137801
2041-03-11,138567
2041-03-12,138732
2041-03-13,136207
2041-03-14,135089
2041-03-15,136103
2041-03-18,136414
2041-03-19,137490
2041-03-20,138277
2041-03-21,139829
2041-03-22,141527
2041-03-25,140347
2041-03-26,141051
2041-03-27,140989
2041-03-28,141465
2041-03-29,140181
2041-04-01,139477
2041-04-02,139560
2041-04-03,137511
2041-04-04,136310
2041-04-05,136248
2041-04-08,136269
2041-04-09,136041
2041-04-10,137470
2041-04-11,137470
2041-04-12,139974
2041-04-15,139250
2041-04-16,138898
2041-04-17,136724
2041-04-18,136517
2041-04-19,136021
2041-04-22,136559
2041-04-23,137118
2041-04-24,136290
2041-04-25,134903
2041-04-26,136000
2041-04-29,135296
2041-04-30,136476
2041-05-01,134530
2041-05-02,134530
2041-05-03,134530
2041-05-06,134530
2041-05-07,134530
2041-05-08,134530
2041-05-09,134530
2041-05-10,134530
2041-05-13,134530
2041-05-14,134530
2041-05-15,134530
2041-05-16,134530
2041-05-17,134530
2041-05-20,134530
2041-05-21,134530
2041-05-22,134530
2041-05-23,134530
2041-05-24,134530
2041-05-27,134530
2041-05-28,134530
2041-05-29,134530
2041-05-30,134530
2041-05-31,134530
2041-06-03,134530
2041-06-04,134530
2041-06-05,135541
2041-06-06,135136
2041-06-07,134207
2041-06-10,132327
2041-06-11,132125
2041-06-12,132024
2041-06-13,132004
2041-06-14,131802
2041-06-17,132893
2041-06-18,132388
2041-06-19,130003
2041-06-20,130044
2041-06-21,129377
2041-06-24,130023
2041-06-25,128528
2041-06-26,128932
2041-06-27,128932
2041-06-28,128932
2041-07-01,128932
2041-07-02,128932
2041-07-03,128932
2041-07-04,128932
2041-07-05,128932
2041-07-08,128932
2041-07-09,128932
2041-07-10,128932
2041-07-11,128932
2041-07-12,128932
2041-07-15,128932
2041-07-16,128932
2041-07-17,128932
2041-07-18,128932
2041-07-19,128932
2041-07-22,128932
2041-07-23,128932
2041-07-24,128932
2041-07-25,128932
2041-07-26,128932
2041-07-29,128932
2041-07-30,128932
2041-07-31,128932
2041-08-01,128932
2041-08-02,128932
2041-08-05,128932
2041-08-06,128932
2041-08-07,128932
2041-08-08,128932
2041-08-09,128932
2041-08-12,128932
2041-08-13,128932
2041-08-14,128932
2041-08-15,128932
2041-08-16,128932
2041-08-19,128932
2041-08-20,128932
2041-08-21,128932
2041-08-22,128932
2041-08-23,128932
2041-08-26,128932
2041-08-27,128932
2041-08-28,128932
2041-08-29,128932
2041-08-30,128932
2041-09-02,128932
2041-09-03,128932
2041-09-04,128932
2041-09-05,128932
2041-09-06,128932
2041-09-09,128932
2041-09-10,128932
2041-09-11,128932
2041-09-12,128932
2041-09-13,129991
2041-09-16,128739
2041-09-17,128913
2041-09-18,127391
2041-09-19,128085
2041-09-20,129933
2041-09-23,128739
2041-09-24,130203
2041-09-25,129645
2041-09-26,130858
2041-09-27,129645
2041-09-30,128335
2041-10-01,129298
2041-10-02,126679
2041-10-03,127237
2041-10-04,128528
2041-10-07,128470
2041-10-08,126852
2041-10-09,125870
2041-10-10,127006
2041-10-11,127276
2041-10-14,126640
2041-10-15,127122
2041-10-16,128123
2041-10-17,129394
2041-10-18,129009
2041-10-21,130088
2041-10-22,129086
2041-10-23,127911
2041-10-24,127256
2041-10-25,126948
2041-10-28,126081
2041-10-29,127930
2041-10-30,127738
2041-10-31,128489
2041-11-01,127622
2041-11-04,128470
2041-11-05,130319
2041-11-06,132110
2041-11-07,132957
2041-11-08,133439
2041-11-11,132225
2041-11-12,133285
2041-11-13,133535
2041-11-14,134748
2041-11-15,134633
2041-11-18,132822
2041-11-19,132014
2041-11-20,131417
2041-11-21,130742
2041-11-22,130800
2041-11-25,130646
2041-11-26,132091
2041-11-27,131956
2041-11-28,131956
2041-11-29,130299
2041-12-02,129914
2041-12-03,131301
2041-12-04,131840
2041-12-05,133227
2041-12-06,132014
2041-12-09,131031
2041-12-10,130511
2041-12-11,130280
2041-12-12,129914
2041-12-13,129356
2041-12-16,128624
2041-12-17,130222
2041-12-18,129895
2041-12-19,131070
2041-12-20,130319
2041-12-23,130646
2041-12-24,130916
2041-12-25,130665
2041-12-26,131436
2041-12-27,131744
2041-12-30,132688
2041-12-31,131725
2042-01-01,131185
2042-01-02,128913
2042-01-03,128913
2042-01-06,128913
2042-01-07,128913
2042-01-08,128913
2042-01-09,128913
2042-01-10,128913
2042-01-13,128913
2042-01-14,128913
2042-01-15,128913
2042-01-16,128913
2042-01-17,128913
2042-01-20,128913
2042-01-21,128913
2042-01-22,128913
2042-01-23,128913
2042-01-24,128913
2042-01-27,128913
2042-01-28,128913
2042-01-29,128913
2042-01-30,128913
2042-01-31,128913
2042-02-03,128913
2042-02-04,128913
2042-02-05,128913
2042-02-06,128913
2042-02-07,128913
2042-02-10,128913
2042-02-11,128913
2042-02-12,128913
2042-02-13,128913
2042-02-14,128913
2042-02-17,128913
2042-02-18,128913
2042-02-19,128913
2042-02-20,128913
2042-02-21,128913
2042-02-24,128913
2042-02-25,128913
2042-02-26,128913
2042-02-27,128913
2042-02-28,128913
2042-03-03,128913
2042-03-04,128913
2042-03-05,128913
2042-03-06,128913
2042-03-07,127788
2042-03-10,128838
2042-03-11,128163
2042-03-12,128931
2042-03-13,128688
2042-03-14,129850
2042-03-17,128650
2042-03-18,129344
2042-03-19,128181
2042-03-20,126831
2042-03-21,126119
2042-03-24,126381
2042-03-25,125013
2042-03-26,125931
2042-03-27,126831
2042-03-28,125500
2042-03-31,126719
2042-04-01,126588
2042-04-02,126419
2042-04-03,128106
2042-04-04,128275
2042-04-07,129794
2042-04-08,131106
2042-04-09,128519
2042-04-10,128444
2042-04-11,127169
2042-04-14,126325
2042-04-15,127863
2042-04-16,127788
2042-04-17,127469
2042-04-18,126569
2042-04-21,127506
2042-04-22,125631
2042-04-23,125256
2042-04-24,126738
2042-04-25,125594
2042-04-28,125706
2042-04-29,124394
2042-04-30,124694
2042-05-01,126756
2042-05-02,126756
2042-05-05,126756
2042-05-06,126756
2042-05-07,126756
2042-05-08,126756
2042-05-09,126756
2042-05-12,126756
2042-05-13,126756
2042-05-14,126756
2042-05-15,126756
2042-05-16,126756
2042-05-19,126756
2042-05-20,127458
2042-05-21,126111
2042-05-22,126295
2042-05-23,125465
2042-05-26,123768
2042-05-27,123971
2042-05-28,123103
2042-05-29,124118
2042-05-30,123620
2042-06-02,124395
2042-06-03,124432
2042-06-04,123749
2042-06-05,124118
2042-06-06,123565
2042-06-09,124081
2042-06-10,124081
2042-06-11,124081
2042-06-12,124081
2042-06-13,124081
2042-06-16,124081
2042-06-17,124081
2042-06-18,124081
2042-06-19,124081
2042-06-20,124081
2042-06-23,124081
2042-06-24,124081
2042-06-25,124081
2042-06-26,124081
2042-06-27,124081
2042-06-30,124081
2042-07-01,124081
2042-07-02,124081
2042-07-03,124081
2042-07-04,124081
2042-07-07,124081
2042-07-08,124081
2042-07-09,124081
2042-07-10,124081
2042-07-11,124081
2042-07-14,124081
2042-07-15,124081
2042-07-16,124081
2042-07-17,124081
2042-07-18,124081
2042-07-21,124081
2042-07-22,124081
2042-07-23,124081
2042-07-24,124081
2042-07-25,124081
2042-07-28,124081
2042-07-29,124081
2042-07-30,124735
2042-07-31,124063
2042-08-01,122936
2042-08-04,123009
2042-08-05,124154
2042-08-06,123900
2042-08-07,124463
2042-08-08,123663
2042-08-11,121846
2042-08-12,121410
2042-08-13,120956
2042-08-14,119993
2042-08-15,119938
2042-08-18,119066
2042-08-19,119702
2042-08-20,117522
2042-08-21,118794
2042-08-22,118794
2042-08-25,118794
2042-08-26,118794
2042-08-27,118794
2042-08-28,118794
2042-08-29,118794
2042-09-01,118794
2042-09-02,118794
2042-09-03,118794
2042-09-04,118794
2042-09-05,118794
2042-09-08,118794
2042-09-09,118794
2042-09-10,118794
2042-09-11,118794
2042-09-12,118794
2042-09-15,118794
2042-09-16,118794
2042-09-17,118498
2042-09-18,119159
2042-09-19,119211
2042-09-22,119177
2042-09-23,119681
2042-09-24,120012
2042-09-25,119855
2042-09-26,120760
2042-09-29,123005
2042-09-30,121926
2042-10-01,122865
2042-10-02,123579
2042-10-03,122639
2042-10-06,122413
2042-10-07,122361
2042-10-08,120499
2042-10-09,121038
2042-10-10,122604
2042-10-13,120795
2042-10-14,120134
2042-10-15,121508
2042-10-16,122100
2042-10-17,121004
2042-10-20,120917
2042-10-21,120586
2042-10-22,119855
2042-10-23,119577
2042-10-24,120290
2042-10-27,120308
2042-10-28,120534
2042-10-29,121143
2042-10-30,120116
2042-10-31,120151
2042-11-03,120047
2042-11-04,118376
2042-11-05,118829
2042-11-06,118359
2042-11-07,119925
2042-11-10,119229
2042-11-11,119229
2042-11-12,119229
2042-11-13,119229
2042-11-14,119229
2042-11-17,119229
2042-11-18,119229
2042-11-19,119229
2042-11-20,119229
2042-11-21,119229
2042-11-24,119229
2042-11-25,119229
2042-11-26,119229
2042-11-27,119229
2042-11-28,119229
2042-12-01,119229
2042-12-02,119229
2042-12-03,119229
2042-12-04,119229
2042-12-05,119229
2042-12-08,119229
2042-12-09,119229
2042-12-10,119229
2042-12-11,119229
2042-12-12,119229
2042-12-15,119080
2042-12-16,119212
2042-12-17,119196
2042-12-18,119146
2042-12-19,118715
2042-12-22,117092
2042-12-23,117043
2042-12-24,118633
2042-12-25,118550
2042-12-26,118682
2042-12-29,117904
2042-12-30,118053
2042-12-31,117887
2043-01-01,117523
2043-01-02,117821
2043-01-05,117242
2043-01-06,116894
2043-01-07,116960
2043-01-08,117556
2043-01-09,117506
2043-01-12,115685
2043-01-13,115354
2043-01-14,114344
2043-01-15,116496
2043-01-16,116364
2043-01-19,115900
2043-01-20,114625
2043-01-21,114724
2043-01-22,114907
2043-01-23,113085
2043-01-26,114062
2043-01-27,116447
2043-01-28,116447
2043-01-29,116447
2043-01-30,116447
2043-02-02,116447
2043-02-03,116447
2043-02-04,116447
2043-02-05,116447
2043-02-06,116447
2043-02-09,116447
2043-02-10,116447
2043-02-11,116447
2043-02-12,116934
2043-02-13,117812
2043-02-16,117113
2043-02-17,117357
2043-02-18,117828
2043-02-19,117373
2043-02-20,116268
2043-02-23,116707
2043-02-24,117503
2043-02-25,117454
2043-02-26,117909
2043-02-27,117048
2043-03-02,117990
2043-03-03,117600
2043-03-04,116625
2043-03-05,117552
2043-03-06,116317
2043-03-09,115390
2043-03-10,114432
2043-03-11,114773
2043-03-12,116219
2043-03-13,117178
2043-03-16,117812
2043-03-17,119209
2043-03-18,119940
2043-03-19,122329
2043-03-20,123629
2043-03-23,122557
2043-03-24,123369
2043-03-25,123125
2043-03-26,123515
2043-03-27,124539
2043-03-30,125677
2043-03-31,125124
2043-04-01,125985
2043-04-02,125872
2043-04-03,126749
2043-04-06,125758
2043-04-07,125465
2043-04-08,123954
2043-04-09,122280
2043-04-10,122573
2043-04-13,123109
2043-04-14,123337
2043-04-15,122020
2043-04-16,120509
2043-04-17,119713
2043-04-20,119258
2043-04-21,117925
2043-04-22,118770
2043-04-23,118169
2043-04-24,119209
2043-04-27,119339
2043-04-28,121159
2043-04-29,122410
2043-04-30,122930
2043-05-01,120915
2043-05-04,119209
2043-05-05,117893
2043-05-06,117909
2043-05-07,117909
2043-05-08,117909
2043-05-11,117909
2043-05-12,117909
2043-05-13,117909
2043-05-14,117909
2043-05-15,117909
2043-05-18,117909
2043-05-19,117909
2043-05-20,117909
2043-05-21,117909
2043-05-22,117909
2043-05-25,117909
2043-05-26,117909
2043-05-27,117909
2043-05-28,117909
2043-05-29,117909
2043-06-01,117909
2043-06-02,117909
2043-06-03,117909
2043-06-04,117909
2043-06-05,117909
2043-06-08,117909
2043-06-09,117909
2043-06-10,117909
2043-06-11,117909
2043-06-12,117909
2043-06-15,117909
2043-06-16,117909
2043-06-17,117909
2043-06-18,117909
2043-06-19,117909
2043-06-22,117909
2043-06-23,117909
2043-06-24,117909
2043-06-25,117909
2043-06-26,117909
2043-06-29,117909
2043-06-30,117909
2043-07-01,117909
2043-07-02,117909
2043-07-03,117909
2043-07-06,117909
2043-07-07,117909
2043-07-08,117909
2043-07-09,117909
2043-07-10,117909
2043-07-13,117909
2043-07-14,117909
2043-07-15,117909
2043-07-16,117909
2043-07-17,118668
2043-07-20,117150
2043-07-21,116507
2043-07-22,116886
2043-07-23,116507
2043-07-24,116111
2043-07-27,114428
2043-07-28,114543
2043-07-29,115385
2043-07-30,114824
2043-07-31,113256
2043-08-03,113256
2043-08-04,113256
2043-08-05,113256
2043-08-06,113256
2043-08-07,113256
2043-08-10,113256
2043-08-11,113256
2043-08-12,113256
2043-08-13,113256
2043-08-14,113256
2043-08-17,113256
2043-08-18,113256
2043-08-19,113256
2043-08-20,113256
2043-08-21,112804
2043-08-24,113482
2043-08-25,113392
2043-08-26,114538
2043-08-27,113482
2043-08-28,114040
2043-08-31,114855
2043-09-01,114116
2043-09-02,116770
2043-09-03,114553
2043-09-04,114040
2043-09-07,113890
2043-09-08,114070
2043-09-09,115066
2043-09-10,114689
2043-09-11,115005
2043-09-14,115563
2043-09-15,116182
2043-09-16,115051
2043-09-17,114357
2043-09-18,115277
2043-09-21,115443
2043-09-22,114855
2043-09-23,114644
2043-09-24,116740
2043-09-25,118444
2043-09-28,117750
2043-09-29,118640
2043-09-30,119137
2043-10-01,118926
2043-10-02,118851
2043-10-05,119952
2043-10-06,119575
2043-10-07,118715
2043-10-08,116227
2043-10-09,116966
2043-10-12,118157
2043-10-13,119424
2043-10-14,119379
2043-10-15,119771
2043-10-16,120736
2043-10-19,122485
2043-10-20,120359
2043-10-21,120193
2043-10-22,120887
2043-10-23,121098
2043-10-26,119710
2043-10-27,121203
2043-10-28,120479
2043-10-29,122319
2043-10-30,122033
2043-11-02,123284
2043-11-03,123450
2043-11-04,123767
2043-11-05,122711
2043-11-06,121671
2043-11-09,121173
2043-11-10,119680
2043-11-11,120314
2043-11-12,120525
2043-11-13,119967
2043-11-16,119409
2043-11-17,117856
2043-11-18,117644
2043-11-19,116091
2043-11-20,117554
2043-11-23,117283
2043-11-24,118353
2043-11-25,117524
2043-11-26,116830
2043-11-27,117162
2043-11-30,117192
2043-12-01,117192
2043-12-02,117192
2043-12-03,117192
2043-12-04,117192
2043-12-07,117192
2043-12-08,117192
2043-12-09,117192
2043-12-10,117192
2043-12-11,117192
2043-12-14,117192
2043-12-15,117192
2043-12-16,117192
2043-12-17,117192
2043-12-18,117192
2043-12-21,117192
2043-12-22,117192
2043-12-23,117192
2043-12-24,117192
2043-12-25,117192
2043-12-28,117192
2043-12-29,117192
2043-12-30,117192
2043-12-31,117192
2044-01-01,117192
2044-01-04,117192
2044-01-05,117192
2044-01-06,117192
2044-01-07,117192
2044-01-08,117192
2044-01-11,117192
2044-01-12,117192
2044-01-13,117192
2044-01-14,116163
2044-01-15,117354
2044-01-18,117339
2044-01-19,118295
2044-01-20,117236
2044-01-21,119515
2044-01-22,119765
2044-01-25,119132
2044-01-26,118177
2044-01-27,119044
2044-01-28,118368
2044-01-29,118412
2044-02-01,116927
2044-02-02,116266
2044-02-03,115163
2044-02-04,115252
2044-02-05,114620
2044-02-08,112723
2044-02-09,113767
2044-02-10,111459
2044-02-11,112429
2044-02-12,111444
2044-02-15,111239
2044-02-16,109989
2044-02-17,110107
2044-02-18,111459
2044-02-19,112121
2044-02-22,112121
2044-02-23,112121
2044-02-24,112121
2044-02-25,112121
2044-02-26,112121
2044-02-29,112121
2044-03-01,112121
2044-03-02,112121
2044-03-03,112121
2044-03-04,112121
2044-03-07,112121
2044-03-08,112121
2044-03-09,112121
2044-03-10,112121
2044-03-11,112121
2044-03-14,112121
2044-03-15,112121
2044-03-16,112121
2044-03-17,112121
2044-03-18,112121
2044-03-21,112121
2044-03-22,112121
2044-03-23,112121
2044-03-24,112121
2044-03-25,112121
2044-03-28,112121
2044-03-29,112178
2044-03-30,113137
2044-03-31,112163
2044-04-01,112493
2044-04-04,112550
2044-04-05,113581
2044-04-06,113953
2044-04-07,114727
2044-04-08,115872
2044-04-11,116717
2044-04-12,115357
2044-04-13,115271
2044-04-14,114498
2044-04-15,113323
2044-04-18,113395
2044-04-19,113553
2044-04-20,114655
2044-04-21,115801
2044-04-22,114698
2044-04-25,113810
2044-04-26,113524
2044-04-27,114755
2044-04-28,114856
2044-04-29,113610
2044-05-02,113495
2044-05-03,114526
2044-05-04,116187
2044-05-05,115901
2044-05-06,116417
2044-05-09,116417
2044-05-10,117032
2044-05-11,116502
2044-05-12,117247
2044-05-13,117720
2044-05-16,118507
2044-05-17,117390
2044-05-18,117018
2044-05-19,117047
2044-05-20,116245
2044-05-23,115600
2044-05-24,116746
2044-05-25,116832
2044-05-26,116760
2044-05-27,114512
2044-05-30,114197
2044-05-31,116789
2044-06-01,116302
2044-06-02,116144
2044-06-03,117147
2044-06-06,116474
2044-06-07,117175
2044-06-08,116760
2044-06-09,116918
2044-06-10,116631
2044-06-13,116116
2044-06-14,116316
2044-06-15,117104
2044-06-16,116846
2044-06-17,117791
2044-06-20,116860
2044-06-21,115572
2044-06-22,115271
2044-06-23,116961
2044-06-24,117891
2044-06-27,117376
2044-06-28,116832
2044-06-29,117247
2044-06-30,115600
2044-07-01,115729
2044-07-04,115443
2044-07-05,114269
2044-07-06,114999
2044-07-07,114584
2044-07-08,114584
2044-07-11,114584
2044-07-12,114584
2044-07-13,114584
2044-07-14,114584
2044-07-15,114584
2044-07-18,114584
2044-07-19,114584
2044-07-20,114584
2044-07-21,114584
2044-07-22,114584
2044-07-25,114584
2044-07-26,114584
2044-07-27,114584
2044-07-28,114584
2044-07-29,114584
2044-08-01,114584
2044-08-02,114584
2044-08-03,114584
2044-08-04,114584
2044-08-05,114584
2044-08-08,114584
2044-08-09,113510
2044-08-10,114831
2044-08-11,115505
2044-08-12,116015
2044-08-15,114735
2044-08-16,114198
2044-08-17,113552
2044-08-18,113813
2044-08-19,112795
2044-08-22,112657
2044-08-23,112698
2044-08-24,112065
2044-08-25,111267
2044-08-26,111157
2044-08-29,110772
2044-08-30,109547
2044-08-31,108749
2044-09-01,108405
2044-09-02,109203
2044-09-05,109575
2044-09-06,111322
2044-09-07,110112
2044-09-08,110070
2044-09-09,108956
2044-09-12,108956
2044-09-13,108956
2044-09-14,108956
2044-09-15,108956
2044-09-16,108956
2044-09-19,108956
2044-09-20,108956
2044-09-21,108956
2044-09-22,108956
2044-09-23,108956
2044-09-26,108956
2044-09-27,108956
2044-09-28,108956
2044-09-29,108956
2044-09-30,108956
2044-10-03,108956
2044-10-04,108956
2044-10-05,108956
2044-10-06,108956
2044-10-07,108956
2044-10-10,108956
2044-10-11,108956
2044-10-12,108956
2044-10-13,108956
2044-10-14,108956
2044-10-17,108956
2044-10-18,108956
2044-10-19,108956
2044-10-20,108956
2044-10-21,108956
2044-10-24,108956
2044-10-25,108956
2044-10-26,108956
2044-10-27,108956
2044-10-28,108956
2044-10-31,108956
2044-11-01,108956
2044-11-02,108956
2044-11-03,108956
2044-11-04,108956
2044-11-07,108956
2044-11-08,108956
2044-11-09,108956
2044-11-10,108956
2044-11-11,108956
2044-11-14,108458
2044-11-15,108458
2044-11-16,106937
2044-11-17,106735
2044-11-18,106506
2044-11-21,106358
2044-11-22,104608
2044-11-23,104797
2044-11-24,104918
2044-11-25,105604
2044-11-28,106291
2044-11-29,107260
2044-11-30,107233
2044-12-01,107825
2044-12-02,105873
2044-12-05,105241
2044-12-06,103801
2044-12-07,102845
2044-12-08,101997
2044-12-09,101539
2044-12-12,99776
2044-12-13,99776
2044-12-14,99776
2044-12-15,99776
2044-12-16,99776
2044-12-19,99776
2044-12-20,99776
2044-12-21,99776
2044-12-22,99776
2044-12-23,99776
2044-12-26,99776
2044-12-27,99776
2044-12-28,99776
2044-12-29,99776
2044-12-30,99776
2045-01-02,99776
2045-01-03,99776
2045-01-04,99776
2045-01-05,99776
2045-01-06,99776
2045-01-09,99776
2045-01-10,99776
2045-01-11,99776
2045-01-12,99776
2045-01-13,99776
2045-01-16,99776
2045-01-17,99776
2045-01-18,99776
2045-01-19,99776
2045-01-20,99776
2045-01-23,99776
2045-01-24,99776
2045-01-25,99776
2045-01-26,99776
2045-01-27,99776
2045-01-30,99776
2045-01-31,99776
2045-02-01,99776
2045-02-02,99776
2045-02-03,99776
2045-02-06,99776
2045-02-07,99776
2045-02-08,99776
2045-02-09,99776
2045-02-10,99776
2045-02-13,99776
2045-02-14,99898.3
2045-02-15,100374
2045-02-16,100469
2045-02-17,99952.7
2045-02-20,99803.2
2045-02-21,100102
2045-02-22,101760
2045-02-23,101910
2045-02-24,101217
2045-02-27,101529
2045-02-28,103540
2045-03-01,103255
2045-03-02,102997
2045-03-03,103133
2045-03-06,104125
2045-03-07,106082
2045-03-08,106272
2045-03-09,105429
2045-03-10,106218
2045-03-13,105402
2045-03-14,105171
2045-03-15,106653
2045-03-16,105864
2045-03-17,107210
2045-03-20,107074
2045-03-21,106979
2045-03-22,107087
2045-03-23,106952
2045-03-24,106245
2045-03-27,105307
2045-03-28,104886
2045-03-29,105443
2045-03-30,105185
2045-03-31,104940
2045-04-03,104451
2045-04-04,104696
2045-04-05,105035
2045-04-06,103962
2045-04-07,102711
2045-04-10,102290
2045-04-11,100646
2045-04-12,100388
2045-04-13,99694.5
2045-04-14,99082.9
2045-04-17,99082.9
2045-04-18,99762.4
2045-04-19,101964
2045-04-20,101964
2045-04-21,101964
2045-04-24,101964
2045-04-25,101964
2045-04-26,101964
2045-04-27,101964
2045-04-28,101964
2045-05-01,101964
2045-05-02,101964
2045-05-03,101964
2045-05-04,101964
2045-05-05,101964
2045-05-08,101964
2045-05-09,101964
2045-05-10,101964
2045-05-11,101964
2045-05-12,101964
2045-05-15,101964
2045-05-16,101964
2045-05-17,101964
2045-05-18,101964
2045-05-19,101964
2045-05-22,101964
2045-05-23,101964
2045-05-24,101964
2045-05-25,101964
2045-05-26,101964
2045-05-29,101964
2045-05-30,101964
2045-05-31,101964
2045-06-01,101964
2045-06-02,101964
2045-06-05,101964
2045-06-06,101964
2045-06-07,101964
2045-06-08,101964
2045-06-09,101964
2045-06-12,101964
2045-06-13,101964
2045-06-14,101964
2045-06-15,101964
2045-06-16,101964
2045-06-19,101964
2045-06-20,101964
2045-06-21,101964
2045-06-22,101964
2045-06-23,101964
2045-06-26,101964
2045-06-27,101964
2045-06-28,101964
2045-06-29,101964
2045-06-30,101964
2045-07-03,101964
2045-07-04,101964
2045-07-05,101964
2045-07-06,101964
2045-07-07,101964
2045-07-10,101964
2045-07-11,101964
2045-07-12,101964
2045-07-13,101964
2045-07-14,101964
2045-07-17,101964
2045-07-18,101964
2045-07-19,101964
2045-07-20,101964
2045-07-21,101964
2045-07-24,101964
2045-07-25,101964
2045-07-26,101964
2045-07-27,101964
2045-07-28,101741
2045-07-31,102187
2045-08-01,102335
2045-08-02,102558
2045-08-03,102988
2045-08-04,102765
2045-08-07,102483
2045-08-08,101905
2045-08-09,101979
2045-08-10,101356
2045-08-11,101801
2045-08-14,100435
2045-08-15,99559.9
2045-08-16,98877.3
2045-08-17,98758.6
2045-08-18,98803.1
2045-08-21,99070.2
2045-08-22,99010.8
2045-08-23,98625
2045-08-24,99129.6
2045-08-25,99129.6
2045-08-28,99129.6
2045-08-29,99129.6
2045-08-30,99129.6
2045-08-31,99129.6
2045-09-01,99129.6
2045-09-04,99129.6
2045-09-05,99129.6
2045-09-06,99129.6
2045-09-07,99129.6
2045-09-08,99129.6
2045-09-11,99129.6
2045-09-12,99129.6
2045-09-13,99129.6
2045-09-14,99129.6
2045-09-15,99129.6
2045-09-18,99129.6
2045-09-19,98220.1
2045-09-20,97820.5
2045-09-21,98991.8
2045-09-22,97462.2
2045-09-25,95877.5
2045-09-26,96938.5
2045-09-27,96056.6
2045-09-28,94540.8
2045-09-29,94444.4
2045-10-02,93769.1
2045-10-03,93259.3
2045-10-04,93424.6
2045-10-05,94568.4
2045-10-06,94692.4
2045-10-09,94554.6
2045-10-10,94141.2
2045-10-11,94830.2
2045-10-12,94940.4
2045-10-13,94017.2
2045-10-16,93162.8
2045-10-17,94761.3
2045-10-18,94127.4
2045-10-19,93410.9
2045-10-20,93658.9
2045-10-23,93879.4
2045-10-24,93879.4
2045-10-25,93879.4
2045-10-26,93879.4
2045-10-27,93879.4
2045-10-30,93879.4
2045-10-31,93879.4
2045-11-01,93879.4
2045-11-02,93879.4
2045-11-03,93879.4
2045-11-06,93879.4
2045-11-07,93879.4
2045-11-08,93879.4
2045-11-09,93879.4
2045-11-10,93879.4
2045-11-13,93879.4
2045-11-14,93879.4
2045-11-15,93879.4
2045-11-16,93879.4
2045-11-17,93879.4
2045-11-20,93879.4
2045-11-21,93879.4
2045-11-22,93879.4
2045-11-23,93879.4
2045-11-24,93879.4
2045-11-27,93879.4
2045-11-28,93879.4
2045-11-29,93879.4
2045-11-30,93879.4
2045-12-01,93879.4
2045-12-04,93879.4
2045-12-05,93879.4
2045-12-06,93879.4
2045-12-07,93879.4
2045-12-08,93879.4
2045-12-11,93879.4
2045-12-12,93879.4
2045-12-13,93879.4
2045-12-14,93879.4
2045-12-15,93879.4
2045-12-18,93879.4
2045-12-19,93879.4
2045-12-20,93879.4
2045-12-21,93879.4
2045-12-22,93879.4
2045-12-25,93879.4
2045-12-26,93879.4
2045-12-27,93879.4
2045-12-28,93879.4
2045-12-29,93879.4
2046-01-01,93879.4
2046-01-02,93879.4
2046-01-03,93879.4
2046-01-04,93879.4
2046-01-05,93879.4
2046-01-08,93879.4
2046-01-09,93879.4
2046-01-10,93879.4
2046-01-11,93825.5
2046-01-12,93583.3
2046-01-15,93677.5
2046-01-16,94363.9
2046-01-17,93448.7
2046-01-18,92829.5
2046-01-19,92748.7
2046-01-22,92196.9
2046-01-23,91564.3
2046-01-24,91039.3
2046-01-25,90460.5
2046-01-26,88683.8
2046-01-29,87337.8
2046-01-30,87862.8
2046-01-31,88212.7
2046-02-01,87405.1
2046-02-02,88293.5
2046-02-05,89262.6
2046-02-06,89235.7
2046-02-07,90325.9
2046-02-08,91443.1
2046-02-09,92264.2
2046-02-12,92587.2
2046-02-13,90850.9
2046-02-14,90850.9
2046-02-15,90850.9
2046-02-16,90850.9
2046-02-19,90850.9
2046-02-20,90850.9
2046-02-21,90850.9
2046-02-22,90850.9
2046-02-23,90850.9
2046-02-26,90850.9
2046-02-27,90850.9
2046-02-28,90850.9
2046-03-01,90850.9
2046-03-02,90850.9
2046-03-05,90850.9
2046-03-06,90850.9
2046-03-07,90850.9
2046-03-08,90850.9
2046-03-09,90850.9
2046-03-12,90850.9
2046-03-13,90850.9
2046-03-14,90850.9
2046-03-15,90850.9
2046-03-16,90850.9
2046-03-19,90850.9
2046-03-20,90590.5
2046-03-21,90434.2
2046-03-22,89874.4
2046-03-23,89900.4
2046-03-26,91345.6
2046-03-27,92009.7
2046-03-28,92686.7
2046-03-29,93025.2
2046-03-30,92478.4
2046-04-02,93754.3
2046-04-03,93949.6
2046-04-04,94496.5
2046-04-05,95160.5
2046-04-06,94600.6
2046-04-09,94353.3
2046-04-10,95277.7
2046-04-11,94522.5
2046-04-12,94861
2046-04-13,94587.6
2046-04-16,95082.4
2046-04-17,96124
2046-04-18,97009.3
2046-04-19,96892.2
2046-04-20,97399.9
2046-04-23,97946.8
2046-04-24,96853.1
2046-04-25,96814
2046-04-26,97543.2
2046-04-27,98077
2046-04-30,96436.5
2046-05-01,96983.3
2046-05-02,96462.5
2046-05-03,95967.7
2046-05-04,95954.7
2046-05-07,96293.2
2046-05-08,97126.5
2046-05-09,97556.2
2046-05-10,96788
2046-05-11,95030.3
2046-05-14,94613.7
2046-05-15,93910.6
2046-05-16,94991.2
2046-05-17,95407.9
2046-05-18,95121.4
2046-05-21,95590.2
2046-05-22,95746.4
2046-05-23,96071.9
2046-05-24,95915.7
2046-05-25,96137
2046-05-28,97881.7
2046-05-29,98793.1
2046-05-30,98649.9
2046-05-31,99313.9
2046-06-01,99652.4
2046-06-04,100017
2046-06-05,101631
2046-06-06,102348
2046-06-07,102282
2046-06-08,101436
2046-06-11,101657
2046-06-12,101710
2046-06-13,101410
2046-06-14,100668
2046-06-15,101332
2046-06-18,102204
2046-06-19,101983
2046-06-20,102035
2046-06-21,101736
2046-06-22,101957
2046-06-25,102829
2046-06-26,102621
2046-06-27,101775
2046-06-28,102973
2046-06-29,103077
2046-07-02,103780
2046-07-03,104196
2046-07-04,104248
2046-07-05,104105
2046-07-06,104144
2046-07-09,103910
2046-07-10,103897
2046-07-11,103012
2046-07-12,101736
2046-07-13,101072
2046-07-16,101449
2046-07-17,100525
2046-07-18,100277
2046-07-19,99899.8
2046-07-20,99613.3
2046-07-23,100225
2046-07-24,100147
2046-07-25,100629
2046-07-26,99886.8
2046-07-27,100121
2046-07-30,100004
2046-07-31,99925.8
2046-08-01,99860.7
2046-08-02,101020
2046-08-03,101020
2046-08-06,101020
2046-08-07,101020
2046-08-08,101020
2046-08-09,101020
2046-08-10,101020
2046-08-13,101020
2046-08-14,101020
2046-08-15,101020
2046-08-16,101020
2046-08-17,101020
2046-08-20,101020
2046-08-21,101020
2046-08-22,101020
2046-08-23,101020
2046-08-24,101020
2046-08-27,101020
2046-08-28,101020
2046-08-29,101020
2046-08-30,101020
2046-08-31,101020
2046-09-03,101020
2046-09-04,101020
2046-09-05,101020
2046-09-06,101020
2046-09-07,101020
2046-09-10,101020
2046-09-11,101020
2046-09-12,101020
2046-09-13,101020
2046-09-14,101020
2046-09-17,101020
2046-09-18,101020
2046-09-19,101020
2046-09-20,101020
2046-09-21,101020
2046-09-24,101020
2046-09-25,101020
2046-09-26,101020
2046-09-27,101020
2046-09-28,101020
2046-10-01,101020
2046-10-02,101020
2046-10-03,101020
2046-10-04,101020
2046-10-05,101020
2046-10-08,101020
2046-10-09,101020
2046-10-10,101020
2046-10-11,101020
2046-10-12,101020
2046-10-15,101020
2046-10-16,101020
2046-10-17,101020
2046-10-18,101020
2046-10-19,101020
2046-10-22,101020
2046-10-23,101020
2046-10-24,101020
2046-10-25,101020
2046-10-26,101020
2046-10-29,101020
2046-10-30,101020
2046-10-31,101020
2046-11-01,101020
2046-11-02,101020
2046-11-05,101020
2046-11-06,101020
2046-11-07,101020
2046-11-08,101020
2046-11-09,101020
2046-11-12,101020
2046-11-13,101020
2046-11-14,101020
2046-11-15,101020
2046-11-16,101020
2046-11-19,101020
2046-11-20,101020
2046-11-21,101020
2046-11-22,101020
2046-11-23,101020
2046-11-26,101020
2046-11-27,101020
2046-11-28,101020
2046-11-29,101020
2046-11-30,101020
2046-12-03,101020
2046-12-04,101020
2046-12-05,101020
2046-12-06,101020
2046-12-07,101020
2046-12-10,101020
2046-12-11,101020
2046-12-12,101020
2046-12-13,101020
2046-12-14,101020
2046-12-17,101020
2046-12-18,101020
2046-12-19,101020
2046-12-20,101020
2046-12-21,101020
2046-12-24,101020
2046-12-25,101020
2046-12-26,101020
2046-12-27,101020
2046-12-28,101020
2046-12-31,101020
2047-01-01,101020
2047-01-02,101020
2047-01-03,101020
2047-01-04,101020
2047-01-07,101020
2047-01-08,101020
2047-01-09,101020
2047-01-10,101020
2047-01-11,101020
2047-01-14,101020
2047-01-15,101020
2047-01-16,101020
2047-01-17,101020
2047-01-18,101020
2047-01-21,101020
2047-01-22,101020
2047-01-23,101020
2047-01-24,101020
2047-01-25,101020
2047-01-28,101020
2047-01-29,101020
2047-01-30,101020
2047-01-31,101020
2047-02-01,101020
2047-02-04,101020
2047-02-05,101020
2047-02-06,101020
2047-02-07,101020
2047-02-08,101020
2047-02-11,101020
2047-02-12,101020
2047-02-13,101020
2047-02-14,101020
2047-02-15,101020
2047-02-18,101020
2047-02-19,101020
2047-02-20,101252
2047-02-21,100686
2047-02-22,100817
2047-02-25,100454
2047-02-26,99946.5
2047-02-27,98815.5
2047-02-28,98177.5
2047-03-01,98293.5
2047-03-04,98569
2047-03-05,97090
2047-03-06,97090
2047-03-07,97090
2047-03-08,97090
2047-03-11,97090
2047-03-12,97090
2047-03-13,97090
2047-03-14,97090
2047-03-15,97090
2047-03-18,97090
2047-03-19,97090
2047-03-20,97090
2047-03-21,97090
2047-03-22,97090
2047-03-25,97090
2047-03-26,97090
2047-03-27,97090
2047-03-28,97090
2047-03-29,97090
2047-04-01,97090
2047-04-02,97090
2047-04-03,97090
2047-04-04,97090
2047-04-05,97090
2047-04-08,97090
2047-04-09,97090
2047-04-10,97090
2047-04-11,97090
2047-04-12,97090
2047-04-15,97090
2047-04-16,97090
2047-04-17,97090
2047-04-18,97090
2047-04-19,97090
2047-04-22,97090
2047-04-23,97090
2047-04-24,97090
2047-04-25,97090
2047-04-26,97090
2047-04-29,97090
2047-04-30,97090
2047-05-01,97090
2047-05-02,97090
2047-05-03,97090
2047-05-06,97090
2047-05-07,97090
2047-05-08,97090
2047-05-09,97090
2047-05-10,97090
2047-05-13,97090
2047-05-14,97090
2047-05-15,97090
2047-05-16,97090
2047-05-17,97090
2047-05-20,97090
2047-05-21,97090
2047-05-22,97090
2047-05-23,97090
2047-05-24,97090
2047-05-27,97090
2047-05-28,97090
2047-05-29,97090
2047-05-30,97090
2047-05-31,97090
2047-06-03,97090
2047-06-04,97090
2047-06-05,97090
2047-06-06,97090
2047-06-07,97090
2047-06-10,97090
2047-06-11,97090
2047-06-12,97090
2047-06-13,97090
2047-06-14,97090
2047-06-17,97090
2047-06-18,97090
2047-06-19,97090
2047-06-20,97090
2047-06-21,97090
2047-06-24,97090
2047-06-25,97090
2047-06-26,97090
2047-06-27,97090
2047-06-28,97090
2047-07-01,97090
2047-07-02,97090
2047-07-03,97090
2047-07-04,97090
2047-07-05,97090
2047-07-08,97090
2047-07-09,97090
2047-07-10,97090
2047-07-11,97090
2047-07-12,97090
2047-07-15,97090
2047-07-16,97090
2047-07-17,97090
2047-07-18,97090
2047-07-19,97090
2047-07-22,97090
2047-07-23,97090
2047-07-24,97090
2047-07-25,97090
2047-07-26,97090
2047-07-29,97090
2047-07-30,97090
2047-07-31,97090
2047-08-01,97090
2047-08-02,97090
2047-08-05,97029.4
2047-08-06,97135.4
2047-08-07,97150.6
2047-08-08,95742.5
2047-08-09,95227.8
2047-08-12,95621.4
2047-08-13,96545
2047-08-14,97302
2047-08-15,96802.3
2047-08-16,97362.5
2047-08-19,97513.9
2047-08-20,98013.5
2047-08-21,97271.7
2047-08-22,97211.1
2047-08-23,96650.9
2047-08-26,95182.4
2047-08-27,95091.5
2047-08-28,94788.7
2047-08-29,94637.3
2047-08-30,94637.3
2047-09-02,95015.8
2047-09-03,93940.9
2047-09-04,95651.7
2047-09-05,95969.6
2047-09-06,96878
2047-09-09,97105.1
2047-09-10,96348.1
2047-09-11,95636.6
2047-09-12,96711.5
2047-09-13,97498.8
2047-09-16,97241.4
2047-09-17,97786.4
2047-09-18,96984
2047-09-19,96984
2047-09-20,96984
2047-09-23,96984
2047-09-24,96984
2047-09-25,96984
2047-09-26,96984
2047-09-27,96984
2047-09-30,96984
2047-10-01,96223.5
2047-10-02,97501.2
2047-10-03,96831.9
2047-10-04,96634.2
2047-10-07,95888.9
2047-10-08,96786.3
2047-10-09,95858.5
2047-10-10,95873.7
2047-10-11,96466.9
2047-10-14,96466.9
2047-10-15,96466.9
2047-10-16,96466.9
2047-10-17,95777.9
2047-10-18,96540.2
2047-10-21,96012.4
2047-10-22,96056.4
2047-10-23,95660.6
2047-10-24,95132.8
2047-10-25,94898.3
2047-10-28,93622.8
2047-10-29,93725.5
2047-10-30,92420.7
2047-10-31,92611.3
2047-11-01,92303.4
2047-11-04,93285.7
2047-11-05,93534.9
2047-11-06,92640.6
2047-11-07,93065.8
2047-11-08,92757.9
2047-11-11,92406.1
2047-11-12,93285.7
2047-11-13,92054.2
2047-11-14,91966.3
2047-11-15,92699.3
2047-11-18,92801.9
2047-11-19,92801.9
2047-11-20,92801.9
2047-11-21,92801.9
2047-11-22,92801.9
2047-11-25,92801.9
2047-11-26,92801.9
2047-11-27,92801.9
2047-11-28,92801.9
2047-11-29,92801.9
2047-12-02,92801.9
2047-12-03,92801.9
2047-12-04,92801.9
2047-12-05,92801.9
2047-12-06,92801.9
2047-12-09,92801.9
2047-12-10,92801.9
2047-12-11,92801.9
2047-12-12,92801.9
2047-12-13,92801.9
2047-12-16,92801.9
2047-12-17,92801.9
2047-12-18,92801.9
2047-12-19,92801.9
2047-12-20,92801.9
2047-12-23,92801.9
2047-12-24,92801.9
2047-12-25,92801.9
2047-12-26,92801.9
2047-12-27,92801.9
2047-12-30,92801.9
2047-12-31,92801.9
2048-01-01,92801.9
2048-01-02,92801.9
2048-01-03,92801.9
2048-01-06,92801.9
2048-01-07,92801.9
2048-01-08,92801.9
2048-01-09,92801.9
2048-01-10,92801.9
2048-01-13,92801.9
2048-01-14,92801.9
2048-01-15,92801.9
2048-01-16,92801.9
2048-01-17,92801.9
2048-01-20,92801.9
2048-01-21,92801.9
2048-01-22,92801.9
2048-01-23,92801.9
2048-01-24,92801.9
2048-01-27,92801.9
2048-01-28,92801.9
2048-01-29,92801.9
2048-01-30,92801.9
2048-01-31,92772.4
2048-02-03,91918.1
2048-02-04,91476.2
2048-02-05,92124.3
2048-02-06,93258.5
2048-02-07,93612
2048-02-10,93229.1
2048-02-11,93523.7
2048-02-12,93744.6
2048-02-13,94392.7
2048-02-14,93346.9
2048-02-17,93332.2
2048-02-18,92949.2
2048-02-19,92345.3
2048-02-20,91667.7
2048-02-21,91726.6
2048-02-24,91785.5
2048-02-25,91446.7
2048-02-26,92404.2
2048-02-27,91682.4
2048-02-28,90872.3
2048-03-02,91270
2048-03-03,91284.7
2048-03-04,91270
2048-03-05,90798.6
2048-03-06,91152.1
2048-03-09,91152.1
2048-03-10,91152.1
2048-03-11,91152.1
2048-03-12,91152.1
2048-03-13,91152.1
2048-03-16,91152.1
2048-03-17,91152.1
2048-03-18,91152.1
2048-03-19,91152.1
2048-03-20,91152.1
2048-03-23,91152.1
2048-03-24,91152.1
2048-03-25,91152.1
2048-03-26,91152.1
2048-03-27,91152.1
2048-03-30,91152.1
2048-03-31,91152.1
2048-04-01,91152.1
2048-04-02,91152.1
2048-04-03,91152.1
2048-04-06,91152.1
2048-04-07,91152.1
2048-04-08,91152.1
2048-04-09,91152.1
2048-04-10,91152.1
2048-04-13,91152.1
2048-04-14,91152.1
2048-04-15,91152.1
2048-04-16,91152.1
2048-04-17,91152.1
2048-04-20,91152.1
2048-04-21,91152.1
2048-04-22,90722.5
2048-04-23,91209.4
2048-04-24,91338.3
2048-04-27,91524.4
2048-04-28,90822.8
2048-04-29,92455.2
2048-04-30,93472
